[   0.002][v][cplayer] mpv v0.41.0-1104-geb0ee1031 Copyright © 2000-2026 mpv/MPlayer/mplayer2 projects
[   0.002][v][cplayer]  built on Oct  7 2026 00:28:20
[   0.002][v][cplayer] libplacebo version: v7.374.0 (v7.360.0-152-g0d043c7-dirty)
[   0.002][v][cplayer] FFmpeg version: N-127231-gc0c7684d0
[   0.002][v][cplayer] FFmpeg library versions:
[   0.002][v][cplayer]    libavcodec      63.17.100
[   0.002][v][cplayer]    libavdevice     63.2.100
[   0.002][v][cplayer]    libavfilter     12.5.100
[   0.002][v][cplayer]    libavformat     63.8.100
[   0.002][v][cplayer]    libavutil       61.11.100
[   0.002][v][cplayer]    libswresample   7.3.101
[   0.002][v][cplayer]    libswscale      10.2.100
[   0.002][v][cplayer] Configuration: -Dprefix=/__w/mpv-winbuild-cmake/mpv-winbuild-cmake/build_x86_64/x86_64-w64-mingw32 -Dlibdir=/__w/mpv-winbuild-cmake/mpv-winbuild-cmake/build_x86_64/x86_64-w64-mingw32/lib -Ddefault_library=shared -Dprefer_static=true -Ddebug=true -Db_ndebug=true -Doptimization=3 -Db_lto=true -Db_lto_mode=thin -Dlibmpv=true -Dpdf-build=enabled -Dlua=enabled -Djavascript=enabled -Dsdl2-gamepad=enabled -Dlibarchive=enabled -Dlibbluray=enabled -Ddvdnav=enabled -Duchardet=enabled -Drubberband=enabled -Dlcms2=enabled -Dopenal=enabled -Dspirv-cross=enabled -Dvulkan=enabled -Dvapoursynth=enabled -Dsubrandr=enabled -Dsixel=enabled -Dgl=enabled -Degl-angle=enabled -Dlibcurl=enabled -Dc_args=-Wno-error=int-conversion --cross-file=/__w/mpv-winbuild-cmake/mpv-winbuild-cmake/build_x86_64/meson_cross.txt
[   0.002][v][cplayer] List of enabled features: amf build-date cplugins cuda-hwaccel cuda-interop d3d-hwaccel d3d11 d3d9-hwaccel debug direct3d dos-paths dvda dvdnav dxgi-debug-d3d11 egl-angle egl-angle-win32 ffmpeg ffnvcodec gl gl-dxinterop gl-dxinterop-d3d9 gl-win32 glob glob-win32 gpl iconv javascript jpeg lcms2 libarchive libass libavdevice libbluray libcurl libplacebo luajit openal rubberband rubberband-3 sdl2-gamepad shaderc sixel spirv-cross subrandr uchardet vaapi vaapi-win32 vapoursynth vector vk-khr-display vulkan wasapi win32 win32-desktop win32-executable win32-smtc win32-threads zimg zimg-st428 zlib
[   0.002][v][cplayer] Built with NDEBUG.
[   0.002][v][cplayer] Command line options: '--player-operation-mode=pseudo-gui' '--no-config' '--idle=yes' '--force-window=yes' '--keep-open=yes' '--loop-file=inf' '--audio=no' '--hwdec=auto' '--vo=gpu' '--gpu-api=d3d11' '--gpu-context=d3d11' '--profile=fast' '--interpolation=no' '--video-sync=audio' '--osc=no' '--osd-level=0' '--input-default-bindings=no' '--input-vo-keyboard=no' '--input-cursor=no' '--cursor-autohide=no' '--stop-screensaver=no' '--image-display-duration=inf' '--panscan=1' '--terminal=no' '--msg-level=all=warn' '--log-file=E:\ВсякоеРазное\Свалка\Обои\Wallsets\mpv.log' '--wid=2491788' '--input-ipc-server=wallsets-mpv-12660'
[   0.002][v][cplayer] mpv v0.41.0-1104-geb0ee1031 Copyright © 2000-2026 mpv/MPlayer/mplayer2 projects
[   0.002][v][cplayer]  built on Oct  7 2026 00:28:20
[   0.002][v][cplayer] libplacebo version: v7.374.0 (v7.360.0-152-g0d043c7-dirty)
[   0.002][v][cplayer] FFmpeg version: N-127231-gc0c7684d0
[   0.002][v][cplayer] FFmpeg library versions:
[   0.002][v][cplayer]    libavcodec      63.17.100
[   0.002][v][cplayer]    libavdevice     63.2.100
[   0.002][v][cplayer]    libavfilter     12.5.100
[   0.002][v][cplayer]    libavformat     63.8.100
[   0.002][v][cplayer]    libavutil       61.11.100
[   0.002][v][cplayer]    libswresample   7.3.101
[   0.002][v][cplayer]    libswscale      10.2.100
[   0.002][v][cplayer] Configuration: -Dprefix=/__w/mpv-winbuild-cmake/mpv-winbuild-cmake/build_x86_64/x86_64-w64-mingw32 -Dlibdir=/__w/mpv-winbuild-cmake/mpv-winbuild-cmake/build_x86_64/x86_64-w64-mingw32/lib -Ddefault_library=shared -Dprefer_static=true -Ddebug=true -Db_ndebug=true -Doptimization=3 -Db_lto=true -Db_lto_mode=thin -Dlibmpv=true -Dpdf-build=enabled -Dlua=enabled -Djavascript=enabled -Dsdl2-gamepad=enabled -Dlibarchive=enabled -Dlibbluray=enabled -Ddvdnav=enabled -Duchardet=enabled -Drubberband=enabled -Dlcms2=enabled -Dopenal=enabled -Dspirv-cross=enabled -Dvulkan=enabled -Dvapoursynth=enabled -Dsubrandr=enabled -Dsixel=enabled -Dgl=enabled -Degl-angle=enabled -Dlibcurl=enabled -Dc_args=-Wno-error=int-conversion --cross-file=/__w/mpv-winbuild-cmake/mpv-winbuild-cmake/build_x86_64/meson_cross.txt
[   0.002][v][cplayer] List of enabled features: amf build-date cplugins cuda-hwaccel cuda-interop d3d-hwaccel d3d11 d3d9-hwaccel debug direct3d dos-paths dvda dvdnav dxgi-debug-d3d11 egl-angle egl-angle-win32 ffmpeg ffnvcodec gl gl-dxinterop gl-dxinterop-d3d9 gl-win32 glob glob-win32 gpl iconv javascript jpeg lcms2 libarchive libass libavdevice libbluray libcurl libplacebo luajit openal rubberband rubberband-3 sdl2-gamepad shaderc sixel spirv-cross subrandr uchardet vaapi vaapi-win32 vapoursynth vector vk-khr-display vulkan wasapi win32 win32-desktop win32-executable win32-smtc win32-threads zimg zimg-st428 zlib
[   0.002][v][cplayer] Built with NDEBUG.
[   0.002][d][global] home path: '' -> '-'
[   0.002][d][global] user path: '~~home/' -> ''
[   0.002][d][global] user path: '~~old_home/' -> ''
[   0.002][v][cplayer] Setting option 'player-operation-mode' = 'pseudo-gui' (flags = 8)
[   0.002][v][cplayer] Setting option 'config' = 'no' (flags = 8)
[   0.002][v][cplayer] Setting option 'idle' = 'yes' (flags = 8)
[   0.002][v][cplayer] Setting option 'force-window' = 'yes' (flags = 8)
[   0.002][v][cplayer] Setting option 'keep-open' = 'yes' (flags = 8)
[   0.002][v][cplayer] Setting option 'loop-file' = 'inf' (flags = 8)
[   0.002][v][cplayer] Setting option 'audio' = 'no' (flags = 8)
[   0.002][v][cplayer] Setting option 'hwdec' = 'auto' (flags = 8)
[   0.002][v][cplayer] Setting option 'vo' = 'gpu' (flags = 8)
[   0.002][v][cplayer] Setting option 'gpu-api' = 'd3d11' (flags = 8)
[   0.002][v][cplayer] Setting option 'gpu-context' = 'd3d11' (flags = 8)
[   0.002][v][cplayer] Setting option 'profile' = 'fast' (flags = 8)
[   0.002][v][cplayer] Applying profile 'fast'...
[   0.002][v][cplayer] Setting option 'scale' = 'bilinear' (flags = 12)
[   0.002][v][cplayer] Setting option 'dscale' = 'bilinear' (flags = 12)
[   0.002][v][cplayer] Setting option 'dither' = 'no' (flags = 12)
[   0.002][v][cplayer] Setting option 'correct-downscaling' = 'no' (flags = 12)
[   0.002][v][cplayer] Setting option 'linear-downscaling' = 'no' (flags = 12)
[   0.002][v][cplayer] Setting option 'sigmoid-upscaling' = 'no' (flags = 12)
[   0.002][v][cplayer] Setting option 'hdr-compute-peak' = 'no' (flags = 12)
[   0.002][v][cplayer] Setting option 'allow-delayed-peak-detect' = 'yes' (flags = 12)
[   0.002][v][cplayer] Setting option 'interpolation' = 'no' (flags = 8)
[   0.002][v][cplayer] Setting option 'video-sync' = 'audio' (flags = 8)
[   0.002][v][cplayer] Setting option 'osc' = 'no' (flags = 8)
[   0.002][v][cplayer] Setting option 'osd-level' = '0' (flags = 8)
[   0.002][v][cplayer] Setting option 'input-default-bindings' = 'no' (flags = 8)
[   0.002][v][cplayer] Setting option 'input-vo-keyboard' = 'no' (flags = 8)
[   0.002][v][cplayer] Setting option 'input-cursor' = 'no' (flags = 8)
[   0.002][v][cplayer] Setting option 'cursor-autohide' = 'no' (flags = 8)
[   0.002][v][cplayer] Setting option 'stop-screensaver' = 'no' (flags = 8)
[   0.002][v][cplayer] Setting option 'image-display-duration' = 'inf' (flags = 8)
[   0.002][v][cplayer] Setting option 'panscan' = '1' (flags = 8)
[   0.002][v][cplayer] Setting option 'terminal' = 'no' (flags = 8)
[   0.002][v][cplayer] Setting option 'msg-level' = 'all=warn' (flags = 8)
[   0.002][v][cplayer] Setting option 'log-file' = 'E:\ВсякоеРазное\Свалка\Обои\Wallsets\mpv.log' (flags = 8)
[   0.002][v][cplayer] Setting option 'wid' = '2491788' (flags = 8)
[   0.002][v][cplayer] Setting option 'input-ipc-server' = 'wallsets-mpv-12660' (flags = 8)
[   0.002][v][cplayer] Applying profile 'builtin-pseudo-gui'...
[   0.002][v][cplayer] Setting option 'screenshot-dir' = '~~desktop/' (flags = 260)
[   0.002][v][cplayer] Applying profile 'pseudo-gui'...
[   0.002][v][cplayer] Setting option 'player-operation-mode' = 'pseudo-gui' (flags = 4)
[   0.003][d][ytdl_hook] Loading lua script @ytdl_hook.lua...
[   0.003][d][stats] Loading lua script @stats.lua...
[   0.003][d][console] Loading lua script @console.lua...
[   0.003][d][auto_profiles] Loading lua script @auto_profiles.lua...
[   0.004][d][select] Loading lua script @select.lua...
[   0.004][d][positioning] Loading lua script @positioning.lua...
[   0.004][d][commands] Loading lua script @commands.lua...
[   0.004][v][clipboard] Initialized win32 clipboard backend.
[   0.004][v][cplayer] Waiting for scripts...
[   0.004][d][select] loading mp.defaults
[   0.004][d][ytdl_hook] loading mp.defaults
[   0.004][d][commands] loading mp.defaults
[   0.004][d][stats] loading mp.defaults
[   0.004][d][positioning] loading mp.defaults
[   0.004][v][ipc] Starting IPC master
[   0.004][d][console] loading mp.defaults
[   0.004][d][auto_profiles] loading mp.defaults
[   0.005][d][auto_profiles] loading @auto_profiles.lua
[   0.005][d][ytdl_hook] loading @ytdl_hook.lua
[   0.005][d][console] loading @console.lua
[   0.005][d][commands] loading @commands.lua
[   0.005][d][select] loading @select.lua
[   0.005][d][positioning] loading @positioning.lua
[   0.005][v][ipc] Listening to IPC pipe.
[   0.005][d][positioning] reading options for positioning
[   0.005][d][positioning] script-opts/positioning.conf not found.
[   0.005][d][commands] reading options for commands
[   0.005][d][commands] script-opts/commands.conf not found.
[   0.005][d][cplayer] Run command: define-section, flags=64, args=[name="input_positioning", contents="", flags="default"]
[   0.005][d][cplayer] Run command: define-section, flags=64, args=[name="input_commands", contents="", flags="default"]
[   0.005][d][cplayer] Run command: enable-section, flags=64, args=[name="input_commands", flags="allow-hide-cursor+allow-vo-dragging"]
[   0.005][d][cplayer] Run command: define-section, flags=64, args=[name="input_forced_commands", contents="", flags="force"]
[   0.005][d][cplayer] Run command: enable-section, flags=64, args=[name="input_forced_commands", flags="allow-hide-cursor+allow-vo-dragging"]
[   0.005][d][cplayer] Run command: enable-section, flags=64, args=[name="input_positioning", flags="allow-hide-cursor+allow-vo-dragging"]
[   0.005][d][cplayer] Run command: define-section, flags=64, args=[name="input_forced_positioning", contents="", flags="force"]
[   0.005][d][cplayer] Run command: enable-section, flags=64, args=[name="input_forced_positioning", flags="allow-hide-cursor+allow-vo-dragging"]
[   0.005][d][stats] loading @stats.lua
[   0.005][d][ytdl_hook] reading options for ytdl_hook
[   0.005][d][ytdl_hook] script-opts/ytdl_hook.conf not found.
[   0.005][d][select] reading options for select
[   0.005][d][select] script-opts/select.conf not found.
[   0.006][d][cplayer] Run command: define-section, flags=64, args=[name="input_select", contents="", flags="default"]
[   0.006][d][cplayer] Run command: enable-section, flags=64, args=[name="input_select", flags="allow-hide-cursor+allow-vo-dragging"]
[   0.006][d][auto_profiles] Destroying client handle...
[   0.006][d][cplayer] Run command: define-section, flags=64, args=[name="input_forced_select", contents="", flags="force"]
[   0.006][d][cplayer] Run command: enable-section, flags=64, args=[name="input_forced_select", flags="allow-hide-cursor+allow-vo-dragging"]
[   0.006][d][console] reading options for console
[   0.006][d][console] script-opts/console.conf not found.
[   0.006][d][stats] reading options for stats
[   0.006][d][stats] script-opts/stats.conf not found.
[   0.006][d][cplayer] Run command: define-section, flags=64, args=[name="input_console", contents="", flags="default"]
[   0.006][d][cplayer] Run command: enable-section, flags=64, args=[name="input_console", flags="allow-hide-cursor+allow-vo-dragging"]
[   0.006][d][cplayer] Run command: define-section, flags=64, args=[name="input_forced_console", contents="", flags="force"]
[   0.006][d][cplayer] Run command: enable-section, flags=64, args=[name="input_forced_console", flags="allow-hide-cursor+allow-vo-dragging"]
[   0.007][v][cplayer] Done loading scripts.
[   0.007][v][vo/gpu/d3d11] Initializing GPU context 'd3d11'
[   0.015][v][ipc_0] Client connected
[   0.174][v][vo/gpu/d3d11] Using Direct3D 11 feature level 12_1
[   0.174][v][vo/gpu/d3d11] Device Name: NVIDIA GeForce RTX 4060 Laptop GPU
[   0.174][v][vo/gpu/d3d11] Device ID: 10de:28a0 (rev a1)
[   0.174][v][vo/gpu/d3d11] Subsystem ID: 1462:1411
[   0.174][v][vo/gpu/d3d11] LUID: 00000000000109ca
[   0.174][v][vo/gpu/d3d11] Initializing SPIR-V compiler 'shaderc'
[   0.174][v][vo/gpu/d3d11] Using Direct3D 11.1 runtime
[   0.175][v][vo/gpu/d3d11] Maximum Texture2D size: 16384x16384
[   0.175][v][vo/gpu/d3d11] D3DCompiler version: 10.0.26100.9457
[   0.182][v][vo/gpu/win32] DPI detected from the new API: 120
[   0.182][v][vo/gpu/win32] display-fps: 165.015000
[   0.185][v][vo/gpu/win32] color-profile: C:\WINDOWS\system32\spool\drivers\color\sRGB Color Space Profile.icm
[   0.190][v][vo/gpu/d3d11] Using DXGI 1.2+
[   0.190][v][vo/gpu/d3d11] Queried output: \\.\DISPLAY1, 1920x1200 @ 8 bits, colorspace: RGB_FULL_G22_NONE_P709 (0)
[   0.190][v][vo/gpu/d3d11] Selected swapchain format R8G8B8A8_UNORM (28), attempting to utilize it.
[   0.191][v][vo/gpu/d3d11] Selected swapchain color space RGB_FULL_G22_NONE_P709 (0), attempting to utilize it.
[   0.191][v][vo/gpu/d3d11] Swapchain capabilities for color space RGB_FULL_G22_NONE_P709 (0): normal: yes, overlay: yes
[   0.191][v][vo/gpu/d3d11] Swapchain successfully configured to color space RGB_FULL_G22_NONE_P709 (0)!
[   0.191][v][vo/gpu/d3d11] Using flip-model presentation
[   0.191][d][vo/gpu/d3d11] Texture formats:
[   0.191][d][vo/gpu/d3d11]   NAME       COMP*TYPE SIZE           DEPTH PER COMP.
[   0.191][d][vo/gpu/d3d11]   r8         1*unorm   1B    LF CR ST {8}
[   0.191][d][vo/gpu/d3d11]   rg8        2*unorm   2B    LF CR ST {8 8}
[   0.191][d][vo/gpu/d3d11]   rgba8      4*unorm   4B    LF CR ST {8 8 8 8}
[   0.191][d][vo/gpu/d3d11]   r16        1*unorm   2B    LF CR ST {16}
[   0.191][d][vo/gpu/d3d11]   rg16       2*unorm   4B    LF CR ST {16 16}
[   0.191][d][vo/gpu/d3d11]   rgba16     4*unorm   8B    LF CR ST {16 16 16 16}
[   0.191][d][vo/gpu/d3d11]   r32ui      1*uint    4B          ST {32}
[   0.191][d][vo/gpu/d3d11]   rg32ui     2*uint    8B          ST {32 32}
[   0.191][d][vo/gpu/d3d11]   rgb32ui    3*uint   12B             {32 32 32}
[   0.191][d][vo/gpu/d3d11]   rgba32ui   4*uint   16B          ST {32 32 32 32}
[   0.191][d][vo/gpu/d3d11]   r16hf      1*float   2B    LF CR ST {16}
[   0.191][d][vo/gpu/d3d11]   rg16hf     2*float   4B    LF CR ST {16 16}
[   0.191][d][vo/gpu/d3d11]   rgba16hf   4*float   8B    LF CR ST {16 16 16 16}
[   0.191][d][vo/gpu/d3d11]   r32f       1*float   4B    LF CR ST {32}
[   0.191][d][vo/gpu/d3d11]   rg32f      2*float   8B    LF CR ST {32 32}
[   0.191][d][vo/gpu/d3d11]   rgb32f     3*float  12B             {32 32 32}
[   0.191][d][vo/gpu/d3d11]   rgba32f    4*float  16B    LF CR ST {32 32 32 32}
[   0.191][d][vo/gpu/d3d11]   rgb10_a2   4*unorm   4B    LF CR ST {10 10 10 2}
[   0.191][d][vo/gpu/d3d11]   bgra8      4*unorm   4B    LF CR ST {8 8 8 8}
[   0.191][d][vo/gpu/d3d11]   bgrx8      3*unorm   4B    LF CR    {8 8 8}
[   0.191][d][vo/gpu/d3d11]  LA = LUMINANCE_ALPHA hack format
[   0.191][d][vo/gpu/d3d11]  LF = linear filterable
[   0.191][d][vo/gpu/d3d11]  CR = can be used for render targets
[   0.191][d][vo/gpu/d3d11]  ST = can be used for storable images
[   0.191][d][vo/gpu/d3d11] Image formats:
[   0.191][d][vo/gpu/d3d11]   yuv444p => 3 planes 1x1 8/0 [r8/r8/r8] (r/g/b) [unorm]
[   0.191][d][vo/gpu/d3d11]   yuv420p => 3 planes 2x2 8/0 [r8/r8/r8] (r/g/b) [unorm]
[   0.191][d][vo/gpu/d3d11]   gray => 1 planes 1x1 8/0 [r8] (r) [unorm]
[   0.191][d][vo/gpu/d3d11]   gray16 => 1 planes 1x1 16/0 [r16] (r) [unorm]
[   0.191][d][vo/gpu/d3d11]   uyvy422
[   0.191][d][vo/gpu/d3d11]   nv12 => 2 planes 2x2 8/0 [r8/rg8] (r/gb) [unorm]
[   0.191][d][vo/gpu/d3d11]   p010 => 2 planes 2x2 16/6 [r16/rg16] (r/gb) [unorm]
[   0.191][d][vo/gpu/d3d11]   argb => 1 planes 1x1 8/0 [rgba8] (argb) [unorm]
[   0.191][d][vo/gpu/d3d11]   bgra => 1 planes 1x1 8/0 [rgba8] (bgra) [unorm]
[   0.191][d][vo/gpu/d3d11]   abgr => 1 planes 1x1 8/0 [rgba8] (abgr) [unorm]
[   0.191][d][vo/gpu/d3d11]   rgba => 1 planes 1x1 8/0 [rgba8] (rgba) [unorm]
[   0.191][d][vo/gpu/d3d11]   bgr24
[   0.191][d][vo/gpu/d3d11]   rgb24
[   0.191][d][vo/gpu/d3d11]   x2rgb10
[   0.191][d][vo/gpu/d3d11]   x2bgr10 => 1 planes 1x1 10/0 [rgb10_a2] (rgb) [unknown]
[   0.191][d][vo/gpu/d3d11]   rgbaf16 => 1 planes 1x1 16/0 [rgba16hf] (rgba) [float]
[   0.191][d][vo/gpu/d3d11]   0rgb => 1 planes 1x1 8/0 [rgba8] (_rgb) [unorm]
[   0.191][d][vo/gpu/d3d11]   bgr0 => 1 planes 1x1 8/0 [rgba8] (bgr) [unorm]
[   0.191][d][vo/gpu/d3d11]   0bgr => 1 planes 1x1 8/0 [rgba8] (_bgr) [unorm]
[   0.191][d][vo/gpu/d3d11]   rgb0 => 1 planes 1x1 8/0 [rgba8] (rgb) [unorm]
[   0.191][d][vo/gpu/d3d11]   rgba64 => 1 planes 1x1 16/0 [rgba16] (rgba) [unorm]
[   0.191][d][vo/gpu/d3d11]   rgb565
[   0.191][d][vo/gpu/d3d11]   pal8
[   0.191][d][vo/gpu/d3d11]   vdpau
[   0.191][d][vo/gpu/d3d11]   d3d11
[   0.191][d][vo/gpu/d3d11]   dxva2_vld
[   0.191][d][vo/gpu/d3d11]   mmal
[   0.191][d][vo/gpu/d3d11]   mediacodec
[   0.191][d][vo/gpu/d3d11]   cuda
[   0.191][d][vo/gpu/d3d11]   yap8 => 2 planes 1x1 8/0 [r8/r8] (r/a) [unorm]
[   0.191][d][vo/gpu/d3d11]   yap16 => 2 planes 1x1 16/0 [r16/r16] (r/a) [unorm]
[   0.191][d][vo/gpu/d3d11]   grayaf32 => 2 planes 1x1 32/0 [r32f/r32f] (r/a) [float]
[   0.191][d][vo/gpu/d3d11]   yuv444pf => 3 planes 1x1 32/0 [r32f/r32f/r32f] (r/g/b) [float]
[   0.191][d][vo/gpu/d3d11]   yuva444pf => 4 planes 1x1 32/0 [r32f/r32f/r32f/r32f] (r/g/b/a) [float]
[   0.191][d][vo/gpu/d3d11]   yuv420pf => 3 planes 2x2 32/0 [r32f/r32f/r32f] (r/g/b) [float]
[   0.191][d][vo/gpu/d3d11]   yuva420pf => 4 planes 2x2 32/0 [r32f/r32f/r32f/r32f] (r/g/b/a) [float]
[   0.191][d][vo/gpu/d3d11]   yuv422pf => 3 planes 2x1 32/0 [r32f/r32f/r32f] (r/g/b) [float]
[   0.191][d][vo/gpu/d3d11]   yuva422pf => 4 planes 2x1 32/0 [r32f/r32f/r32f/r32f] (r/g/b/a) [float]
[   0.191][d][vo/gpu/d3d11]   yuv440pf => 3 planes 1x2 32/0 [r32f/r32f/r32f] (r/g/b) [float]
[   0.191][d][vo/gpu/d3d11]   yuva440pf => 4 planes 1x2 32/0 [r32f/r32f/r32f/r32f] (r/g/b/a) [float]
[   0.191][d][vo/gpu/d3d11]   yuv410pf => 3 planes 4x4 32/0 [r32f/r32f/r32f] (r/g/b) [float]
[   0.191][d][vo/gpu/d3d11]   yuva410pf => 4 planes 4x4 32/0 [r32f/r32f/r32f/r32f] (r/g/b/a) [float]
[   0.191][d][vo/gpu/d3d11]   yuv411pf => 3 planes 4x1 32/0 [r32f/r32f/r32f] (r/g/b) [float]
[   0.191][d][vo/gpu/d3d11]   yuva411pf => 4 planes 4x1 32/0 [r32f/r32f/r32f/r32f] (r/g/b/a) [float]
[   0.191][d][vo/gpu/d3d11]   y1 => 1 planes 1x1 8/-7 [r8] (r) [unorm]
[   0.191][d][vo/gpu/d3d11]   gbrp1 => 3 planes 1x1 8/-7 [r8/r8/r8] (g/b/r) [unorm]
[   0.191][d][vo/gpu/d3d11]   gbrp2 => 3 planes 1x1 8/-6 [r8/r8/r8] (g/b/r) [unorm]
[   0.191][d][vo/gpu/d3d11]   gbrp3 => 3 planes 1x1 8/-5 [r8/r8/r8] (g/b/r) [unorm]
[   0.191][d][vo/gpu/d3d11]   gbrp4 => 3 planes 1x1 8/-4 [r8/r8/r8] (g/b/r) [unorm]
[   0.191][d][vo/gpu/d3d11]   gbrp5 => 3 planes 1x1 8/-3 [r8/r8/r8] (g/b/r) [unorm]
[   0.191][d][vo/gpu/d3d11]   gbrp6 => 3 planes 1x1 8/-2 [r8/r8/r8] (g/b/r) [unorm]
[   0.191][d][vo/gpu/d3d11]   vdpau_output
[   0.191][d][vo/gpu/d3d11]   vaapi
[   0.191][d][vo/gpu/d3d11]   videotoolbox
[   0.191][d][vo/gpu/d3d11]   vulkan
[   0.191][d][vo/gpu/d3d11]   drm_prime
[   0.191][d][vo/gpu/d3d11]   yuyv422
[   0.191][d][vo/gpu/d3d11]   yuv422p => 3 planes 2x1 8/0 [r8/r8/r8] (r/g/b) [unorm]
[   0.191][d][vo/gpu/d3d11]   yuv410p => 3 planes 4x4 8/0 [r8/r8/r8] (r/g/b) [unorm]
[   0.191][d][vo/gpu/d3d11]   yuv411p => 3 planes 4x1 8/0 [r8/r8/r8] (r/g/b) [unorm]
[   0.191][d][vo/gpu/d3d11]   monow
[   0.191][d][vo/gpu/d3d11]   monob
[   0.191][d][vo/gpu/d3d11]   yuvj422p => 3 planes 2x1 8/0 [r8/r8/r8] (r/g/b) [unorm]
[   0.191][d][vo/gpu/d3d11]   uyyvyy411
[   0.191][d][vo/gpu/d3d11]   bgr8
[   0.191][d][vo/gpu/d3d11]   bgr4
[   0.191][d][vo/gpu/d3d11]   bgr4_byte
[   0.191][d][vo/gpu/d3d11]   rgb8
[   0.191][d][vo/gpu/d3d11]   rgb4
[   0.191][d][vo/gpu/d3d11]   rgb4_byte
[   0.191][d][vo/gpu/d3d11]   nv21 => 2 planes 2x2 8/0 [r8/rg8] (r/bg) [unorm]
[   0.191][d][vo/gpu/d3d11]   gray16be
[   0.191][d][vo/gpu/d3d11]   yuv440p => 3 planes 1x2 8/0 [r8/r8/r8] (r/g/b) [unorm]
[   0.191][d][vo/gpu/d3d11]   yuvj440p => 3 planes 1x2 8/0 [r8/r8/r8] (r/g/b) [unorm]
[   0.191][d][vo/gpu/d3d11]   yuva420p => 4 planes 2x2 8/0 [r8/r8/r8/r8] (r/g/b/a) [unorm]
[   0.191][d][vo/gpu/d3d11]   rgb48be
[   0.191][d][vo/gpu/d3d11]   rgb48
[   0.191][d][vo/gpu/d3d11]   rgb565be
[   0.191][d][vo/gpu/d3d11]   rgb555be
[   0.191][d][vo/gpu/d3d11]   rgb555
[   0.191][d][vo/gpu/d3d11]   bgr565be
[   0.191][d][vo/gpu/d3d11]   bgr565
[   0.191][d][vo/gpu/d3d11]   bgr555be
[   0.191][d][vo/gpu/d3d11]   bgr555
[   0.191][d][vo/gpu/d3d11]   yuv420p16 => 3 planes 2x2 16/0 [r16/r16/r16] (r/g/b) [unorm]
[   0.191][d][vo/gpu/d3d11]   yuv420p16be
[   0.191][d][vo/gpu/d3d11]   yuv422p16 => 3 planes 2x1 16/0 [r16/r16/r16] (r/g/b) [unorm]
[   0.191][d][vo/gpu/d3d11]   yuv422p16be
[   0.191][d][vo/gpu/d3d11]   yuv444p16 => 3 planes 1x1 16/0 [r16/r16/r16] (r/g/b) [unorm]
[   0.191][d][vo/gpu/d3d11]   yuv444p16be
[   0.191][d][vo/gpu/d3d11]   rgb444
[   0.191][d][vo/gpu/d3d11]   rgb444be
[   0.191][d][vo/gpu/d3d11]   bgr444
[   0.191][d][vo/gpu/d3d11]   bgr444be
[   0.191][d][vo/gpu/d3d11]   ya8 => 1 planes 1x1 8/0 [rg8] (ra) [unorm]
[   0.191][d][vo/gpu/d3d11]   bgr48be
[   0.191][d][vo/gpu/d3d11]   bgr48
[   0.191][d][vo/gpu/d3d11]   yuv420p9be
[   0.191][d][vo/gpu/d3d11]   yuv420p9 => 3 planes 2x2 16/-7 [r16/r16/r16] (r/g/b) [unorm]
[   0.191][d][vo/gpu/d3d11]   yuv420p10be
[   0.191][d][vo/gpu/d3d11]   yuv420p10 => 3 planes 2x2 16/-6 [r16/r16/r16] (r/g/b) [unorm]
[   0.191][d][vo/gpu/d3d11]   yuv422p10be
[   0.191][d][vo/gpu/d3d11]   yuv422p10 => 3 planes 2x1 16/-6 [r16/r16/r16] (r/g/b) [unorm]
[   0.191][d][vo/gpu/d3d11]   yuv444p9be
[   0.191][d][vo/gpu/d3d11]   yuv444p9 => 3 planes 1x1 16/-7 [r16/r16/r16] (r/g/b) [unorm]
[   0.191][d][vo/gpu/d3d11]   yuv444p10be
[   0.191][d][vo/gpu/d3d11]   yuv444p10 => 3 planes 1x1 16/-6 [r16/r16/r16] (r/g/b) [unorm]
[   0.191][d][vo/gpu/d3d11]   yuv422p9be
[   0.191][d][vo/gpu/d3d11]   yuv422p9 => 3 planes 2x1 16/-7 [r16/r16/r16] (r/g/b) [unorm]
[   0.191][d][vo/gpu/d3d11]   gbrp => 3 planes 1x1 8/0 [r8/r8/r8] (g/b/r) [unorm]
[   0.191][d][vo/gpu/d3d11]   gbrp9be
[   0.191][d][vo/gpu/d3d11]   gbrp9 => 3 planes 1x1 16/-7 [r16/r16/r16] (g/b/r) [unorm]
[   0.191][d][vo/gpu/d3d11]   gbrp10be
[   0.191][d][vo/gpu/d3d11]   gbrp10 => 3 planes 1x1 16/-6 [r16/r16/r16] (g/b/r) [unorm]
[   0.191][d][vo/gpu/d3d11]   gbrp16be
[   0.191][d][vo/gpu/d3d11]   gbrp16 => 3 planes 1x1 16/0 [r16/r16/r16] (g/b/r) [unorm]
[   0.191][d][vo/gpu/d3d11]   yuva422p => 4 planes 2x1 8/0 [r8/r8/r8/r8] (r/g/b/a) [unorm]
[   0.191][d][vo/gpu/d3d11]   yuva444p => 4 planes 1x1 8/0 [r8/r8/r8/r8] (r/g/b/a) [unorm]
[   0.191][d][vo/gpu/d3d11]   yuva420p9be
[   0.191][d][vo/gpu/d3d11]   yuva420p9 => 4 planes 2x2 16/-7 [r16/r16/r16/r16] (r/g/b/a) [unorm]
[   0.191][d][vo/gpu/d3d11]   yuva422p9be
[   0.191][d][vo/gpu/d3d11]   yuva422p9 => 4 planes 2x1 16/-7 [r16/r16/r16/r16] (r/g/b/a) [unorm]
[   0.191][d][vo/gpu/d3d11]   yuva444p9be
[   0.191][d][vo/gpu/d3d11]   yuva444p9 => 4 planes 1x1 16/-7 [r16/r16/r16/r16] (r/g/b/a) [unorm]
[   0.191][d][vo/gpu/d3d11]   yuva420p10be
[   0.191][d][vo/gpu/d3d11]   yuva420p10 => 4 planes 2x2 16/-6 [r16/r16/r16/r16] (r/g/b/a) [unorm]
[   0.191][d][vo/gpu/d3d11]   yuva422p10be
[   0.191][d][vo/gpu/d3d11]   yuva422p10 => 4 planes 2x1 16/-6 [r16/r16/r16/r16] (r/g/b/a) [unorm]
[   0.191][d][vo/gpu/d3d11]   yuva444p10be
[   0.191][d][vo/gpu/d3d11]   yuva444p10 => 4 planes 1x1 16/-6 [r16/r16/r16/r16] (r/g/b/a) [unorm]
[   0.191][d][vo/gpu/d3d11]   yuva420p16be
[   0.191][d][vo/gpu/d3d11]   yuva420p16 => 4 planes 2x2 16/0 [r16/r16/r16/r16] (r/g/b/a) [unorm]
[   0.191][d][vo/gpu/d3d11]   yuva422p16be
[   0.191][d][vo/gpu/d3d11]   yuva422p16 => 4 planes 2x1 16/0 [r16/r16/r16/r16] (r/g/b/a) [unorm]
[   0.191][d][vo/gpu/d3d11]   yuva444p16be
[   0.191][d][vo/gpu/d3d11]   yuva444p16 => 4 planes 1x1 16/0 [r16/r16/r16/r16] (r/g/b/a) [unorm]
[   0.191][d][vo/gpu/d3d11]   xyz12
[   0.191][d][vo/gpu/d3d11]   xyz12be
[   0.191][d][vo/gpu/d3d11]   nv16 => 2 planes 2x1 8/0 [r8/rg8] (r/gb) [unorm]
[   0.191][d][vo/gpu/d3d11]   nv20 => 2 planes 2x1 16/-6 [r16/rg16] (r/gb) [unorm]
[   0.191][d][vo/gpu/d3d11]   nv20be
[   0.191][d][vo/gpu/d3d11]   rgba64be
[   0.191][d][vo/gpu/d3d11]   bgra64be
[   0.191][d][vo/gpu/d3d11]   bgra64 => 1 planes 1x1 16/0 [rgba16] (bgra) [unorm]
[   0.191][d][vo/gpu/d3d11]   yvyu422
[   0.191][d][vo/gpu/d3d11]   ya16be
[   0.191][d][vo/gpu/d3d11]   ya16 => 1 planes 1x1 16/0 [rg16] (ra) [unorm]
[   0.191][d][vo/gpu/d3d11]   gbrap => 4 planes 1x1 8/0 [r8/r8/r8/r8] (g/b/r/a) [unorm]
[   0.191][d][vo/gpu/d3d11]   gbrap16be
[   0.191][d][vo/gpu/d3d11]   gbrap16 => 4 planes 1x1 16/0 [r16/r16/r16/r16] (g/b/r/a) [unorm]
[   0.191][d][vo/gpu/d3d11]   qsv
[   0.191][d][vo/gpu/d3d11]   d3d11va_vld
[   0.191][d][vo/gpu/d3d11]   yuv420p12be
[   0.191][d][vo/gpu/d3d11]   yuv420p12 => 3 planes 2x2 16/-4 [r16/r16/r16] (r/g/b) [unorm]
[   0.191][d][vo/gpu/d3d11]   yuv420p14be
[   0.191][d][vo/gpu/d3d11]   yuv420p14 => 3 planes 2x2 16/-2 [r16/r16/r16] (r/g/b) [unorm]
[   0.191][d][vo/gpu/d3d11]   yuv422p12be
[   0.191][d][vo/gpu/d3d11]   yuv422p12 => 3 planes 2x1 16/-4 [r16/r16/r16] (r/g/b) [unorm]
[   0.191][d][vo/gpu/d3d11]   yuv422p14be
[   0.191][d][vo/gpu/d3d11]   yuv422p14 => 3 planes 2x1 16/-2 [r16/r16/r16] (r/g/b) [unorm]
[   0.191][d][vo/gpu/d3d11]   yuv444p12be
[   0.191][d][vo/gpu/d3d11]   yuv444p12 => 3 planes 1x1 16/-4 [r16/r16/r16] (r/g/b) [unorm]
[   0.191][d][vo/gpu/d3d11]   yuv444p14be
[   0.191][d][vo/gpu/d3d11]   yuv444p14 => 3 planes 1x1 16/-2 [r16/r16/r16] (r/g/b) [unorm]
[   0.191][d][vo/gpu/d3d11]   gbrp12be
[   0.191][d][vo/gpu/d3d11]   gbrp12 => 3 planes 1x1 16/-4 [r16/r16/r16] (g/b/r) [unorm]
[   0.191][d][vo/gpu/d3d11]   gbrp14be
[   0.191][d][vo/gpu/d3d11]   gbrp14 => 3 planes 1x1 16/-2 [r16/r16/r16] (g/b/r) [unorm]
[   0.191][d][vo/gpu/d3d11]   yuvj411p => 3 planes 4x1 8/0 [r8/r8/r8] (r/g/b) [unorm]
[   0.191][d][vo/gpu/d3d11]   bayer_bggr8
[   0.191][d][vo/gpu/d3d11]   bayer_rggb8
[   0.191][d][vo/gpu/d3d11]   bayer_gbrg8
[   0.191][d][vo/gpu/d3d11]   bayer_grbg8
[   0.191][d][vo/gpu/d3d11]   bayer_bggr16
[   0.191][d][vo/gpu/d3d11]   bayer_bggr16be
[   0.191][d][vo/gpu/d3d11]   bayer_rggb16
[   0.192][d][vo/gpu/d3d11]   bayer_rggb16be
[   0.192][d][vo/gpu/d3d11]   bayer_gbrg16
[   0.192][d][vo/gpu/d3d11]   bayer_gbrg16be
[   0.192][d][vo/gpu/d3d11]   bayer_grbg16
[   0.192][d][vo/gpu/d3d11]   bayer_grbg16be
[   0.192][d][vo/gpu/d3d11]   yuv440p10 => 3 planes 1x2 16/-6 [r16/r16/r16] (r/g/b) [unorm]
[   0.192][d][vo/gpu/d3d11]   yuv440p10be
[   0.192][d][vo/gpu/d3d11]   yuv440p12 => 3 planes 1x2 16/-4 [r16/r16/r16] (r/g/b) [unorm]
[   0.192][d][vo/gpu/d3d11]   yuv440p12be
[   0.192][d][vo/gpu/d3d11]   ayuv64 => 1 planes 1x1 16/0 [rgba16] (argb) [unorm]
[   0.192][d][vo/gpu/d3d11]   ayuv64be
[   0.192][d][vo/gpu/d3d11]   p010be
[   0.192][d][vo/gpu/d3d11]   gbrap12be
[   0.192][d][vo/gpu/d3d11]   gbrap12 => 4 planes 1x1 16/-4 [r16/r16/r16/r16] (g/b/r/a) [unorm]
[   0.192][d][vo/gpu/d3d11]   gbrap10be
[   0.192][d][vo/gpu/d3d11]   gbrap10 => 4 planes 1x1 16/-6 [r16/r16/r16/r16] (g/b/r/a) [unorm]
[   0.192][d][vo/gpu/d3d11]   gray12be
[   0.192][d][vo/gpu/d3d11]   gray12 => 1 planes 1x1 16/-4 [r16] (r) [unorm]
[   0.192][d][vo/gpu/d3d11]   gray10be
[   0.192][d][vo/gpu/d3d11]   gray10 => 1 planes 1x1 16/-6 [r16] (r) [unorm]
[   0.192][d][vo/gpu/d3d11]   p016 => 2 planes 2x2 16/0 [r16/rg16] (r/gb) [unorm]
[   0.192][d][vo/gpu/d3d11]   p016be
[   0.192][d][vo/gpu/d3d11]   gray9be
[   0.192][d][vo/gpu/d3d11]   gray9 => 1 planes 1x1 16/-7 [r16] (r) [unorm]
[   0.192][d][vo/gpu/d3d11]   gbrpf32be
[   0.192][d][vo/gpu/d3d11]   gbrpf32 => 3 planes 1x1 32/0 [r32f/r32f/r32f] (g/b/r) [float]
[   0.192][d][vo/gpu/d3d11]   gbrapf32be
[   0.192][d][vo/gpu/d3d11]   gbrapf32 => 4 planes 1x1 32/0 [r32f/r32f/r32f/r32f] (g/b/r/a) [float]
[   0.192][d][vo/gpu/d3d11]   opencl
[   0.192][d][vo/gpu/d3d11]   gray14be
[   0.192][d][vo/gpu/d3d11]   gray14 => 1 planes 1x1 16/-2 [r16] (r) [unorm]
[   0.192][d][vo/gpu/d3d11]   grayf32be
[   0.192][d][vo/gpu/d3d11]   grayf32 => 1 planes 1x1 32/0 [r32f] (r) [float]
[   0.192][d][vo/gpu/d3d11]   yuva422p12be
[   0.192][d][vo/gpu/d3d11]   yuva422p12 => 4 planes 2x1 16/-4 [r16/r16/r16/r16] (r/g/b/a) [unorm]
[   0.192][d][vo/gpu/d3d11]   yuva444p12be
[   0.192][d][vo/gpu/d3d11]   yuva444p12 => 4 planes 1x1 16/-4 [r16/r16/r16/r16] (r/g/b/a) [unorm]
[   0.192][d][vo/gpu/d3d11]   nv24 => 2 planes 1x1 8/0 [r8/rg8] (r/gb) [unorm]
[   0.192][d][vo/gpu/d3d11]   nv42 => 2 planes 1x1 8/0 [r8/rg8] (r/bg) [unorm]
[   0.192][d][vo/gpu/d3d11]   y210be
[   0.192][d][vo/gpu/d3d11]   y210
[   0.192][d][vo/gpu/d3d11]   x2rgb10be
[   0.192][d][vo/gpu/d3d11]   x2bgr10be
[   0.192][d][vo/gpu/d3d11]   p210be
[   0.192][d][vo/gpu/d3d11]   p210 => 2 planes 2x1 16/6 [r16/rg16] (r/gb) [unorm]
[   0.192][d][vo/gpu/d3d11]   p410be
[   0.192][d][vo/gpu/d3d11]   p410 => 2 planes 1x1 16/6 [r16/rg16] (r/gb) [unorm]
[   0.192][d][vo/gpu/d3d11]   p216be
[   0.192][d][vo/gpu/d3d11]   p216 => 2 planes 2x1 16/0 [r16/rg16] (r/gb) [unorm]
[   0.192][d][vo/gpu/d3d11]   p416be
[   0.192][d][vo/gpu/d3d11]   p416 => 2 planes 1x1 16/0 [r16/rg16] (r/gb) [unorm]
[   0.192][d][vo/gpu/d3d11]   vuya => 1 planes 1x1 8/0 [rgba8] (bgra) [unorm]
[   0.192][d][vo/gpu/d3d11]   rgbaf16be
[   0.192][d][vo/gpu/d3d11]   vuyx => 1 planes 1x1 8/0 [rgba8] (bgr) [unorm]
[   0.192][d][vo/gpu/d3d11]   p012 => 2 planes 2x2 16/4 [r16/rg16] (r/gb) [unorm]
[   0.192][d][vo/gpu/d3d11]   p012be
[   0.192][d][vo/gpu/d3d11]   y212be
[   0.192][d][vo/gpu/d3d11]   y212
[   0.192][d][vo/gpu/d3d11]   xv30be
[   0.192][d][vo/gpu/d3d11]   xv30
[   0.192][d][vo/gpu/d3d11]   xv36be
[   0.192][d][vo/gpu/d3d11]   xv36 => 1 planes 1x1 16/4 [rgba16] (grb) [unorm]
[   0.192][d][vo/gpu/d3d11]   rgbf32be
[   0.192][d][vo/gpu/d3d11]   rgbf32
[   0.192][d][vo/gpu/d3d11]   rgbaf32be
[   0.192][d][vo/gpu/d3d11]   rgbaf32
[   0.192][d][vo/gpu/d3d11]   p212be
[   0.192][d][vo/gpu/d3d11]   p212 => 2 planes 2x1 16/4 [r16/rg16] (r/gb) [unorm]
[   0.192][d][vo/gpu/d3d11]   p412be
[   0.192][d][vo/gpu/d3d11]   p412 => 2 planes 1x1 16/4 [r16/rg16] (r/gb) [unorm]
[   0.192][d][vo/gpu/d3d11]   gbrap14be
[   0.192][d][vo/gpu/d3d11]   gbrap14 => 4 planes 1x1 16/-2 [r16/r16/r16/r16] (g/b/r/a) [unorm]
[   0.192][d][vo/gpu/d3d11]   d3d12
[   0.192][d][vo/gpu/d3d11]   ayuv => 1 planes 1x1 8/0 [rgba8] (argb) [unorm]
[   0.192][d][vo/gpu/d3d11]   uyva => 1 planes 1x1 8/0 [rgba8] (grba) [unorm]
[   0.192][d][vo/gpu/d3d11]   vyu444
[   0.192][d][vo/gpu/d3d11]   v30xbe
[   0.192][d][vo/gpu/d3d11]   v30x
[   0.192][d][vo/gpu/d3d11]   rgbf16be
[   0.192][d][vo/gpu/d3d11]   rgbf16
[   0.192][d][vo/gpu/d3d11]   rgba128be
[   0.192][d][vo/gpu/d3d11]   rgba128
[   0.192][d][vo/gpu/d3d11]   rgb96be
[   0.192][d][vo/gpu/d3d11]   rgb96
[   0.192][d][vo/gpu/d3d11]   y216be
[   0.192][d][vo/gpu/d3d11]   y216
[   0.192][d][vo/gpu/d3d11]   xv48be
[   0.192][d][vo/gpu/d3d11]   xv48 => 1 planes 1x1 16/0 [rgba16] (grb) [unorm]
[   0.192][d][vo/gpu/d3d11]   gbrpf16be
[   0.192][d][vo/gpu/d3d11]   gbrpf16 => 3 planes 1x1 16/0 [r16hf/r16hf/r16hf] (g/b/r) [float]
[   0.192][d][vo/gpu/d3d11]   gbrapf16be
[   0.192][d][vo/gpu/d3d11]   gbrapf16 => 4 planes 1x1 16/0 [r16hf/r16hf/r16hf/r16hf] (g/b/r/a) [float]
[   0.192][d][vo/gpu/d3d11]   grayf16be
[   0.192][d][vo/gpu/d3d11]   grayf16 => 1 planes 1x1 16/0 [r16hf] (r) [float]
[   0.192][d][vo/gpu/d3d11]   amf
[   0.192][d][vo/gpu/d3d11]   gray32be
[   0.192][d][vo/gpu/d3d11]   gray32 => 1 planes 1x1 32/0 [r32ui] (r) [uint ]
[   0.192][d][vo/gpu/d3d11]   yaf32be
[   0.192][d][vo/gpu/d3d11]   yaf32 => 1 planes 1x1 32/0 [rg32f] (ra) [float]
[   0.192][d][vo/gpu/d3d11]   yaf16be
[   0.192][d][vo/gpu/d3d11]   yaf16 => 1 planes 1x1 16/0 [rg16hf] (ra) [float]
[   0.192][d][vo/gpu/d3d11]   gbrap32be
[   0.192][d][vo/gpu/d3d11]   gbrap32 => 4 planes 1x1 32/0 [r32ui/r32ui/r32ui/r32ui] (g/b/r/a) [uint ]
[   0.192][d][vo/gpu/d3d11]   yuv444p10msbbe
[   0.192][d][vo/gpu/d3d11]   yuv444p10msb => 3 planes 1x1 16/6 [r16/r16/r16] (r/g/b) [unorm]
[   0.192][d][vo/gpu/d3d11]   yuv444p12msbbe
[   0.192][d][vo/gpu/d3d11]   yuv444p12msb => 3 planes 1x1 16/4 [r16/r16/r16] (r/g/b) [unorm]
[   0.192][d][vo/gpu/d3d11]   gbrp10msbbe
[   0.192][d][vo/gpu/d3d11]   gbrp10msb => 3 planes 1x1 16/6 [r16/r16/r16] (g/b/r) [unorm]
[   0.192][d][vo/gpu/d3d11]   gbrp12msbbe
[   0.192][d][vo/gpu/d3d11]   gbrp12msb => 3 planes 1x1 16/4 [r16/r16/r16] (g/b/r) [unorm]
[   0.192][d][vo/gpu/d3d11]   ohcodec
[   0.192][d][vo/gpu/d3d11]   cuarray
[   0.192][d][vo/gpu/d3d11]   xyzp12 => 3 planes 1x1 16/4 [r16/r16/r16] (r/g/b) [unorm]
[   0.192][d][vo/gpu/d3d11]   xyzp12be
[   0.192][v][vo/gpu] Testing FBO format rgba16hf
[   0.192][d][vo/gpu] Resizing texture: 16x16
[   0.192][v][vo/gpu] Using FBO format rgba16hf.
[   0.192][v][vo/gpu] No advanced processing required. Enabling dumb mode.
[   0.192][v][vo/gpu] Resize: 1920x1200
[   0.193][v][vo/gpu] Reported display depth: 8
[   0.193][v][vo/gpu] Assuming 165.015000 FPS for display sync.
[   0.193][v][vo/gpu] reconfig to 960x540 rgba rgb/bt.709/srgb/full/display CL=mpeg1/jpeg
[   0.193][d][vo/gpu] max content size: 1920x1140
[   0.193][d][vo/gpu] monitor size: 1920x1200
[   0.194][v][vo/gpu] Resize: 1920x1200
[   0.194][v][vo/gpu] Window size: 1920x1200 (Borders: l=0 t=0 r=0 b=0)
[   0.194][v][vo/gpu] Video source: 960x540 (1:1)
[   0.194][v][vo/gpu] Video display: (47, 0) 865x540 -> (0, 0) 1920x1200
[   0.194][v][vo/gpu] Video scale: 2.219653/2.222222
[   0.194][v][vo/gpu] OSD borders: l=-106 t=0 r=-107 b=0
[   0.194][v][vo/gpu] Video borders: l=0 t=0 r=0 b=0
[   0.194][v][vo/gpu] Reported display depth: 8
[   0.194][v][vo/gpu] Texture for plane 0: 960x540
[   0.194][v][vo/gpu] Testing FBO format rgba16hf
[   0.194][d][vo/gpu] Resizing texture: 16x16
[   0.194][v][vo/gpu] Using FBO format rgba16hf.
[   0.194][v][vo/gpu] No advanced processing required. Enabling dumb mode.
[   0.195][v][vo/gpu] Resize: 1920x1200
[   0.195][v][vo/gpu] Window size: 1920x1200 (Borders: l=0 t=0 r=0 b=0)
[   0.195][v][vo/gpu] Video source: 960x540 (1:1)
[   0.195][v][vo/gpu] Video display: (47, 0) 865x540 -> (0, 0) 1920x1200
[   0.195][v][vo/gpu] Video scale: 2.219653/2.222222
[   0.195][v][vo/gpu] OSD borders: l=-106 t=0 r=-107 b=0
[   0.195][v][vo/gpu] Video borders: l=0 t=0 r=0 b=0
[   0.195][v][vo/gpu] Reported display depth: 8
[   0.197][d][cplayer] Run command: define-section, flags=64, args=[name="input_stats", contents="", flags="default"]
[   0.197][d][cplayer] Run command: enable-section, flags=64, args=[name="input_stats", flags="allow-hide-cursor+allow-vo-dragging"]
[   0.197][d][cplayer] Run command: define-section, flags=64, args=[name="input_forced_stats", contents="", flags="force"]
[   0.197][d][osd/libass] ASS library version: 0x1705000 (runtime 0x1705000)
[   0.197][v][osd/libass] libass API version: 0x1705000
[   0.197][v][osd/libass] libass source: meson, commit: 0.17.5-11-gf61db567e6593df3470e91594bcd4ad2d0473aff
[   0.197][v][osd/libass] Shaper: FriBidi 1.0.17 (SIMPLE) HarfBuzz-ng 14.6.0 (COMPLEX)
[   0.197][v][osd/libass] Setting up fonts...
[   0.198][v][osd/libass] Using font provider directwrite (with GDI)
[   0.198][v][osd/libass] Done.
[   0.198][d][cplayer] Run command: enable-section, flags=64, args=[name="input_forced_stats", flags="allow-hide-cursor+allow-vo-dragging"]
[   0.198][d][global] user path: '~~/menu.conf' -> 'menu.conf'
[   0.199][v][ipc_0] Client disconnected
[   0.199][d][ipc_0] Destroying client handle...
[   0.200][v][ipc_1] Client connected
[   0.201][v][cplayer] Set property: pause=true -> 1
[   0.201][v][ipc_1] Client disconnected
[   0.201][d][ipc_1] Destroying client handle...
[   0.201][v][ipc_2] Client connected
[   0.201][d][cplayer] Run command: loadfile, flags=64, args=[url="E:\\ВсякоеРазное\\Свалка\\Обои\\Wallsets\\Наборы\\Второй набор\\783436035 — Gandalf Sax Guy.mp4", flags="replace", index="-1", options=""]
[   0.201][v][cplayer] Running hook: auto_profiles/on_before_start_file
[   0.201][v][cplayer] Failed sending hook command auto_profiles/on_before_start_file. Removing hook.
[   0.201][d][global] state path: 'watch_later' -> '-'
[   0.201][v][cplayer] Running hook: auto_profiles/on_load
[   0.201][v][cplayer] Failed sending hook command auto_profiles/on_load. Removing hook.
[   0.201][v][cplayer] Running hook: ytdl_hook/on_load
[   0.201][v][ipc_2] Client disconnected
[   0.202][d][ipc_2] Destroying client handle...
[   0.202][d][ao/wasapi] Hotplug init
[   0.203][d][ao/wasapi] Monitoring for hotplug events
[   0.206][v][cplayer] Running hook: ytdl_hook/on_load
[   0.206][v][ytdl_hook] playlist hook
[   0.207][v][ifo_dvda] Opening E:\ВсякоеРазное\Свалка\Обои\Wallsets\Наборы\Второй набор\783436035 — Gandalf Sax Guy.mp4
[   0.207][v][ifo_dvdnav] Opening E:\ВсякоеРазное\Свалка\Обои\Wallsets\Наборы\Второй набор\783436035 — Gandalf Sax Guy.mp4
[   0.207][v][bdmv/bluray] Opening E:\ВсякоеРазное\Свалка\Обои\Wallsets\Наборы\Второй набор\783436035 — Gandalf Sax Guy.mp4
[   0.207][v][file] Opening E:\ВсякоеРазное\Свалка\Обои\Wallsets\Наборы\Второй набор\783436035 — Gandalf Sax Guy.mp4
[   0.215][d][file] resize stream to 131072 bytes, drop 0 bytes
[   0.215][d][file] Stream opened successfully.
[   0.215][v][demux] Trying demuxers for level=normal.
[   0.215][d][demux] Trying demuxer: directory (force-level: normal)
[   0.215][d][demux] Trying demuxer: disc (force-level: normal)
[   0.215][d][demux] Trying demuxer: edl (force-level: normal)
[   0.215][d][demux] Trying demuxer: cue (force-level: normal)
[   0.215][d][demux] Trying demuxer: rawaudio (force-level: normal)
[   0.215][d][demux] Trying demuxer: rawvideo (force-level: normal)
[   0.215][d][demux] Trying demuxer: mkv (force-level: normal)
[   0.215][d][demux] Trying demuxer: libarchive (force-level: normal)
[   0.215][d][demux] Trying demuxer: subrandr (force-level: normal)
[   0.215][d][demux] Trying demuxer: lavf (force-level: normal)
[   0.218][v][lavf] Found 'mov,mp4,m4a,3gp,3g2,mj2' at score=100 size=2048.
[   0.219][w][ffmpeg/demuxer] mov,mp4,m4a,3gp,3g2,mj2: stream 0, timescale not set
[   0.219][v][lavf] Could not set AVOption http_persistent='0'
[   0.219][v][lavf] Could not set AVOption http_multiple='1'
[   0.219][v][lavf] Assuming this is an image format.
[   0.219][v][demux] Detected file format: mov,mp4,m4a,3gp,3g2,mj2 (libavformat)
[   0.219][v][cplayer] Opening done: E:\ВсякоеРазное\Свалка\Обои\Wallsets\Наборы\Второй набор\783436035 — Gandalf Sax Guy.mp4
[   0.220][v][find_files] Loading external files in E:\ВсякоеРазное\Свалка\Обои\Wallsets\Наборы\Второй набор\
[   0.221][v][cplayer] Running hook: auto_profiles/on_preloaded
[   0.221][v][cplayer] Failed sending hook command auto_profiles/on_preloaded. Removing hook.
[   0.221][v][cplayer] Running hook: ytdl_hook/on_preloaded
[   0.221][v][cplayer] Running hook: auto_profiles/on_loaded
[   0.221][v][cplayer] Failed sending hook command auto_profiles/on_loaded. Removing hook.
[   0.221][v][lavf] select track 0
[   0.221][i][cplayer] ● Video  --vid=1  (h264 1280x720 23.976 fps 1106 kbps) [default]
[   0.221][i][cplayer] ○ Image  --vid=2  (mjpeg)
[   0.221][i][cplayer] ○ Audio  --aid=1  (aac 2ch 44100 Hz 126 kbps) [default]
[   0.221][i][display-tags] File tags:
[   0.221][i][display-tags]  Title: HD Epic Sax Gandalf
[   0.221][v][vd] Container reported FPS: 23.976025
[   0.221][v][vd] Codec list:
[   0.221][v][vd]     h264 - H.264 / AVC / MPEG-4 AVC / MPEG-4 part 10
[   0.221][v][vd]     h264_qsv (h264) - H264 video (Intel Quick Sync Video acceleration)
[   0.221][v][vd]     h264_amf (h264) - H264 AMD AMF video decoder
[   0.221][v][vd]     h264_cuvid (h264) - Nvidia CUVID H264 decoder
[   0.221][v][vd] Opening decoder h264
[   0.221][v][vd] Looking at hwdec h264-d3d11va...
[   0.221][v][vo/gpu] Loading hwdec drivers for format: 'd3d11'
[   0.221][v][vo/gpu] Loading hwdec driver 'd3d11va'
[   0.222][v][vo/gpu] Loading hwdec driver 'd3d11-egl'
[   0.222][v][vo/gpu] Loading failed.
[   0.222][v][vd] Trying hardware decoding via h264-d3d11va.
[   0.222][v][vd] Requesting 4 threads for decoding.
[   0.222][v][vd] Selected decoder: h264 - H.264 / AVC / MPEG-4 AVC / MPEG-4 part 10
[   0.222][v][vf] User filter list:
[   0.222][v][vf]   (empty)
[   0.222][v][cplayer] Starting playback...
[   0.224][v][vd] Pixel formats supported by decoder: vulkan cuda cuarray dxva2_vld d3d11va_vld d3d11 d3d12 vaapi yuv420p
[   0.224][v][vd] Codec profile: Main (0x4d)
[   0.225][v][vd] Allocated a fixed pool of 26 hw surfaces.
[   0.225][v][vd] Requesting pixfmt 'd3d11' from decoder.
[   0.225][d][ffmpeg/video] h264: Decoder GUIDs reported as supported:
[   0.226][d][ffmpeg/video] h264: {86695f12-340e-4f04-9fd3-9253dd327460} 103 106
[   0.226][d][ffmpeg/video] h264: {ee27417f-5e28-4e65-beea-1d26b508adc9} 103 106
[   0.226][d][ffmpeg/video] h264: {6f3ec719-3735-42cc-8063-65cc3cb36616} 103 106
[   0.226][d][ffmpeg/video] h264: {1b81bea4-a0c7-11d3-b984-00c04f2e73c5} 103 106
[   0.226][d][ffmpeg/video] h264: {1b81bea3-a0c7-11d3-b984-00c04f2e73c5} 103 106
[   0.226][d][ffmpeg/video] h264: {32fcfe3f-de46-4a49-861b-ac71110649d5} 103 106
[   0.227][d][ffmpeg/video] h264: {d79be8da-0cf1-4c81-b82a-69a4e236f43d} 103 106
[   0.227][d][ffmpeg/video] h264: {f9aaccbb-c2b6-4cfc-8779-5707b1760552} 103 106
[   0.227][d][ffmpeg/video] h264: {1b81be68-a0c7-11d3-b984-00c04f2e73c5} 103 106
[   0.227][d][ffmpeg/video] h264: {5b11d51b-2f4c-4452-bcc3-09f2a1160cc0} 103 106
[   0.227][d][ffmpeg/video] h264: {107af0e0-ef1a-4d19-aba8-67a163073d13} 104 106
[   0.228][d][ffmpeg/video] h264: {1a72925f-0c2c-4f15-96fb-b17d1473603f} 104 106
[   0.228][d][ffmpeg/video] h264: {15df9b21-06c4-47f1-841e-a67c97d7f312} 103 106
[   0.228][d][ffmpeg/video] h264: {efd64d74-c9e8-41d7-a5e9-e9b0e39fa319} 103 106
[   0.228][d][ffmpeg/video] h264: {ed418a9f-010d-4eda-9ae3-9a65358d8d2e} 103 106
[   0.228][d][ffmpeg/video] h264: {9947ec6f-689b-11dc-a320-0019dbbc4184} 103 106
[   0.228][d][ffmpeg/video] h264: {33fcfe41-de46-4a49-861b-ac71110649d5} 103 106 107
[   0.228][d][ffmpeg/video] h264: {463707f8-a1d0-4585-876d-83aa6d60b89e} 103 106
[   0.229][d][ffmpeg/video] h264: {a4c749ef-6ecf-48aa-8448-50a7a1165ff7} 104 106
[   0.229][d][ffmpeg/video] h264: {dda19dc7-93b5-49f5-a9b3-2bda28a2ce6e} 104 106
[   0.229][d][ffmpeg/video] h264: {b8be4ccb-cf53-46ba-8d59-d6b8a6da5d2a} 103 104 106
[   0.229][d][ffmpeg/video] h264: {6affd11e-1d96-42b1-a215-93a31f09a53d} 103 106
[   0.229][d][ffmpeg/video] h264: {914c84a3-4078-4fa9-984c-e2f262cb5c9c} 103 106
[   0.229][d][ffmpeg/video] h264: {8a1a1031-29bc-46d0-a007-e9b092ca6767} 103 106
[   0.232][d][ffmpeg/video] h264: Reinit context to 1280x720, pix_fmt: d3d11
[   0.251][i][vd] Using hardware decoding (d3d11va).
[   0.251][v][vd] Decoder format: 1280x720 d3d11[nv12] bt.709/bt.709/bt.1886/limited/auto CL=mpeg2/4/h264 crop=1280x720+0+0 A=none
[   0.251][v][vf] [in] 1280x720 d3d11[nv12] bt.709/bt.709/bt.1886/limited/display CL=mpeg2/4/h264 crop=1280x720+0+0 A=none
[   0.251][v][vf] [userdeint] 1280x720 d3d11[nv12] bt.709/bt.709/bt.1886/limited/display CL=mpeg2/4/h264 crop=1280x720+0+0 A=none
[   0.251][v][vf] [userdeint] (disabled)
[   0.251][v][vf] [autovflip] 1280x720 d3d11[nv12] bt.709/bt.709/bt.1886/limited/display CL=mpeg2/4/h264 crop=1280x720+0+0 A=none
[   0.251][v][vf] [autovflip] (disabled)
[   0.251][v][vf] [autorotate] 1280x720 d3d11[nv12] bt.709/bt.709/bt.1886/limited/display CL=mpeg2/4/h264 crop=1280x720+0+0 A=none
[   0.251][v][vf] [autorotate] (disabled)
[   0.251][v][vf] [convert] 1280x720 d3d11[nv12] bt.709/bt.709/bt.1886/limited/display CL=mpeg2/4/h264 crop=1280x720+0+0 A=none
[   0.251][v][vo/gpu] Loading hwdec drivers for format: 'd3d11'
[   0.251][v][vo/gpu] Loading hwdec driver 'd3d11-egl'
[   0.251][v][vo/gpu] Loading failed.
[   0.251][d][hwupload] looking at format d3d11/nv12
[   0.251][d][hwupload]   supports: nv12 p010 bgra x2bgr10 rgbaf16 vuyx yuyv422 y210 xv30 y216 xv48 y212 xv36 yuv420p
[   0.251][d][hwupload] looking at format d3d11/p010
[   0.251][d][hwupload]   supports: nv12 p010 bgra x2bgr10 rgbaf16 vuyx yuyv422 y210 xv30 y216 xv48 y212 xv36 yuv420p
[   0.251][d][hwupload] looking at format d3d11/bgra
[   0.251][d][hwupload]   supports: nv12 p010 bgra x2bgr10 rgbaf16 vuyx yuyv422 y210 xv30 y216 xv48 y212 xv36 yuv420p
[   0.251][d][hwupload] looking at format d3d11/x2bgr10
[   0.251][d][hwupload]   supports: nv12 p010 bgra x2bgr10 rgbaf16 vuyx yuyv422 y210 xv30 y216 xv48 y212 xv36 yuv420p
[   0.251][d][hwupload] looking at format d3d11/rgbaf16
[   0.251][d][hwupload]   supports: nv12 p010 bgra x2bgr10 rgbaf16 vuyx yuyv422 y210 xv30 y216 xv48 y212 xv36 yuv420p
[   0.251][d][hwupload] looking at format d3d11/vuyx
[   0.251][d][hwupload]   supports: nv12 p010 bgra x2bgr10 rgbaf16 vuyx yuyv422 y210 xv30 y216 xv48 y212 xv36 yuv420p
[   0.251][d][hwupload] looking at format d3d11/yuyv422
[   0.251][d][hwupload]   not supported by VO
[   0.251][d][hwupload] looking at format d3d11/y210
[   0.251][d][hwupload]   not supported by VO
[   0.251][d][hwupload] looking at format d3d11/xv30
[   0.251][d][hwupload]   supports: nv12 p010 bgra x2bgr10 rgbaf16 vuyx yuyv422 y210 xv30 y216 xv48 y212 xv36 yuv420p
[   0.251][d][hwupload] looking at format d3d11/y216
[   0.251][d][hwupload]   not supported by VO
[   0.251][d][hwupload] looking at format d3d11/xv48
[   0.251][d][hwupload]   supports: nv12 p010 bgra x2bgr10 rgbaf16 vuyx yuyv422 y210 xv30 y216 xv48 y212 xv36 yuv420p
[   0.251][d][hwupload] looking at format d3d11/y212
[   0.251][d][hwupload]   not supported by VO
[   0.251][d][hwupload] looking at format d3d11/xv36
[   0.251][d][hwupload]   supports: nv12 p010 bgra x2bgr10 rgbaf16 vuyx yuyv422 y210 xv30 y216 xv48 y212 xv36 yuv420p
[   0.251][d][hwupload] looking at format d3d11/yuv420p
[   0.251][d][hwupload]   not supported by VO
[   0.251][v][vf] [out] 1280x720 d3d11[nv12] bt.709/bt.709/bt.1886/limited/display CL=mpeg2/4/h264 crop=1280x720+0+0 A=none
[   0.252][i][cplayer] VO: [gpu] 1280x720 d3d11[nv12]
[   0.252][v][cplayer] VO: Description: Shader-based GPU Renderer
[   0.252][v][vo/gpu] reconfig to 1280x720 d3d11[nv12] bt.709/bt.709/bt.1886/limited/display CL=mpeg2/4/h264 crop=1280x720+0+0 A=none
[   0.252][d][vo/gpu] max content size: 1920x1140
[   0.252][d][vo/gpu] monitor size: 1920x1200
[   0.253][v][vo/gpu] Resize: 1920x1200
[   0.253][v][vo/gpu] Window size: 1920x1200 (Borders: l=0 t=0 r=0 b=0)
[   0.253][v][vo/gpu] Video source: 1280x720 (1:1)
[   0.253][v][vo/gpu] Video display: (63, 0) 1153x720 -> (0, 0) 1920x1200
[   0.253][v][vo/gpu] Video scale: 1.665221/1.666667
[   0.253][v][vo/gpu] OSD borders: l=-106 t=0 r=-107 b=0
[   0.253][v][vo/gpu] Video borders: l=0 t=0 r=0 b=0
[   0.253][v][vo/gpu] Reported display depth: 8
[   0.253][v][vo/gpu] Testing FBO format rgba16hf
[   0.253][d][vo/gpu] Resizing texture: 16x16
[   0.253][v][vo/gpu] Using FBO format rgba16hf.
[   0.253][v][vo/gpu] No advanced processing required. Enabling dumb mode.
[   0.254][v][vo/gpu] Resize: 1920x1200
[   0.254][v][vo/gpu] Window size: 1920x1200 (Borders: l=0 t=0 r=0 b=0)
[   0.254][v][vo/gpu] Video source: 1280x720 (1:1)
[   0.254][v][vo/gpu] Video display: (63, 0) 1153x720 -> (0, 0) 1920x1200
[   0.254][v][vo/gpu] Video scale: 1.665221/1.666667
[   0.254][v][vo/gpu] OSD borders: l=-106 t=0 r=-107 b=0
[   0.254][v][vo/gpu] Video borders: l=0 t=0 r=0 b=0
[   0.254][v][vo/gpu] Reported display depth: 8
[   0.318][v][vo/gpu/d3d11] shaderc compile status 'success' (0 errors, 0 warnings)
[   0.320][v][vo/gpu/d3d11] Compiled a vertex shader in 65474300ns
[   0.320][v][vo/gpu/d3d11] shaderc: 63755100ns, SPIRV-Cross: 582300ns, D3DCompile: 1136900ns
[   0.320][d][vo/gpu/d3d11] GLSL source:
[   0.320][d][vo/gpu/d3d11] [  1] #version 450
[   0.320][d][vo/gpu/d3d11] [  2] #define tex1D texture
[   0.320][d][vo/gpu/d3d11] [  3] #define tex3D texture
[   0.320][d][vo/gpu/d3d11] [  4] #define LUT_POS(x, lut_size) mix(0.5 / (lut_size), 1.0 - 0.5 / (lut_size), (x))
[   0.320][d][vo/gpu/d3d11] [  5] layout(location=0) in vec2 vertex_position;
[   0.320][d][vo/gpu/d3d11] [  6] layout(location=1) in vec2 vertex_texcoord0;
[   0.320][d][vo/gpu/d3d11] [  7] layout(location=1) out vec2 texcoord0;
[   0.320][d][vo/gpu/d3d11] [  8] layout(location=2) in vec2 vertex_texcoord1;
[   0.320][d][vo/gpu/d3d11] [  9] layout(location=2) out vec2 texcoord1;
[   0.320][d][vo/gpu/d3d11] [ 10] void main() {
[   0.320][d][vo/gpu/d3d11] [ 11] gl_Position = vec4(vertex_position, 1.0, 1.0);
[   0.320][d][vo/gpu/d3d11] [ 12] texcoord0 = vertex_texcoord0;
[   0.320][d][vo/gpu/d3d11] [ 13] texcoord1 = vertex_texcoord1;
[   0.320][d][vo/gpu/d3d11] [ 14] }
[   0.320][d][vo/gpu/d3d11] HLSL source:
[   0.320][d][vo/gpu/d3d11] [  1] static float4 gl_Position;
[   0.320][d][vo/gpu/d3d11] [  2] static float2 _18;
[   0.320][d][vo/gpu/d3d11] [  3] static float2 _27;
[   0.320][d][vo/gpu/d3d11] [  4] static float2 _28;
[   0.320][d][vo/gpu/d3d11] [  5] static float2 _30;
[   0.320][d][vo/gpu/d3d11] [  6] static float2 _31;
[   0.320][d][vo/gpu/d3d11] [  7] 
[   0.320][d][vo/gpu/d3d11] [  8] struct SPIRV_Cross_Input
[   0.320][d][vo/gpu/d3d11] [  9] {
[   0.320][d][vo/gpu/d3d11] [ 10]     float2 _18 : TEXCOORD0;
[   0.320][d][vo/gpu/d3d11] [ 11]     float2 _28 : TEXCOORD1;
[   0.320][d][vo/gpu/d3d11] [ 12]     float2 _31 : TEXCOORD2;
[   0.320][d][vo/gpu/d3d11] [ 13] };
[   0.320][d][vo/gpu/d3d11] [ 14] 
[   0.320][d][vo/gpu/d3d11] [ 15] struct SPIRV_Cross_Output
[   0.320][d][vo/gpu/d3d11] [ 16] {
[   0.320][d][vo/gpu/d3d11] [ 17]     float2 _27 : TEXCOORD1;
[   0.320][d][vo/gpu/d3d11] [ 18]     float2 _30 : TEXCOORD2;
[   0.320][d][vo/gpu/d3d11] [ 19]     float4 gl_Position : SV_Position;
[   0.320][d][vo/gpu/d3d11] [ 20] };
[   0.320][d][vo/gpu/d3d11] [ 21] 
[   0.320][d][vo/gpu/d3d11] [ 22] void vert_main()
[   0.320][d][vo/gpu/d3d11] [ 23] {
[   0.320][d][vo/gpu/d3d11] [ 24]     gl_Position = float4(_18, 1.0f, 1.0f);
[   0.320][d][vo/gpu/d3d11] [ 25]     _27 = _28;
[   0.320][d][vo/gpu/d3d11] [ 26]     _30 = _31;
[   0.320][d][vo/gpu/d3d11] [ 27]     gl_Position.y = -gl_Position.y;
[   0.320][d][vo/gpu/d3d11] [ 28] }
[   0.320][d][vo/gpu/d3d11] [ 29] 
[   0.320][d][vo/gpu/d3d11] [ 30] SPIRV_Cross_Output main(SPIRV_Cross_Input stage_input)
[   0.320][d][vo/gpu/d3d11] [ 31] {
[   0.320][d][vo/gpu/d3d11] [ 32]     _18 = stage_input._18;
[   0.320][d][vo/gpu/d3d11] [ 33]     _28 = stage_input._28;
[   0.320][d][vo/gpu/d3d11] [ 34]     _31 = stage_input._31;
[   0.320][d][vo/gpu/d3d11] [ 35]     vert_main();
[   0.320][d][vo/gpu/d3d11] [ 36]     SPIRV_Cross_Output stage_output;
[   0.320][d][vo/gpu/d3d11] [ 37]     stage_output.gl_Position = gl_Position;
[   0.320][d][vo/gpu/d3d11] [ 38]     stage_output._27 = _27;
[   0.320][d][vo/gpu/d3d11] [ 39]     stage_output._30 = _30;
[   0.320][d][vo/gpu/d3d11] [ 40]     return stage_output;
[   0.320][d][vo/gpu/d3d11] [ 41] }
[   0.323][v][vo/gpu/d3d11] shaderc compile status 'success' (0 errors, 0 warnings)
[   0.325][v][vo/gpu/d3d11] Compiled a fragment shader in 4758100ns
[   0.325][v][vo/gpu/d3d11] shaderc: 2358700ns, SPIRV-Cross: 260000ns, D3DCompile: 2139400ns
[   0.325][d][vo/gpu/d3d11] GLSL source:
[   0.325][d][vo/gpu/d3d11] [  1] #version 450
[   0.325][d][vo/gpu/d3d11] [  2] #define tex1D texture
[   0.325][d][vo/gpu/d3d11] [  3] #define tex3D texture
[   0.325][d][vo/gpu/d3d11] [  4] #define LUT_POS(x, lut_size) mix(0.5 / (lut_size), 1.0 - 0.5 / (lut_size), (x))
[   0.325][d][vo/gpu/d3d11] [  5] layout(location=0) out vec4 out_color;
[   0.325][d][vo/gpu/d3d11] [  6] layout(location=1) in vec2 texcoord0;
[   0.325][d][vo/gpu/d3d11] [  7] layout(location=2) in vec2 texcoord1;
[   0.325][d][vo/gpu/d3d11] [  8] layout(std140, binding=0) uniform UBO {
[   0.325][d][vo/gpu/d3d11] [  9] layout(offset=0) mat3 colormatrix;
[   0.325][d][vo/gpu/d3d11] [ 10] layout(offset=48) vec3 colormatrix_c;
[   0.325][d][vo/gpu/d3d11] [ 11] layout(offset=64) vec3 src_luma;
[   0.325][d][vo/gpu/d3d11] [ 12] layout(offset=80) vec3 dst_luma;
[   0.325][d][vo/gpu/d3d11] [ 13] layout(offset=96) vec2 texture_size0;
[   0.325][d][vo/gpu/d3d11] [ 14] layout(offset=112) mat2 texture_rot0;
[   0.325][d][vo/gpu/d3d11] [ 15] layout(offset=144) vec2 texture_off0;
[   0.325][d][vo/gpu/d3d11] [ 16] layout(offset=152) vec2 pixel_size0;
[   0.325][d][vo/gpu/d3d11] [ 17] layout(offset=160) vec2 texture_size1;
[   0.325][d][vo/gpu/d3d11] [ 18] layout(offset=176) mat2 texture_rot1;
[   0.325][d][vo/gpu/d3d11] [ 19] layout(offset=208) vec2 texture_off1;
[   0.325][d][vo/gpu/d3d11] [ 20] layout(offset=216) vec2 pixel_size1;
[   0.325][d][vo/gpu/d3d11] [ 21] };
[   0.325][d][vo/gpu/d3d11] [ 22] layout(binding=0) uniform sampler2D texture0;
[   0.325][d][vo/gpu/d3d11] [ 23] layout(binding=1) uniform sampler2D texture1;
[   0.325][d][vo/gpu/d3d11] [ 24] void main() {
[   0.325][d][vo/gpu/d3d11] [ 25] vec4 color = vec4(0.0, 0.0, 0.0, 1.0);
[   0.325][d][vo/gpu/d3d11] [ 26] color.r = 1.000000 * vec4(texture(texture0, texcoord0)).r;
[   0.325][d][vo/gpu/d3d11] [ 27] color.gb = 1.000000 * vec4(texture(texture1, texcoord1)).rg;
[   0.325][d][vo/gpu/d3d11] [ 28] color = color.rgbr;
[   0.325][d][vo/gpu/d3d11] [ 29] color.rgb = mat3(colormatrix) * color.rgb + colormatrix_c;
[   0.325][d][vo/gpu/d3d11] [ 30] color.a = 1.0;
[   0.325][d][vo/gpu/d3d11] [ 31] // color mapping
[   0.325][d][vo/gpu/d3d11] [ 32] color.rgb *= vec3(1.000000);
[   0.325][d][vo/gpu/d3d11] [ 33] color.rgb *= vec3(1.000000);
[   0.325][d][vo/gpu/d3d11] [ 34] out_color = color;
[   0.325][d][vo/gpu/d3d11] [ 35] }
[   0.325][d][vo/gpu/d3d11] HLSL source:
[   0.325][d][vo/gpu/d3d11] [  1] static float4 _125;
[   0.325][d][vo/gpu/d3d11] [  2] 
[   0.325][d][vo/gpu/d3d11] [  3] cbuffer _47_49 : register(b0)
[   0.325][d][vo/gpu/d3d11] [  4] {
[   0.325][d][vo/gpu/d3d11] [  5]     row_major float3x3 _49_m0 : packoffset(c0);
[   0.325][d][vo/gpu/d3d11] [  6]     float3 _49_m1 : packoffset(c3);
[   0.325][d][vo/gpu/d3d11] [  7]     float3 _49_m2 : packoffset(c4);
[   0.325][d][vo/gpu/d3d11] [  8]     float3 _49_m3 : packoffset(c5);
[   0.325][d][vo/gpu/d3d11] [  9]     float2 _49_m4 : packoffset(c6);
[   0.325][d][vo/gpu/d3d11] [ 10]     row_major float2x2 _49_m5 : packoffset(c7);
[   0.325][d][vo/gpu/d3d11] [ 11]     float2 _49_m6 : packoffset(c9);
[   0.325][d][vo/gpu/d3d11] [ 12]     float2 _49_m7 : packoffset(c9.z);
[   0.325][d][vo/gpu/d3d11] [ 13]     float2 _49_m8 : packoffset(c10);
[   0.325][d][vo/gpu/d3d11] [ 14]     row_major float2x2 _49_m9 : packoffset(c11);
[   0.325][d][vo/gpu/d3d11] [ 15]     float2 _49_m10 : packoffset(c13);
[   0.325][d][vo/gpu/d3d11] [ 16]     float2 _49_m11 : packoffset(c13.z);
[   0.325][d][vo/gpu/d3d11] [ 17] };
[   0.325][d][vo/gpu/d3d11] [ 18] 
[   0.325][d][vo/gpu/d3d11] [ 19] Texture2D<float4> _16 : register(t0);
[   0.325][d][vo/gpu/d3d11] [ 20] SamplerState __16_sampler : register(s0);
[   0.325][d][vo/gpu/d3d11] [ 21] Texture2D<float4> _29 : register(t1);
[   0.325][d][vo/gpu/d3d11] [ 22] SamplerState __29_sampler : register(s1);
[   0.325][d][vo/gpu/d3d11] [ 23] 
[   0.325][d][vo/gpu/d3d11] [ 24] static float2 _20;
[   0.325][d][vo/gpu/d3d11] [ 25] static float2 _31;
[   0.325][d][vo/gpu/d3d11] [ 26] static float4 _95;
[   0.325][d][vo/gpu/d3d11] [ 27] 
[   0.325][d][vo/gpu/d3d11] [ 28] struct SPIRV_Cross_Input
[   0.325][d][vo/gpu/d3d11] [ 29] {
[   0.325][d][vo/gpu/d3d11] [ 30]     float2 _20 : TEXCOORD1;
[   0.325][d][vo/gpu/d3d11] [ 31]     float2 _31 : TEXCOORD2;
[   0.325][d][vo/gpu/d3d11] [ 32] };
[   0.325][d][vo/gpu/d3d11] [ 33] 
[   0.325][d][vo/gpu/d3d11] [ 34] struct SPIRV_Cross_Output
[   0.325][d][vo/gpu/d3d11] [ 35] {
[   0.325][d][vo/gpu/d3d11] [ 36]     float4 _95 : SV_Target0;
[   0.325][d][vo/gpu/d3d11] [ 37] };
[   0.325][d][vo/gpu/d3d11] [ 38] 
[   0.325][d][vo/gpu/d3d11] [ 39] void frag_main()
[   0.325][d][vo/gpu/d3d11] [ 40] {
[   0.325][d][vo/gpu/d3d11] [ 41]     float4 _98;
[   0.325][d][vo/gpu/d3d11] [ 42]     _98.x = _16.Sample(__16_sampler, _20).x;
[   0.325][d][vo/gpu/d3d11] [ 43]     float2 _35 = _29.Sample(__29_sampler, _31).xy * 1.0f;
[   0.325][d][vo/gpu/d3d11] [ 44]     _98.y = _35.x;
[   0.325][d][vo/gpu/d3d11] [ 45]     _98.z = _35.y;
[   0.325][d][vo/gpu/d3d11] [ 46]     float3 _66 = mul(_98.xyz, _49_m0) + _49_m1;
[   0.325][d][vo/gpu/d3d11] [ 47]     float _68 = _66.x;
[   0.325][d][vo/gpu/d3d11] [ 48]     float4 _124 = float4(_68, _66.yz, 1.0f);
[   0.325][d][vo/gpu/d3d11] [ 49]     _124.x = _68;
[   0.325][d][vo/gpu/d3d11] [ 50]     _124.y = _66.y;
[   0.325][d][vo/gpu/d3d11] [ 51]     _124.z = _66.z;
[   0.325][d][vo/gpu/d3d11] [ 52]     _95 = _124;
[   0.325][d][vo/gpu/d3d11] [ 53] }
[   0.325][d][vo/gpu/d3d11] [ 54] 
[   0.325][d][vo/gpu/d3d11] [ 55] SPIRV_Cross_Output main(SPIRV_Cross_Input stage_input)
[   0.325][d][vo/gpu/d3d11] [ 56] {
[   0.325][d][vo/gpu/d3d11] [ 57]     _20 = stage_input._20;
[   0.325][d][vo/gpu/d3d11] [ 58]     _31 = stage_input._31;
[   0.325][d][vo/gpu/d3d11] [ 59]     frag_main();
[   0.325][d][vo/gpu/d3d11] [ 60]     SPIRV_Cross_Output stage_output;
[   0.325][d][vo/gpu/d3d11] [ 61]     stage_output._95 = _95;
[   0.325][d][vo/gpu/d3d11] [ 62]     return stage_output;
[   0.325][d][vo/gpu/d3d11] [ 63] }
[   0.327][v][cplayer] first video frame after restart shown
[   0.327][d][cplayer] starting video playback
[   0.327][v][cplayer] playback restart complete @ 0.000000, audio=eof, video=playing (paused)
[   1.211][v][ipc_3] Client connected
[   1.212][v][ipc_3] Client disconnected
[   1.212][d][ipc_3] Destroying client handle...
[   1.212][v][ipc_4] Client connected
[   1.212][v][ipc_4] Client disconnected
[   1.212][d][ipc_4] Destroying client handle...
[   6.210][v][ipc_5] Client connected
[   6.210][v][ipc_5] Client disconnected
[   6.210][d][ipc_5] Destroying client handle...
[   6.210][v][ipc_6] Client connected
[   6.210][v][ipc_6] Client disconnected
[   6.210][d][ipc_6] Destroying client handle...
[  11.230][v][ipc_7] Client connected
[  11.231][v][ipc_7] Client disconnected
[  11.231][d][ipc_7] Destroying client handle...
[  11.231][v][ipc_8] Client connected
[  11.231][v][ipc_8] Client disconnected
[  11.231][d][ipc_8] Destroying client handle...
[  16.266][v][ipc_9] Client connected
[  16.267][v][ipc_9] Client disconnected
[  16.267][d][ipc_9] Destroying client handle...
[  16.267][v][ipc_10] Client connected
[  16.267][v][ipc_10] Client disconnected
[  16.267][d][ipc_10] Destroying client handle...
[  21.308][v][ipc_11] Client connected
[  21.308][v][ipc_11] Client disconnected
[  21.308][d][ipc_11] Destroying client handle...
[  21.308][v][ipc_12] Client connected
[  21.309][v][ipc_12] Client disconnected
[  21.309][d][ipc_12] Destroying client handle...
[  26.350][v][ipc_13] Client connected
[  26.350][v][ipc_13] Client disconnected
[  26.350][d][ipc_13] Destroying client handle...
[  26.350][v][ipc_14] Client connected
[  26.351][v][ipc_14] Client disconnected
[  26.351][d][ipc_14] Destroying client handle...
[  31.361][v][ipc_15] Client connected
[  31.361][v][ipc_15] Client disconnected
[  31.361][d][ipc_15] Destroying client handle...
[  31.361][v][ipc_16] Client connected
[  31.361][v][ipc_16] Client disconnected
[  31.361][d][ipc_16] Destroying client handle...
[  36.389][v][ipc_17] Client connected
[  36.389][v][ipc_17] Client disconnected
[  36.389][d][ipc_17] Destroying client handle...
[  36.389][v][ipc_18] Client connected
[  36.389][v][ipc_18] Client disconnected
[  36.389][d][ipc_18] Destroying client handle...
[  41.391][v][ipc_19] Client connected
[  41.392][v][ipc_19] Client disconnected
[  41.392][d][ipc_19] Destroying client handle...
[  41.392][v][ipc_20] Client connected
[  41.392][v][ipc_20] Client disconnected
[  41.392][d][ipc_20] Destroying client handle...
[  46.423][v][ipc_21] Client connected
[  46.424][v][ipc_21] Client disconnected
[  46.424][d][ipc_21] Destroying client handle...
[  46.424][v][ipc_22] Client connected
[  46.424][v][ipc_22] Client disconnected
[  46.424][d][ipc_22] Destroying client handle...
[  51.449][v][ipc_23] Client connected
[  51.449][v][ipc_23] Client disconnected
[  51.449][d][ipc_23] Destroying client handle...
[  51.449][v][ipc_24] Client connected
[  51.449][v][ipc_24] Client disconnected
[  51.449][d][ipc_24] Destroying client handle...
[  56.478][v][ipc_25] Client connected
[  56.478][v][ipc_25] Client disconnected
[  56.478][d][ipc_25] Destroying client handle...
[  56.478][v][ipc_26] Client connected
[  56.478][v][ipc_26] Client disconnected
[  56.478][d][ipc_26] Destroying client handle...
[  61.523][v][ipc_27] Client connected
[  61.523][v][ipc_27] Client disconnected
[  61.523][d][ipc_27] Destroying client handle...
[  61.523][v][ipc_28] Client connected
[  61.524][v][ipc_28] Client disconnected
[  61.524][d][ipc_28] Destroying client handle...
[  66.560][v][ipc_29] Client connected
[  66.560][v][ipc_29] Client disconnected
[  66.560][d][ipc_29] Destroying client handle...
[  66.560][v][ipc_30] Client connected
[  66.561][v][ipc_30] Client disconnected
[  66.561][d][ipc_30] Destroying client handle...
[  71.580][v][ipc_31] Client connected
[  71.581][v][ipc_31] Client disconnected
[  71.581][d][ipc_31] Destroying client handle...
[  71.581][v][ipc_32] Client connected
[  71.581][v][ipc_32] Client disconnected
[  71.581][d][ipc_32] Destroying client handle...
[  73.759][v][ipc_33] Client connected
[  73.760][v][cplayer] Set property: pause=true -> 1
[  73.760][v][ipc_33] Client disconnected
[  73.760][d][ipc_33] Destroying client handle...
[  74.584][v][ipc_34] Client connected
[  74.584][v][cplayer] Set property: pause=true -> 1
[  74.584][v][ipc_34] Client disconnected
[  74.584][d][ipc_34] Destroying client handle...
[  76.588][v][ipc_35] Client connected
[  76.589][v][ipc_35] Client disconnected
[  76.589][d][ipc_35] Destroying client handle...
[  76.589][v][ipc_36] Client connected
[  76.589][v][ipc_36] Client disconnected
[  76.589][d][ipc_36] Destroying client handle...
[  81.631][v][ipc_37] Client connected
[  81.631][v][ipc_37] Client disconnected
[  81.631][d][ipc_37] Destroying client handle...
[  81.631][v][ipc_38] Client connected
[  81.631][v][ipc_38] Client disconnected
[  81.631][d][ipc_38] Destroying client handle...
[  86.650][v][ipc_39] Client connected
[  86.650][v][ipc_39] Client disconnected
[  86.650][d][ipc_39] Destroying client handle...
[  86.650][v][ipc_40] Client connected
[  86.651][v][ipc_40] Client disconnected
[  86.651][d][ipc_40] Destroying client handle...
[  91.677][v][ipc_41] Client connected
[  91.678][v][ipc_41] Client disconnected
[  91.678][d][ipc_41] Destroying client handle...
[  91.678][v][ipc_42] Client connected
[  91.678][v][ipc_42] Client disconnected
[  91.679][d][ipc_42] Destroying client handle...
[  96.716][v][ipc_43] Client connected
[  96.717][v][ipc_43] Client disconnected
[  96.717][d][ipc_43] Destroying client handle...
[  96.717][v][ipc_44] Client connected
[  96.717][v][ipc_44] Client disconnected
[  96.717][d][ipc_44] Destroying client handle...
[ 101.718][v][ipc_45] Client connected
[ 101.718][v][ipc_45] Client disconnected
[ 101.718][d][ipc_45] Destroying client handle...
[ 101.718][v][ipc_46] Client connected
[ 101.718][v][ipc_46] Client disconnected
[ 101.718][d][ipc_46] Destroying client handle...
[ 106.715][v][ipc_47] Client connected
[ 106.715][v][ipc_47] Client disconnected
[ 106.715][d][ipc_47] Destroying client handle...
[ 106.716][v][ipc_48] Client connected
[ 106.716][v][ipc_48] Client disconnected
[ 106.716][d][ipc_48] Destroying client handle...
[ 111.778][v][ipc_49] Client connected
[ 111.778][v][ipc_49] Client disconnected
[ 111.778][d][ipc_49] Destroying client handle...
[ 111.780][v][ipc_50] Client connected
[ 111.780][v][ipc_50] Client disconnected
[ 111.780][d][ipc_50] Destroying client handle...
[ 116.806][v][ipc_51] Client connected
[ 116.806][v][ipc_51] Client disconnected
[ 116.806][d][ipc_51] Destroying client handle...
[ 116.806][v][ipc_52] Client connected
[ 116.807][v][ipc_52] Client disconnected
[ 116.807][d][ipc_52] Destroying client handle...
[ 121.821][v][ipc_53] Client connected
[ 121.822][v][ipc_53] Client disconnected
[ 121.822][d][ipc_53] Destroying client handle...
[ 121.822][v][ipc_54] Client connected
[ 121.822][v][ipc_54] Client disconnected
[ 121.822][d][ipc_54] Destroying client handle...
[ 126.833][v][ipc_55] Client connected
[ 126.834][v][ipc_55] Client disconnected
[ 126.834][d][ipc_55] Destroying client handle...
[ 126.834][v][ipc_56] Client connected
[ 126.834][v][ipc_56] Client disconnected
[ 126.834][d][ipc_56] Destroying client handle...
[ 128.835][v][ipc_57] Client connected
[ 128.835][v][cplayer] Set property: pause=true -> 1
[ 128.835][v][ipc_57] Client disconnected
[ 128.835][d][ipc_57] Destroying client handle...
[ 131.837][v][ipc_58] Client connected
[ 131.837][v][ipc_58] Client disconnected
[ 131.837][d][ipc_58] Destroying client handle...
[ 131.837][v][ipc_59] Client connected
[ 131.838][v][ipc_59] Client disconnected
[ 131.838][d][ipc_59] Destroying client handle...
[ 132.847][v][ipc_60] Client connected
[ 132.847][v][cplayer] Set property: pause=true -> 1
[ 132.847][v][ipc_60] Client disconnected
[ 132.847][d][ipc_60] Destroying client handle...
[ 136.856][v][ipc_61] Client connected
[ 136.856][v][ipc_61] Client disconnected
[ 136.856][d][ipc_61] Destroying client handle...
[ 136.856][v][ipc_62] Client connected
[ 136.856][v][ipc_62] Client disconnected
[ 136.856][d][ipc_62] Destroying client handle...
[ 141.868][v][ipc_63] Client connected
[ 141.868][v][ipc_63] Client disconnected
[ 141.868][d][ipc_63] Destroying client handle...
[ 141.869][v][ipc_64] Client connected
[ 141.869][v][ipc_64] Client disconnected
[ 141.869][d][ipc_64] Destroying client handle...
[ 146.906][v][ipc_65] Client connected
[ 146.907][v][ipc_65] Client disconnected
[ 146.907][d][ipc_65] Destroying client handle...
[ 146.907][v][ipc_66] Client connected
[ 146.907][v][ipc_66] Client disconnected
[ 146.907][d][ipc_66] Destroying client handle...
[ 151.935][v][ipc_67] Client connected
[ 151.935][v][ipc_67] Client disconnected
[ 151.935][d][ipc_67] Destroying client handle...
[ 151.935][v][ipc_68] Client connected
[ 151.935][v][ipc_68] Client disconnected
[ 151.935][d][ipc_68] Destroying client handle...
[ 156.969][v][ipc_69] Client connected
[ 156.970][v][ipc_69] Client disconnected
[ 156.970][d][ipc_69] Destroying client handle...
[ 156.970][v][ipc_70] Client connected
[ 156.970][v][ipc_70] Client disconnected
[ 156.970][d][ipc_70] Destroying client handle...
[ 162.035][v][ipc_71] Client connected
[ 162.036][v][cplayer] Set property: pause=true -> 1
[ 162.036][v][ipc_71] Client disconnected
[ 162.036][d][ipc_71] Destroying client handle...
[ 162.036][v][ipc_72] Client connected
[ 162.036][d][cplayer] Run command: loadfile, flags=64, args=[url="E:\\ВсякоеРазное\\Свалка\\Обои\\Wallsets\\Наборы\\Второй набор\\894452793 — Snow Night.mp4", flags="replace", index="-1", options=""]
[ 162.036][v][cplayer] EOF code: 3  
[ 162.036][d][vd] Uninit decoder.
[ 162.037][v][ipc_72] Client disconnected
[ 162.037][d][ipc_72] Destroying client handle...
[ 162.038][d][cplayer] Terminating demuxers...
[ 162.038][v][ipc_73] Client connected
[ 162.038][d][cplayer] Done terminating demuxers.
[ 162.038][v][cplayer] finished playback, success (reason 2)
[ 162.038][v][cplayer] Running hook: ytdl_hook/on_after_end_file
[ 162.038][v][ipc_73] Client disconnected
[ 162.038][d][ipc_73] Destroying client handle...
[ 162.038][d][cplayer] Run command: del, flags=64, args=[name="user-data/mpv/ytdl/json-subprocess-result"]
[ 162.039][d][global] state path: 'watch_later' -> '-'
[ 162.039][v][cplayer] Running hook: ytdl_hook/on_load
[ 162.039][v][ipc_74] Client connected
[ 162.040][v][ipc_74] Client disconnected
[ 162.040][d][ipc_74] Destroying client handle...
[ 162.040][v][cplayer] Running hook: ytdl_hook/on_load
[ 162.040][v][ytdl_hook] playlist hook
[ 162.041][v][ifo_dvda] Opening E:\ВсякоеРазное\Свалка\Обои\Wallsets\Наборы\Второй набор\894452793 — Snow Night.mp4
[ 162.041][v][ifo_dvdnav] Opening E:\ВсякоеРазное\Свалка\Обои\Wallsets\Наборы\Второй набор\894452793 — Snow Night.mp4
[ 162.041][v][bdmv/bluray] Opening E:\ВсякоеРазное\Свалка\Обои\Wallsets\Наборы\Второй набор\894452793 — Snow Night.mp4
[ 162.041][v][file] Opening E:\ВсякоеРазное\Свалка\Обои\Wallsets\Наборы\Второй набор\894452793 — Snow Night.mp4
[ 162.041][d][file] resize stream to 131072 bytes, drop 0 bytes
[ 162.041][d][file] Stream opened successfully.
[ 162.041][v][demux] Trying demuxers for level=normal.
[ 162.041][d][demux] Trying demuxer: directory (force-level: normal)
[ 162.041][d][demux] Trying demuxer: disc (force-level: normal)
[ 162.041][d][demux] Trying demuxer: edl (force-level: normal)
[ 162.041][d][demux] Trying demuxer: cue (force-level: normal)
[ 162.041][d][demux] Trying demuxer: rawaudio (force-level: normal)
[ 162.041][d][demux] Trying demuxer: rawvideo (force-level: normal)
[ 162.041][d][demux] Trying demuxer: mkv (force-level: normal)
[ 162.041][d][demux] Trying demuxer: libarchive (force-level: normal)
[ 162.041][d][demux] Trying demuxer: subrandr (force-level: normal)
[ 162.041][d][demux] Trying demuxer: lavf (force-level: normal)
[ 162.043][v][lavf] Found 'mov,mp4,m4a,3gp,3g2,mj2' at score=100 size=2048.
[ 162.044][v][file] stream level seek from 131072 to 23174118
[ 162.044][w][ffmpeg/demuxer] mov,mp4,m4a,3gp,3g2,mj2: st: 0 edit list: 1 Missing key frame while searching for timestamp: 0
[ 162.044][w][ffmpeg/demuxer] mov,mp4,m4a,3gp,3g2,mj2: st: 0 edit list 1 Cannot find an index entry before timestamp: 0.
[ 162.044][v][lavf] Could not set AVOption http_persistent='0'
[ 162.044][v][lavf] Could not set AVOption http_multiple='1'
[ 162.045][v][demux] Detected file format: mov,mp4,m4a,3gp,3g2,mj2 (libavformat)
[ 162.045][v][cplayer] Opening done: E:\ВсякоеРазное\Свалка\Обои\Wallsets\Наборы\Второй набор\894452793 — Snow Night.mp4
[ 162.045][v][find_files] Loading external files in E:\ВсякоеРазное\Свалка\Обои\Wallsets\Наборы\Второй набор\
[ 162.046][v][cplayer] Running hook: ytdl_hook/on_preloaded
[ 162.046][v][lavf] select track 0
[ 162.046][i][cplayer] ● Video  --vid=1  --vlang=eng  (h264 1920x1080 29.9701 fps 6171 kbps) [default]
[ 162.046][v][vd] Container reported FPS: 29.970063
[ 162.046][v][vd] Codec list:
[ 162.046][v][vd]     h264 - H.264 / AVC / MPEG-4 AVC / MPEG-4 part 10
[ 162.046][v][vd]     h264_qsv (h264) - H264 video (Intel Quick Sync Video acceleration)
[ 162.046][v][vd]     h264_amf (h264) - H264 AMD AMF video decoder
[ 162.046][v][vd]     h264_cuvid (h264) - Nvidia CUVID H264 decoder
[ 162.046][v][vd] Opening decoder h264
[ 162.046][v][vd] Looking at hwdec h264-d3d11va...
[ 162.046][v][vo/gpu] Loading hwdec drivers for format: 'd3d11'
[ 162.046][v][vo/gpu] Loading hwdec driver 'd3d11-egl'
[ 162.046][v][vo/gpu] Loading failed.
[ 162.047][v][vd] Trying hardware decoding via h264-d3d11va.
[ 162.047][v][vd] Requesting 4 threads for decoding.
[ 162.047][v][vd] Selected decoder: h264 - H.264 / AVC / MPEG-4 AVC / MPEG-4 part 10
[ 162.047][v][vf] User filter list:
[ 162.047][v][vf]   (empty)
[ 162.047][v][cplayer] Starting playback...
[ 162.047][v][file] stream level seek from 23184608 to 10468
[ 162.048][v][vd] Pixel formats supported by decoder: vulkan cuda cuarray dxva2_vld d3d11va_vld d3d11 d3d12 vaapi yuv420p
[ 162.049][v][vd] Codec profile: High (0x64)
[ 162.051][v][vd] Allocated a fixed pool of 26 hw surfaces.
[ 162.051][v][vd] Requesting pixfmt 'd3d11' from decoder.
[ 162.051][d][ffmpeg/video] h264: Decoder GUIDs reported as supported:
[ 162.051][d][ffmpeg/video] h264: {86695f12-340e-4f04-9fd3-9253dd327460} 103 106
[ 162.051][d][ffmpeg/video] h264: {ee27417f-5e28-4e65-beea-1d26b508adc9} 103 106
[ 162.051][d][ffmpeg/video] h264: {6f3ec719-3735-42cc-8063-65cc3cb36616} 103 106
[ 162.051][d][ffmpeg/video] h264: {1b81bea4-a0c7-11d3-b984-00c04f2e73c5} 103 106
[ 162.051][d][ffmpeg/video] h264: {1b81bea3-a0c7-11d3-b984-00c04f2e73c5} 103 106
[ 162.052][d][ffmpeg/video] h264: {32fcfe3f-de46-4a49-861b-ac71110649d5} 103 106
[ 162.052][d][ffmpeg/video] h264: {d79be8da-0cf1-4c81-b82a-69a4e236f43d} 103 106
[ 162.052][d][ffmpeg/video] h264: {f9aaccbb-c2b6-4cfc-8779-5707b1760552} 103 106
[ 162.052][d][ffmpeg/video] h264: {1b81be68-a0c7-11d3-b984-00c04f2e73c5} 103 106
[ 162.052][d][ffmpeg/video] h264: {5b11d51b-2f4c-4452-bcc3-09f2a1160cc0} 103 106
[ 162.053][d][ffmpeg/video] h264: {107af0e0-ef1a-4d19-aba8-67a163073d13} 104 106
[ 162.053][d][ffmpeg/video] h264: {1a72925f-0c2c-4f15-96fb-b17d1473603f} 104 106
[ 162.053][d][ffmpeg/video] h264: {15df9b21-06c4-47f1-841e-a67c97d7f312} 103 106
[ 162.053][d][ffmpeg/video] h264: {efd64d74-c9e8-41d7-a5e9-e9b0e39fa319} 103 106
[ 162.054][d][ffmpeg/video] h264: {ed418a9f-010d-4eda-9ae3-9a65358d8d2e} 103 106
[ 162.054][d][ffmpeg/video] h264: {9947ec6f-689b-11dc-a320-0019dbbc4184} 103 106
[ 162.054][d][ffmpeg/video] h264: {33fcfe41-de46-4a49-861b-ac71110649d5} 103 106 107
[ 162.054][d][ffmpeg/video] h264: {463707f8-a1d0-4585-876d-83aa6d60b89e} 103 106
[ 162.054][d][ffmpeg/video] h264: {a4c749ef-6ecf-48aa-8448-50a7a1165ff7} 104 106
[ 162.054][d][ffmpeg/video] h264: {dda19dc7-93b5-49f5-a9b3-2bda28a2ce6e} 104 106
[ 162.054][d][ffmpeg/video] h264: {b8be4ccb-cf53-46ba-8d59-d6b8a6da5d2a} 103 104 106
[ 162.055][d][ffmpeg/video] h264: {6affd11e-1d96-42b1-a215-93a31f09a53d} 103 106
[ 162.055][d][ffmpeg/video] h264: {914c84a3-4078-4fa9-984c-e2f262cb5c9c} 103 106
[ 162.055][d][ffmpeg/video] h264: {8a1a1031-29bc-46d0-a007-e9b092ca6767} 103 106
[ 162.056][d][ffmpeg/video] h264: Reinit context to 1920x1088, pix_fmt: d3d11
[ 162.065][i][vd] Using hardware decoding (d3d11va).
[ 162.065][v][vd] Decoder format: 1920x1080 d3d11[nv12] bt.709/bt.709/bt.1886/limited/auto CL=mpeg2/4/h264 crop=1920x1080+0+0 A=none
[ 162.065][v][vf] [in] 1920x1080 d3d11[nv12] bt.709/bt.709/bt.1886/limited/display CL=mpeg2/4/h264 crop=1920x1080+0+0 A=none
[ 162.065][v][vf] [userdeint] 1920x1080 d3d11[nv12] bt.709/bt.709/bt.1886/limited/display CL=mpeg2/4/h264 crop=1920x1080+0+0 A=none
[ 162.065][v][vf] [userdeint] (disabled)
[ 162.065][v][vf] [autovflip] 1920x1080 d3d11[nv12] bt.709/bt.709/bt.1886/limited/display CL=mpeg2/4/h264 crop=1920x1080+0+0 A=none
[ 162.065][v][vf] [autovflip] (disabled)
[ 162.065][v][vf] [autorotate] 1920x1080 d3d11[nv12] bt.709/bt.709/bt.1886/limited/display CL=mpeg2/4/h264 crop=1920x1080+0+0 A=none
[ 162.065][v][vf] [autorotate] (disabled)
[ 162.065][v][vf] [convert] 1920x1080 d3d11[nv12] bt.709/bt.709/bt.1886/limited/display CL=mpeg2/4/h264 crop=1920x1080+0+0 A=none
[ 162.065][v][vo/gpu] Loading hwdec drivers for format: 'd3d11'
[ 162.065][v][vo/gpu] Loading hwdec driver 'd3d11-egl'
[ 162.065][v][vo/gpu] Loading failed.
[ 162.065][d][hwupload] looking at format d3d11/nv12
[ 162.065][d][hwupload]   supports: nv12 p010 bgra x2bgr10 rgbaf16 vuyx yuyv422 y210 xv30 y216 xv48 y212 xv36 yuv420p
[ 162.065][d][hwupload] looking at format d3d11/p010
[ 162.065][d][hwupload]   supports: nv12 p010 bgra x2bgr10 rgbaf16 vuyx yuyv422 y210 xv30 y216 xv48 y212 xv36 yuv420p
[ 162.065][d][hwupload] looking at format d3d11/bgra
[ 162.065][d][hwupload]   supports: nv12 p010 bgra x2bgr10 rgbaf16 vuyx yuyv422 y210 xv30 y216 xv48 y212 xv36 yuv420p
[ 162.065][d][hwupload] looking at format d3d11/x2bgr10
[ 162.065][d][hwupload]   supports: nv12 p010 bgra x2bgr10 rgbaf16 vuyx yuyv422 y210 xv30 y216 xv48 y212 xv36 yuv420p
[ 162.065][d][hwupload] looking at format d3d11/rgbaf16
[ 162.065][d][hwupload]   supports: nv12 p010 bgra x2bgr10 rgbaf16 vuyx yuyv422 y210 xv30 y216 xv48 y212 xv36 yuv420p
[ 162.065][d][hwupload] looking at format d3d11/vuyx
[ 162.065][d][hwupload]   supports: nv12 p010 bgra x2bgr10 rgbaf16 vuyx yuyv422 y210 xv30 y216 xv48 y212 xv36 yuv420p
[ 162.065][d][hwupload] looking at format d3d11/yuyv422
[ 162.065][d][hwupload]   not supported by VO
[ 162.065][d][hwupload] looking at format d3d11/y210
[ 162.065][d][hwupload]   not supported by VO
[ 162.065][d][hwupload] looking at format d3d11/xv30
[ 162.065][d][hwupload]   supports: nv12 p010 bgra x2bgr10 rgbaf16 vuyx yuyv422 y210 xv30 y216 xv48 y212 xv36 yuv420p
[ 162.065][d][hwupload] looking at format d3d11/y216
[ 162.065][d][hwupload]   not supported by VO
[ 162.065][d][hwupload] looking at format d3d11/xv48
[ 162.065][d][hwupload]   supports: nv12 p010 bgra x2bgr10 rgbaf16 vuyx yuyv422 y210 xv30 y216 xv48 y212 xv36 yuv420p
[ 162.065][d][hwupload] looking at format d3d11/y212
[ 162.065][d][hwupload]   not supported by VO
[ 162.065][d][hwupload] looking at format d3d11/xv36
[ 162.065][d][hwupload]   supports: nv12 p010 bgra x2bgr10 rgbaf16 vuyx yuyv422 y210 xv30 y216 xv48 y212 xv36 yuv420p
[ 162.065][d][hwupload] looking at format d3d11/yuv420p
[ 162.065][d][hwupload]   not supported by VO
[ 162.065][v][vf] [out] 1920x1080 d3d11[nv12] bt.709/bt.709/bt.1886/limited/display CL=mpeg2/4/h264 crop=1920x1080+0+0 A=none
[ 162.066][i][cplayer] VO: [gpu] 1920x1080 d3d11[nv12]
[ 162.066][v][cplayer] VO: Description: Shader-based GPU Renderer
[ 162.066][v][vo/gpu] reconfig to 1920x1080 d3d11[nv12] bt.709/bt.709/bt.1886/limited/display CL=mpeg2/4/h264 crop=1920x1080+0+0 A=none
[ 162.066][d][vo/gpu] max content size: 1920x1140
[ 162.066][d][vo/gpu] monitor size: 1920x1200
[ 162.067][v][vo/gpu] Resize: 1920x1200
[ 162.067][v][vo/gpu] Window size: 1920x1200 (Borders: l=0 t=0 r=0 b=0)
[ 162.067][v][vo/gpu] Video source: 1920x1080 (1:1)
[ 162.067][v][vo/gpu] Video display: (95, 0) 1729x1080 -> (0, 0) 1920x1200
[ 162.067][v][vo/gpu] Video scale: 1.110468/1.111111
[ 162.067][v][vo/gpu] OSD borders: l=-106 t=0 r=-107 b=0
[ 162.067][v][vo/gpu] Video borders: l=0 t=0 r=0 b=0
[ 162.067][v][vo/gpu] Reported display depth: 8
[ 162.067][v][vo/gpu] Testing FBO format rgba16hf
[ 162.067][d][vo/gpu] Resizing texture: 16x16
[ 162.067][v][vo/gpu] Using FBO format rgba16hf.
[ 162.067][v][vo/gpu] No advanced processing required. Enabling dumb mode.
[ 162.068][v][vo/gpu] Resize: 1920x1200
[ 162.068][v][vo/gpu] Window size: 1920x1200 (Borders: l=0 t=0 r=0 b=0)
[ 162.068][v][vo/gpu] Video source: 1920x1080 (1:1)
[ 162.068][v][vo/gpu] Video display: (95, 0) 1729x1080 -> (0, 0) 1920x1200
[ 162.068][v][vo/gpu] Video scale: 1.110468/1.111111
[ 162.068][v][vo/gpu] OSD borders: l=-106 t=0 r=-107 b=0
[ 162.068][v][vo/gpu] Video borders: l=0 t=0 r=0 b=0
[ 162.068][v][vo/gpu] Reported display depth: 8
[ 162.088][v][cplayer] first video frame after restart shown
[ 162.088][d][cplayer] starting video playback
[ 162.088][v][cplayer] playback restart complete @ 0.000000, audio=eof, video=playing (paused)
[ 167.085][v][ipc_75] Client connected
[ 167.085][v][cplayer] Set property: pause=true -> 1
[ 167.086][v][ipc_75] Client disconnected
[ 167.086][d][ipc_75] Destroying client handle...
[ 167.086][v][ipc_76] Client connected
[ 167.086][d][cplayer] Run command: loadfile, flags=64, args=[url="E:\\ВсякоеРазное\\Свалка\\Обои\\Wallsets\\Наборы\\Второй набор\\951259031 — firewatch.mp4", flags="replace", index="-1", options=""]
[ 167.086][v][cplayer] EOF code: 3  
[ 167.086][d][vd] Uninit decoder.
[ 167.086][v][ipc_76] Client disconnected
[ 167.086][d][ipc_76] Destroying client handle...
[ 167.089][v][ipc_77] Client connected
[ 167.092][d][cplayer] Terminating demuxers...
[ 167.092][d][cplayer] Done terminating demuxers.
[ 167.093][v][cplayer] finished playback, success (reason 2)
[ 167.093][v][cplayer] Running hook: ytdl_hook/on_after_end_file
[ 167.093][v][ipc_77] Client disconnected
[ 167.093][d][ipc_77] Destroying client handle...
[ 167.093][d][cplayer] Run command: del, flags=64, args=[name="user-data/mpv/ytdl/json-subprocess-result"]
[ 167.093][d][global] state path: 'watch_later' -> '-'
[ 167.093][v][cplayer] Running hook: ytdl_hook/on_load
[ 167.093][v][ipc_78] Client connected
[ 167.094][v][ipc_78] Client disconnected
[ 167.094][d][ipc_78] Destroying client handle...
[ 167.094][v][cplayer] Running hook: ytdl_hook/on_load
[ 167.094][v][ytdl_hook] playlist hook
[ 167.094][v][ifo_dvda] Opening E:\ВсякоеРазное\Свалка\Обои\Wallsets\Наборы\Второй набор\951259031 — firewatch.mp4
[ 167.094][v][ifo_dvdnav] Opening E:\ВсякоеРазное\Свалка\Обои\Wallsets\Наборы\Второй набор\951259031 — firewatch.mp4
[ 167.095][v][bdmv/bluray] Opening E:\ВсякоеРазное\Свалка\Обои\Wallsets\Наборы\Второй набор\951259031 — firewatch.mp4
[ 167.095][v][file] Opening E:\ВсякоеРазное\Свалка\Обои\Wallsets\Наборы\Второй набор\951259031 — firewatch.mp4
[ 167.095][d][file] resize stream to 131072 bytes, drop 0 bytes
[ 167.095][d][file] Stream opened successfully.
[ 167.095][v][demux] Trying demuxers for level=normal.
[ 167.095][d][demux] Trying demuxer: directory (force-level: normal)
[ 167.095][d][demux] Trying demuxer: disc (force-level: normal)
[ 167.095][d][demux] Trying demuxer: edl (force-level: normal)
[ 167.095][d][demux] Trying demuxer: cue (force-level: normal)
[ 167.095][d][demux] Trying demuxer: rawaudio (force-level: normal)
[ 167.095][d][demux] Trying demuxer: rawvideo (force-level: normal)
[ 167.095][d][demux] Trying demuxer: mkv (force-level: normal)
[ 167.095][d][demux] Trying demuxer: libarchive (force-level: normal)
[ 167.095][d][demux] Trying demuxer: subrandr (force-level: normal)
[ 167.095][d][demux] Trying demuxer: lavf (force-level: normal)
[ 167.097][v][lavf] Found 'mov,mp4,m4a,3gp,3g2,mj2' at score=100 size=2048.
[ 167.098][v][lavf] Could not set AVOption http_persistent='0'
[ 167.098][v][lavf] Could not set AVOption http_multiple='1'
[ 167.098][v][demux] Detected file format: mov,mp4,m4a,3gp,3g2,mj2 (libavformat)
[ 167.098][v][cplayer] Opening done: E:\ВсякоеРазное\Свалка\Обои\Wallsets\Наборы\Второй набор\951259031 — firewatch.mp4
[ 167.098][v][find_files] Loading external files in E:\ВсякоеРазное\Свалка\Обои\Wallsets\Наборы\Второй набор\
[ 167.099][v][cplayer] Running hook: ytdl_hook/on_preloaded
[ 167.099][v][lavf] select track 1
[ 167.099][i][cplayer] ● Video  --vid=1  --vlang=eng  (h264 1920x1080 30 fps 18342 kbps) [default]
[ 167.099][i][cplayer] ○ Audio  --aid=1  --alang=eng  (aac 2ch 48000 Hz 192 kbps) [default]
[ 167.099][v][vd] Container reported FPS: 30.000000
[ 167.099][v][vd] Codec list:
[ 167.099][v][vd]     h264 - H.264 / AVC / MPEG-4 AVC / MPEG-4 part 10
[ 167.099][v][vd]     h264_qsv (h264) - H264 video (Intel Quick Sync Video acceleration)
[ 167.099][v][vd]     h264_amf (h264) - H264 AMD AMF video decoder
[ 167.099][v][vd]     h264_cuvid (h264) - Nvidia CUVID H264 decoder
[ 167.099][v][vd] Opening decoder h264
[ 167.099][v][vd] Looking at hwdec h264-d3d11va...
[ 167.099][v][vo/gpu] Loading hwdec drivers for format: 'd3d11'
[ 167.099][v][vo/gpu] Loading hwdec driver 'd3d11-egl'
[ 167.099][v][vo/gpu] Loading failed.
[ 167.100][v][vd] Trying hardware decoding via h264-d3d11va.
[ 167.100][v][vd] Requesting 4 threads for decoding.
[ 167.100][v][vd] Selected decoder: h264 - H.264 / AVC / MPEG-4 AVC / MPEG-4 part 10
[ 167.100][v][vf] User filter list:
[ 167.100][v][vf]   (empty)
[ 167.100][v][cplayer] Starting playback...
[ 167.101][v][vd] Pixel formats supported by decoder: vulkan cuda cuarray dxva2_vld d3d11va_vld d3d11 d3d12 vaapi yuv420p
[ 167.101][v][vd] Codec profile: Main (0x4d)
[ 167.104][v][vd] Allocated a fixed pool of 26 hw surfaces.
[ 167.104][v][vd] Requesting pixfmt 'd3d11' from decoder.
[ 167.104][d][ffmpeg/video] h264: Decoder GUIDs reported as supported:
[ 167.104][d][ffmpeg/video] h264: {86695f12-340e-4f04-9fd3-9253dd327460} 103 106
[ 167.104][d][ffmpeg/video] h264: {ee27417f-5e28-4e65-beea-1d26b508adc9} 103 106
[ 167.104][d][ffmpeg/video] h264: {6f3ec719-3735-42cc-8063-65cc3cb36616} 103 106
[ 167.104][d][ffmpeg/video] h264: {1b81bea4-a0c7-11d3-b984-00c04f2e73c5} 103 106
[ 167.105][d][ffmpeg/video] h264: {1b81bea3-a0c7-11d3-b984-00c04f2e73c5} 103 106
[ 167.105][d][ffmpeg/video] h264: {32fcfe3f-de46-4a49-861b-ac71110649d5} 103 106
[ 167.105][d][ffmpeg/video] h264: {d79be8da-0cf1-4c81-b82a-69a4e236f43d} 103 106
[ 167.105][d][ffmpeg/video] h264: {f9aaccbb-c2b6-4cfc-8779-5707b1760552} 103 106
[ 167.105][d][ffmpeg/video] h264: {1b81be68-a0c7-11d3-b984-00c04f2e73c5} 103 106
[ 167.105][d][ffmpeg/video] h264: {5b11d51b-2f4c-4452-bcc3-09f2a1160cc0} 103 106
[ 167.106][d][ffmpeg/video] h264: {107af0e0-ef1a-4d19-aba8-67a163073d13} 104 106
[ 167.106][d][ffmpeg/video] h264: {1a72925f-0c2c-4f15-96fb-b17d1473603f} 104 106
[ 167.106][d][ffmpeg/video] h264: {15df9b21-06c4-47f1-841e-a67c97d7f312} 103 106
[ 167.106][d][ffmpeg/video] h264: {efd64d74-c9e8-41d7-a5e9-e9b0e39fa319} 103 106
[ 167.106][d][ffmpeg/video] h264: {ed418a9f-010d-4eda-9ae3-9a65358d8d2e} 103 106
[ 167.107][d][ffmpeg/video] h264: {9947ec6f-689b-11dc-a320-0019dbbc4184} 103 106
[ 167.107][d][ffmpeg/video] h264: {33fcfe41-de46-4a49-861b-ac71110649d5} 103 106 107
[ 167.107][d][ffmpeg/video] h264: {463707f8-a1d0-4585-876d-83aa6d60b89e} 103 106
[ 167.107][d][ffmpeg/video] h264: {a4c749ef-6ecf-48aa-8448-50a7a1165ff7} 104 106
[ 167.107][d][ffmpeg/video] h264: {dda19dc7-93b5-49f5-a9b3-2bda28a2ce6e} 104 106
[ 167.107][d][ffmpeg/video] h264: {b8be4ccb-cf53-46ba-8d59-d6b8a6da5d2a} 103 104 106
[ 167.108][d][ffmpeg/video] h264: {6affd11e-1d96-42b1-a215-93a31f09a53d} 103 106
[ 167.108][d][ffmpeg/video] h264: {914c84a3-4078-4fa9-984c-e2f262cb5c9c} 103 106
[ 167.108][d][ffmpeg/video] h264: {8a1a1031-29bc-46d0-a007-e9b092ca6767} 103 106
[ 167.108][d][ffmpeg/video] h264: Reinit context to 1920x1088, pix_fmt: d3d11
[ 167.111][i][vd] Using hardware decoding (d3d11va).
[ 167.111][v][vd] Decoder format: 1920x1080 d3d11[nv12] auto/auto/auto/limited/auto CL=mpeg2/4/h264 crop=1920x1080+0+0 A=none
[ 167.111][v][vf] [in] 1920x1080 d3d11[nv12] bt.709/bt.709/bt.1886/limited/display CL=mpeg2/4/h264 crop=1920x1080+0+0 A=none
[ 167.111][v][vf] [userdeint] 1920x1080 d3d11[nv12] bt.709/bt.709/bt.1886/limited/display CL=mpeg2/4/h264 crop=1920x1080+0+0 A=none
[ 167.111][v][vf] [userdeint] (disabled)
[ 167.111][v][vf] [autovflip] 1920x1080 d3d11[nv12] bt.709/bt.709/bt.1886/limited/display CL=mpeg2/4/h264 crop=1920x1080+0+0 A=none
[ 167.111][v][vf] [autovflip] (disabled)
[ 167.111][v][vf] [autorotate] 1920x1080 d3d11[nv12] bt.709/bt.709/bt.1886/limited/display CL=mpeg2/4/h264 crop=1920x1080+0+0 A=none
[ 167.111][v][vf] [autorotate] (disabled)
[ 167.111][v][vf] [convert] 1920x1080 d3d11[nv12] bt.709/bt.709/bt.1886/limited/display CL=mpeg2/4/h264 crop=1920x1080+0+0 A=none
[ 167.111][v][vo/gpu] Loading hwdec drivers for format: 'd3d11'
[ 167.111][v][vo/gpu] Loading hwdec driver 'd3d11-egl'
[ 167.111][v][vo/gpu] Loading failed.
[ 167.111][d][hwupload] looking at format d3d11/nv12
[ 167.111][d][hwupload]   supports: nv12 p010 bgra x2bgr10 rgbaf16 vuyx yuyv422 y210 xv30 y216 xv48 y212 xv36 yuv420p
[ 167.111][d][hwupload] looking at format d3d11/p010
[ 167.111][d][hwupload]   supports: nv12 p010 bgra x2bgr10 rgbaf16 vuyx yuyv422 y210 xv30 y216 xv48 y212 xv36 yuv420p
[ 167.111][d][hwupload] looking at format d3d11/bgra
[ 167.111][d][hwupload]   supports: nv12 p010 bgra x2bgr10 rgbaf16 vuyx yuyv422 y210 xv30 y216 xv48 y212 xv36 yuv420p
[ 167.111][d][hwupload] looking at format d3d11/x2bgr10
[ 167.111][d][hwupload]   supports: nv12 p010 bgra x2bgr10 rgbaf16 vuyx yuyv422 y210 xv30 y216 xv48 y212 xv36 yuv420p
[ 167.111][d][hwupload] looking at format d3d11/rgbaf16
[ 167.111][d][hwupload]   supports: nv12 p010 bgra x2bgr10 rgbaf16 vuyx yuyv422 y210 xv30 y216 xv48 y212 xv36 yuv420p
[ 167.111][d][hwupload] looking at format d3d11/vuyx
[ 167.111][d][hwupload]   supports: nv12 p010 bgra x2bgr10 rgbaf16 vuyx yuyv422 y210 xv30 y216 xv48 y212 xv36 yuv420p
[ 167.111][d][hwupload] looking at format d3d11/yuyv422
[ 167.111][d][hwupload]   not supported by VO
[ 167.111][d][hwupload] looking at format d3d11/y210
[ 167.111][d][hwupload]   not supported by VO
[ 167.111][d][hwupload] looking at format d3d11/xv30
[ 167.111][d][hwupload]   supports: nv12 p010 bgra x2bgr10 rgbaf16 vuyx yuyv422 y210 xv30 y216 xv48 y212 xv36 yuv420p
[ 167.111][d][hwupload] looking at format d3d11/y216
[ 167.111][d][hwupload]   not supported by VO
[ 167.111][d][hwupload] looking at format d3d11/xv48
[ 167.111][d][hwupload]   supports: nv12 p010 bgra x2bgr10 rgbaf16 vuyx yuyv422 y210 xv30 y216 xv48 y212 xv36 yuv420p
[ 167.111][d][hwupload] looking at format d3d11/y212
[ 167.111][d][hwupload]   not supported by VO
[ 167.111][d][hwupload] looking at format d3d11/xv36
[ 167.111][d][hwupload]   supports: nv12 p010 bgra x2bgr10 rgbaf16 vuyx yuyv422 y210 xv30 y216 xv48 y212 xv36 yuv420p
[ 167.112][d][hwupload] looking at format d3d11/yuv420p
[ 167.112][d][hwupload]   not supported by VO
[ 167.112][v][vf] [out] 1920x1080 d3d11[nv12] bt.709/bt.709/bt.1886/limited/display CL=mpeg2/4/h264 crop=1920x1080+0+0 A=none
[ 167.118][v][cplayer] first video frame after restart shown
[ 167.118][d][cplayer] starting video playback
[ 167.118][v][cplayer] playback restart complete @ 0.033333, audio=eof, video=playing (paused)
[ 172.142][v][ipc_79] Client connected
[ 172.142][v][cplayer] Set property: pause=true -> 1
[ 172.142][v][ipc_79] Client disconnected
[ 172.142][d][ipc_79] Destroying client handle...
[ 172.142][v][ipc_80] Client connected
[ 172.142][d][cplayer] Run command: loadfile, flags=64, args=[url="E:\\ВсякоеРазное\\Свалка\\Обои\\Wallsets\\Наборы\\Второй набор\\1176090049 — Winter camp.mp4", flags="replace", index="-1", options=""]
[ 172.143][v][cplayer] EOF code: 3  
[ 172.143][d][vd] Uninit decoder.
[ 172.143][v][ipc_80] Client disconnected
[ 172.143][d][ipc_80] Destroying client handle...
[ 172.144][v][ipc_81] Client connected
[ 172.146][d][cplayer] Terminating demuxers...
[ 172.146][v][ipc_81] Client disconnected
[ 172.146][d][ipc_81] Destroying client handle...
[ 172.146][v][ipc_82] Client connected
[ 172.146][d][cplayer] Done terminating demuxers.
[ 172.146][v][cplayer] finished playback, success (reason 2)
[ 172.146][v][cplayer] Running hook: ytdl_hook/on_after_end_file
[ 172.146][v][ipc_82] Client disconnected
[ 172.146][d][ipc_82] Destroying client handle...
[ 172.147][d][cplayer] Run command: del, flags=64, args=[name="user-data/mpv/ytdl/json-subprocess-result"]
[ 172.147][d][global] state path: 'watch_later' -> '-'
[ 172.147][v][cplayer] Running hook: ytdl_hook/on_load
[ 172.148][v][cplayer] Running hook: ytdl_hook/on_load
[ 172.148][v][ytdl_hook] playlist hook
[ 172.149][v][ifo_dvda] Opening E:\ВсякоеРазное\Свалка\Обои\Wallsets\Наборы\Второй набор\1176090049 — Winter camp.mp4
[ 172.149][v][ifo_dvdnav] Opening E:\ВсякоеРазное\Свалка\Обои\Wallsets\Наборы\Второй набор\1176090049 — Winter camp.mp4
[ 172.149][v][bdmv/bluray] Opening E:\ВсякоеРазное\Свалка\Обои\Wallsets\Наборы\Второй набор\1176090049 — Winter camp.mp4
[ 172.149][v][file] Opening E:\ВсякоеРазное\Свалка\Обои\Wallsets\Наборы\Второй набор\1176090049 — Winter camp.mp4
[ 172.149][d][file] resize stream to 131072 bytes, drop 0 bytes
[ 172.149][d][file] Stream opened successfully.
[ 172.149][v][demux] Trying demuxers for level=normal.
[ 172.149][d][demux] Trying demuxer: directory (force-level: normal)
[ 172.149][d][demux] Trying demuxer: disc (force-level: normal)
[ 172.149][d][demux] Trying demuxer: edl (force-level: normal)
[ 172.149][d][demux] Trying demuxer: cue (force-level: normal)
[ 172.149][d][demux] Trying demuxer: rawaudio (force-level: normal)
[ 172.149][d][demux] Trying demuxer: rawvideo (force-level: normal)
[ 172.149][d][demux] Trying demuxer: mkv (force-level: normal)
[ 172.149][d][demux] Trying demuxer: libarchive (force-level: normal)
[ 172.149][d][demux] Trying demuxer: subrandr (force-level: normal)
[ 172.149][d][demux] Trying demuxer: lavf (force-level: normal)
[ 172.151][v][lavf] Found 'mov,mp4,m4a,3gp,3g2,mj2' at score=100 size=2048.
[ 172.152][v][lavf] Could not set AVOption http_persistent='0'
[ 172.152][v][lavf] Could not set AVOption http_multiple='1'
[ 172.152][v][demux] Detected file format: mov,mp4,m4a,3gp,3g2,mj2 (libavformat)
[ 172.152][v][cplayer] Opening done: E:\ВсякоеРазное\Свалка\Обои\Wallsets\Наборы\Второй набор\1176090049 — Winter camp.mp4
[ 172.152][v][find_files] Loading external files in E:\ВсякоеРазное\Свалка\Обои\Wallsets\Наборы\Второй набор\
[ 172.153][v][cplayer] Running hook: ytdl_hook/on_preloaded
[ 172.153][v][lavf] select track 0
[ 172.153][i][cplayer] ● Video  --vid=1  (h264 1920x1080 30 fps 11673 kbps) [default]
[ 172.153][i][display-tags] File tags:
[ 172.153][i][display-tags]  Title: Winter camp
[ 172.153][v][vd] Container reported FPS: 30.000000
[ 172.153][v][vd] Codec list:
[ 172.153][v][vd]     h264 - H.264 / AVC / MPEG-4 AVC / MPEG-4 part 10
[ 172.153][v][vd]     h264_qsv (h264) - H264 video (Intel Quick Sync Video acceleration)
[ 172.153][v][vd]     h264_amf (h264) - H264 AMD AMF video decoder
[ 172.153][v][vd]     h264_cuvid (h264) - Nvidia CUVID H264 decoder
[ 172.153][v][vd] Opening decoder h264
[ 172.153][v][vd] Looking at hwdec h264-d3d11va...
[ 172.153][v][vo/gpu] Loading hwdec drivers for format: 'd3d11'
[ 172.153][v][vo/gpu] Loading hwdec driver 'd3d11-egl'
[ 172.153][v][vo/gpu] Loading failed.
[ 172.153][v][vd] Trying hardware decoding via h264-d3d11va.
[ 172.153][v][vd] Requesting 4 threads for decoding.
[ 172.154][v][vd] Selected decoder: h264 - H.264 / AVC / MPEG-4 AVC / MPEG-4 part 10
[ 172.154][v][vf] User filter list:
[ 172.154][v][vf]   (empty)
[ 172.154][v][cplayer] Starting playback...
[ 172.155][v][vd] Pixel formats supported by decoder: vulkan cuda cuarray dxva2_vld d3d11va_vld d3d11 d3d12 vaapi yuv420p
[ 172.155][v][vd] Codec profile: High (0x64)
[ 172.157][v][vd] Allocated a fixed pool of 26 hw surfaces.
[ 172.157][v][vd] Requesting pixfmt 'd3d11' from decoder.
[ 172.157][d][ffmpeg/video] h264: Decoder GUIDs reported as supported:
[ 172.157][d][ffmpeg/video] h264: {86695f12-340e-4f04-9fd3-9253dd327460} 103 106
[ 172.157][d][ffmpeg/video] h264: {ee27417f-5e28-4e65-beea-1d26b508adc9} 103 106
[ 172.157][d][ffmpeg/video] h264: {6f3ec719-3735-42cc-8063-65cc3cb36616} 103 106
[ 172.158][d][ffmpeg/video] h264: {1b81bea4-a0c7-11d3-b984-00c04f2e73c5} 103 106
[ 172.158][d][ffmpeg/video] h264: {1b81bea3-a0c7-11d3-b984-00c04f2e73c5} 103 106
[ 172.158][d][ffmpeg/video] h264: {32fcfe3f-de46-4a49-861b-ac71110649d5} 103 106
[ 172.158][d][ffmpeg/video] h264: {d79be8da-0cf1-4c81-b82a-69a4e236f43d} 103 106
[ 172.158][d][ffmpeg/video] h264: {f9aaccbb-c2b6-4cfc-8779-5707b1760552} 103 106
[ 172.158][d][ffmpeg/video] h264: {1b81be68-a0c7-11d3-b984-00c04f2e73c5} 103 106
[ 172.159][d][ffmpeg/video] h264: {5b11d51b-2f4c-4452-bcc3-09f2a1160cc0} 103 106
[ 172.159][d][ffmpeg/video] h264: {107af0e0-ef1a-4d19-aba8-67a163073d13} 104 106
[ 172.159][d][ffmpeg/video] h264: {1a72925f-0c2c-4f15-96fb-b17d1473603f} 104 106
[ 172.159][d][ffmpeg/video] h264: {15df9b21-06c4-47f1-841e-a67c97d7f312} 103 106
[ 172.159][d][ffmpeg/video] h264: {efd64d74-c9e8-41d7-a5e9-e9b0e39fa319} 103 106
[ 172.159][d][ffmpeg/video] h264: {ed418a9f-010d-4eda-9ae3-9a65358d8d2e} 103 106
[ 172.160][d][ffmpeg/video] h264: {9947ec6f-689b-11dc-a320-0019dbbc4184} 103 106
[ 172.160][d][ffmpeg/video] h264: {33fcfe41-de46-4a49-861b-ac71110649d5} 103 106 107
[ 172.160][d][ffmpeg/video] h264: {463707f8-a1d0-4585-876d-83aa6d60b89e} 103 106
[ 172.160][d][ffmpeg/video] h264: {a4c749ef-6ecf-48aa-8448-50a7a1165ff7} 104 106
[ 172.160][d][ffmpeg/video] h264: {dda19dc7-93b5-49f5-a9b3-2bda28a2ce6e} 104 106
[ 172.160][d][ffmpeg/video] h264: {b8be4ccb-cf53-46ba-8d59-d6b8a6da5d2a} 103 104 106
[ 172.161][d][ffmpeg/video] h264: {6affd11e-1d96-42b1-a215-93a31f09a53d} 103 106
[ 172.161][d][ffmpeg/video] h264: {914c84a3-4078-4fa9-984c-e2f262cb5c9c} 103 106
[ 172.161][d][ffmpeg/video] h264: {8a1a1031-29bc-46d0-a007-e9b092ca6767} 103 106
[ 172.161][d][ffmpeg/video] h264: Reinit context to 1920x1088, pix_fmt: d3d11
[ 172.164][i][vd] Using hardware decoding (d3d11va).
[ 172.164][v][vd] Decoder format: 1920x1080 d3d11[nv12] bt.709/bt.709/srgb/limited/auto CL=mpeg2/4/h264 crop=1920x1080+0+0 A=none
[ 172.164][v][vd] Using container aspect ratio.
[ 172.164][v][vf] [in] 1920x1080 d3d11[nv12] bt.709/bt.709/srgb/limited/display CL=mpeg2/4/h264 crop=1920x1080+0+0 A=none
[ 172.164][v][vf] [userdeint] 1920x1080 d3d11[nv12] bt.709/bt.709/srgb/limited/display CL=mpeg2/4/h264 crop=1920x1080+0+0 A=none
[ 172.164][v][vf] [userdeint] (disabled)
[ 172.164][v][vf] [autovflip] 1920x1080 d3d11[nv12] bt.709/bt.709/srgb/limited/display CL=mpeg2/4/h264 crop=1920x1080+0+0 A=none
[ 172.164][v][vf] [autovflip] (disabled)
[ 172.164][v][vf] [autorotate] 1920x1080 d3d11[nv12] bt.709/bt.709/srgb/limited/display CL=mpeg2/4/h264 crop=1920x1080+0+0 A=none
[ 172.164][v][vf] [autorotate] (disabled)
[ 172.164][v][vf] [convert] 1920x1080 d3d11[nv12] bt.709/bt.709/srgb/limited/display CL=mpeg2/4/h264 crop=1920x1080+0+0 A=none
[ 172.164][v][vo/gpu] Loading hwdec drivers for format: 'd3d11'
[ 172.164][v][vo/gpu] Loading hwdec driver 'd3d11-egl'
[ 172.164][v][vo/gpu] Loading failed.
[ 172.164][d][hwupload] looking at format d3d11/nv12
[ 172.164][d][hwupload]   supports: nv12 p010 bgra x2bgr10 rgbaf16 vuyx yuyv422 y210 xv30 y216 xv48 y212 xv36 yuv420p
[ 172.164][d][hwupload] looking at format d3d11/p010
[ 172.164][d][hwupload]   supports: nv12 p010 bgra x2bgr10 rgbaf16 vuyx yuyv422 y210 xv30 y216 xv48 y212 xv36 yuv420p
[ 172.164][d][hwupload] looking at format d3d11/bgra
[ 172.164][d][hwupload]   supports: nv12 p010 bgra x2bgr10 rgbaf16 vuyx yuyv422 y210 xv30 y216 xv48 y212 xv36 yuv420p
[ 172.164][d][hwupload] looking at format d3d11/x2bgr10
[ 172.164][d][hwupload]   supports: nv12 p010 bgra x2bgr10 rgbaf16 vuyx yuyv422 y210 xv30 y216 xv48 y212 xv36 yuv420p
[ 172.164][d][hwupload] looking at format d3d11/rgbaf16
[ 172.164][d][hwupload]   supports: nv12 p010 bgra x2bgr10 rgbaf16 vuyx yuyv422 y210 xv30 y216 xv48 y212 xv36 yuv420p
[ 172.164][d][hwupload] looking at format d3d11/vuyx
[ 172.164][d][hwupload]   supports: nv12 p010 bgra x2bgr10 rgbaf16 vuyx yuyv422 y210 xv30 y216 xv48 y212 xv36 yuv420p
[ 172.164][d][hwupload] looking at format d3d11/yuyv422
[ 172.164][d][hwupload]   not supported by VO
[ 172.164][d][hwupload] looking at format d3d11/y210
[ 172.164][d][hwupload]   not supported by VO
[ 172.164][d][hwupload] looking at format d3d11/xv30
[ 172.164][d][hwupload]   supports: nv12 p010 bgra x2bgr10 rgbaf16 vuyx yuyv422 y210 xv30 y216 xv48 y212 xv36 yuv420p
[ 172.164][d][hwupload] looking at format d3d11/y216
[ 172.164][d][hwupload]   not supported by VO
[ 172.164][d][hwupload] looking at format d3d11/xv48
[ 172.164][d][hwupload]   supports: nv12 p010 bgra x2bgr10 rgbaf16 vuyx yuyv422 y210 xv30 y216 xv48 y212 xv36 yuv420p
[ 172.164][d][hwupload] looking at format d3d11/y212
[ 172.164][d][hwupload]   not supported by VO
[ 172.164][d][hwupload] looking at format d3d11/xv36
[ 172.164][d][hwupload]   supports: nv12 p010 bgra x2bgr10 rgbaf16 vuyx yuyv422 y210 xv30 y216 xv48 y212 xv36 yuv420p
[ 172.164][d][hwupload] looking at format d3d11/yuv420p
[ 172.164][d][hwupload]   not supported by VO
[ 172.164][v][vf] [out] 1920x1080 d3d11[nv12] bt.709/bt.709/srgb/limited/display CL=mpeg2/4/h264 crop=1920x1080+0+0 A=none
[ 172.165][i][cplayer] VO: [gpu] 1920x1080 d3d11[nv12]
[ 172.165][v][cplayer] VO: Description: Shader-based GPU Renderer
[ 172.165][v][vo/gpu] reconfig to 1920x1080 d3d11[nv12] bt.709/bt.709/srgb/limited/display CL=mpeg2/4/h264 crop=1920x1080+0+0 A=none
[ 172.165][d][vo/gpu] max content size: 1920x1140
[ 172.165][d][vo/gpu] monitor size: 1920x1200
[ 172.167][v][vo/gpu] Resize: 1920x1200
[ 172.167][v][vo/gpu] Window size: 1920x1200 (Borders: l=0 t=0 r=0 b=0)
[ 172.167][v][vo/gpu] Video source: 1920x1080 (1:1)
[ 172.167][v][vo/gpu] Video display: (95, 0) 1729x1080 -> (0, 0) 1920x1200
[ 172.167][v][vo/gpu] Video scale: 1.110468/1.111111
[ 172.167][v][vo/gpu] OSD borders: l=-106 t=0 r=-107 b=0
[ 172.167][v][vo/gpu] Video borders: l=0 t=0 r=0 b=0
[ 172.167][v][vo/gpu] Reported display depth: 8
[ 172.167][v][vo/gpu] Testing FBO format rgba16hf
[ 172.167][d][vo/gpu] Resizing texture: 16x16
[ 172.167][v][vo/gpu] Using FBO format rgba16hf.
[ 172.167][v][vo/gpu] No advanced processing required. Enabling dumb mode.
[ 172.168][v][vo/gpu] Resize: 1920x1200
[ 172.168][v][vo/gpu] Window size: 1920x1200 (Borders: l=0 t=0 r=0 b=0)
[ 172.168][v][vo/gpu] Video source: 1920x1080 (1:1)
[ 172.168][v][vo/gpu] Video display: (95, 0) 1729x1080 -> (0, 0) 1920x1200
[ 172.168][v][vo/gpu] Video scale: 1.110468/1.111111
[ 172.168][v][vo/gpu] OSD borders: l=-106 t=0 r=-107 b=0
[ 172.168][v][vo/gpu] Video borders: l=0 t=0 r=0 b=0
[ 172.168][v][vo/gpu] Reported display depth: 8
[ 172.172][v][cplayer] first video frame after restart shown
[ 172.172][d][cplayer] starting video playback
[ 172.172][v][cplayer] playback restart complete @ 0.000000, audio=eof, video=playing (paused)
[ 177.180][v][ipc_83] Client connected
[ 177.180][v][cplayer] Set property: pause=true -> 1
[ 177.181][v][ipc_83] Client disconnected
[ 177.181][d][ipc_83] Destroying client handle...
[ 177.181][v][ipc_84] Client connected
[ 177.181][d][cplayer] Run command: loadfile, flags=64, args=[url="E:\\ВсякоеРазное\\Свалка\\Обои\\Wallsets\\Наборы\\Второй набор\\1356373201 — Dragon and Magic.mp4", flags="replace", index="-1", options=""]
[ 177.181][v][cplayer] EOF code: 3  
[ 177.181][d][vd] Uninit decoder.
[ 177.181][v][ipc_84] Client disconnected
[ 177.181][d][ipc_84] Destroying client handle...
[ 177.183][v][ipc_85] Client connected
[ 177.184][d][cplayer] Terminating demuxers...
[ 177.184][d][cplayer] Done terminating demuxers.
[ 177.184][v][cplayer] finished playback, success (reason 2)
[ 177.184][v][cplayer] Running hook: ytdl_hook/on_after_end_file
[ 177.184][v][ipc_85] Client disconnected
[ 177.184][d][cplayer] Run command: del, flags=64, args=[name="user-data/mpv/ytdl/json-subprocess-result"]
[ 177.184][d][ipc_85] Destroying client handle...
[ 177.184][v][ipc_86] Client connected
[ 177.184][d][global] state path: 'watch_later' -> '-'
[ 177.184][v][cplayer] Running hook: ytdl_hook/on_load
[ 177.185][v][cplayer] Running hook: ytdl_hook/on_load
[ 177.185][v][ytdl_hook] playlist hook
[ 177.186][v][ipc_86] Client disconnected
[ 177.187][d][ipc_86] Destroying client handle...
[ 177.187][v][ifo_dvda] Opening E:\ВсякоеРазное\Свалка\Обои\Wallsets\Наборы\Второй набор\1356373201 — Dragon and Magic.mp4
[ 177.187][v][ifo_dvdnav] Opening E:\ВсякоеРазное\Свалка\Обои\Wallsets\Наборы\Второй набор\1356373201 — Dragon and Magic.mp4
[ 177.187][v][bdmv/bluray] Opening E:\ВсякоеРазное\Свалка\Обои\Wallsets\Наборы\Второй набор\1356373201 — Dragon and Magic.mp4
[ 177.187][v][file] Opening E:\ВсякоеРазное\Свалка\Обои\Wallsets\Наборы\Второй набор\1356373201 — Dragon and Magic.mp4
[ 177.187][d][file] resize stream to 131072 bytes, drop 0 bytes
[ 177.187][d][file] Stream opened successfully.
[ 177.187][v][demux] Trying demuxers for level=normal.
[ 177.187][d][demux] Trying demuxer: directory (force-level: normal)
[ 177.187][d][demux] Trying demuxer: disc (force-level: normal)
[ 177.187][d][demux] Trying demuxer: edl (force-level: normal)
[ 177.187][d][demux] Trying demuxer: cue (force-level: normal)
[ 177.187][d][demux] Trying demuxer: rawaudio (force-level: normal)
[ 177.187][d][demux] Trying demuxer: rawvideo (force-level: normal)
[ 177.187][d][demux] Trying demuxer: mkv (force-level: normal)
[ 177.187][d][demux] Trying demuxer: libarchive (force-level: normal)
[ 177.187][d][demux] Trying demuxer: subrandr (force-level: normal)
[ 177.187][d][demux] Trying demuxer: lavf (force-level: normal)
[ 177.189][v][lavf] Found 'mov,mp4,m4a,3gp,3g2,mj2' at score=100 size=2048.
[ 177.190][v][lavf] Could not set AVOption http_persistent='0'
[ 177.190][v][lavf] Could not set AVOption http_multiple='1'
[ 177.190][v][demux] Detected file format: mov,mp4,m4a,3gp,3g2,mj2 (libavformat)
[ 177.190][v][cplayer] Opening done: E:\ВсякоеРазное\Свалка\Обои\Wallsets\Наборы\Второй набор\1356373201 — Dragon and Magic.mp4
[ 177.190][v][find_files] Loading external files in E:\ВсякоеРазное\Свалка\Обои\Wallsets\Наборы\Второй набор\
[ 177.191][v][cplayer] Running hook: ytdl_hook/on_preloaded
[ 177.191][v][lavf] select track 0
[ 177.191][i][cplayer] ● Video  --vid=1  (h264 1300x698 30 fps 940 kbps) [default]
[ 177.191][i][cplayer] ○ Audio  --aid=1  (aac 2ch 44100 Hz 193 kbps) [default]
[ 177.191][i][display-tags] File tags:
[ 177.191][i][display-tags]  Artist: Ãåðîè÷åñêàÿ ìóçûêà
[ 177.191][i][display-tags]  Genre: Äðóãîå
[ 177.191][i][display-tags]  Title: Dragon and Magic
[ 177.191][v][vd] Container reported FPS: 30.000000
[ 177.192][v][vd] Codec list:
[ 177.192][v][vd]     h264 - H.264 / AVC / MPEG-4 AVC / MPEG-4 part 10
[ 177.192][v][vd]     h264_qsv (h264) - H264 video (Intel Quick Sync Video acceleration)
[ 177.192][v][vd]     h264_amf (h264) - H264 AMD AMF video decoder
[ 177.192][v][vd]     h264_cuvid (h264) - Nvidia CUVID H264 decoder
[ 177.192][v][vd] Opening decoder h264
[ 177.192][v][vd] Looking at hwdec h264-d3d11va...
[ 177.192][v][vo/gpu] Loading hwdec drivers for format: 'd3d11'
[ 177.192][v][vo/gpu] Loading hwdec driver 'd3d11-egl'
[ 177.192][v][vo/gpu] Loading failed.
[ 177.192][v][vd] Trying hardware decoding via h264-d3d11va.
[ 177.192][v][vd] Requesting 4 threads for decoding.
[ 177.192][v][vd] Selected decoder: h264 - H.264 / AVC / MPEG-4 AVC / MPEG-4 part 10
[ 177.192][v][vf] User filter list:
[ 177.192][v][vf]   (empty)
[ 177.192][v][cplayer] Starting playback...
[ 177.193][v][vd] Pixel formats supported by decoder: vulkan cuda cuarray dxva2_vld d3d11va_vld d3d11 d3d12 vaapi yuv420p
[ 177.193][v][vd] Codec profile: High (0x64)
[ 177.195][v][vd] Allocated a fixed pool of 26 hw surfaces.
[ 177.195][v][vd] Requesting pixfmt 'd3d11' from decoder.
[ 177.195][d][ffmpeg/video] h264: Decoder GUIDs reported as supported:
[ 177.195][d][ffmpeg/video] h264: {86695f12-340e-4f04-9fd3-9253dd327460} 103 106
[ 177.195][d][ffmpeg/video] h264: {ee27417f-5e28-4e65-beea-1d26b508adc9} 103 106
[ 177.196][d][ffmpeg/video] h264: {6f3ec719-3735-42cc-8063-65cc3cb36616} 103 106
[ 177.196][d][ffmpeg/video] h264: {1b81bea4-a0c7-11d3-b984-00c04f2e73c5} 103 106
[ 177.196][d][ffmpeg/video] h264: {1b81bea3-a0c7-11d3-b984-00c04f2e73c5} 103 106
[ 177.196][d][ffmpeg/video] h264: {32fcfe3f-de46-4a49-861b-ac71110649d5} 103 106
[ 177.196][d][ffmpeg/video] h264: {d79be8da-0cf1-4c81-b82a-69a4e236f43d} 103 106
[ 177.196][d][ffmpeg/video] h264: {f9aaccbb-c2b6-4cfc-8779-5707b1760552} 103 106
[ 177.197][d][ffmpeg/video] h264: {1b81be68-a0c7-11d3-b984-00c04f2e73c5} 103 106
[ 177.197][d][ffmpeg/video] h264: {5b11d51b-2f4c-4452-bcc3-09f2a1160cc0} 103 106
[ 177.198][d][ffmpeg/video] h264: {107af0e0-ef1a-4d19-aba8-67a163073d13} 104 106
[ 177.198][d][ffmpeg/video] h264: {1a72925f-0c2c-4f15-96fb-b17d1473603f} 104 106
[ 177.198][d][ffmpeg/video] h264: {15df9b21-06c4-47f1-841e-a67c97d7f312} 103 106
[ 177.198][d][ffmpeg/video] h264: {efd64d74-c9e8-41d7-a5e9-e9b0e39fa319} 103 106
[ 177.198][d][ffmpeg/video] h264: {ed418a9f-010d-4eda-9ae3-9a65358d8d2e} 103 106
[ 177.199][d][ffmpeg/video] h264: {9947ec6f-689b-11dc-a320-0019dbbc4184} 103 106
[ 177.199][d][ffmpeg/video] h264: {33fcfe41-de46-4a49-861b-ac71110649d5} 103 106 107
[ 177.199][d][ffmpeg/video] h264: {463707f8-a1d0-4585-876d-83aa6d60b89e} 103 106
[ 177.199][d][ffmpeg/video] h264: {a4c749ef-6ecf-48aa-8448-50a7a1165ff7} 104 106
[ 177.199][d][ffmpeg/video] h264: {dda19dc7-93b5-49f5-a9b3-2bda28a2ce6e} 104 106
[ 177.199][d][ffmpeg/video] h264: {b8be4ccb-cf53-46ba-8d59-d6b8a6da5d2a} 103 104 106
[ 177.199][d][ffmpeg/video] h264: {6affd11e-1d96-42b1-a215-93a31f09a53d} 103 106
[ 177.200][d][ffmpeg/video] h264: {914c84a3-4078-4fa9-984c-e2f262cb5c9c} 103 106
[ 177.200][d][ffmpeg/video] h264: {8a1a1031-29bc-46d0-a007-e9b092ca6767} 103 106
[ 177.200][d][ffmpeg/video] h264: Reinit context to 1312x704, pix_fmt: d3d11
[ 177.203][i][vd] Using hardware decoding (d3d11va).
[ 177.203][v][vd] Decoder format: 1300x698 d3d11[nv12] bt.709/bt.709/srgb/limited/auto CL=mpeg2/4/h264 crop=1300x698+0+0 A=none
[ 177.203][v][vd] Using container aspect ratio.
[ 177.203][v][vf] [in] 1300x698 d3d11[nv12] bt.709/bt.709/srgb/limited/display CL=mpeg2/4/h264 crop=1300x698+0+0 A=none
[ 177.203][v][vf] [userdeint] 1300x698 d3d11[nv12] bt.709/bt.709/srgb/limited/display CL=mpeg2/4/h264 crop=1300x698+0+0 A=none
[ 177.203][v][vf] [userdeint] (disabled)
[ 177.203][v][vf] [autovflip] 1300x698 d3d11[nv12] bt.709/bt.709/srgb/limited/display CL=mpeg2/4/h264 crop=1300x698+0+0 A=none
[ 177.203][v][vf] [autovflip] (disabled)
[ 177.203][v][vf] [autorotate] 1300x698 d3d11[nv12] bt.709/bt.709/srgb/limited/display CL=mpeg2/4/h264 crop=1300x698+0+0 A=none
[ 177.203][v][vf] [autorotate] (disabled)
[ 177.203][v][vf] [convert] 1300x698 d3d11[nv12] bt.709/bt.709/srgb/limited/display CL=mpeg2/4/h264 crop=1300x698+0+0 A=none
[ 177.203][v][vo/gpu] Loading hwdec drivers for format: 'd3d11'
[ 177.203][v][vo/gpu] Loading hwdec driver 'd3d11-egl'
[ 177.203][v][vo/gpu] Loading failed.
[ 177.203][d][hwupload] looking at format d3d11/nv12
[ 177.203][d][hwupload]   supports: nv12 p010 bgra x2bgr10 rgbaf16 vuyx yuyv422 y210 xv30 y216 xv48 y212 xv36 yuv420p
[ 177.203][d][hwupload] looking at format d3d11/p010
[ 177.203][d][hwupload]   supports: nv12 p010 bgra x2bgr10 rgbaf16 vuyx yuyv422 y210 xv30 y216 xv48 y212 xv36 yuv420p
[ 177.203][d][hwupload] looking at format d3d11/bgra
[ 177.203][d][hwupload]   supports: nv12 p010 bgra x2bgr10 rgbaf16 vuyx yuyv422 y210 xv30 y216 xv48 y212 xv36 yuv420p
[ 177.203][d][hwupload] looking at format d3d11/x2bgr10
[ 177.203][d][hwupload]   supports: nv12 p010 bgra x2bgr10 rgbaf16 vuyx yuyv422 y210 xv30 y216 xv48 y212 xv36 yuv420p
[ 177.203][d][hwupload] looking at format d3d11/rgbaf16
[ 177.203][d][hwupload]   supports: nv12 p010 bgra x2bgr10 rgbaf16 vuyx yuyv422 y210 xv30 y216 xv48 y212 xv36 yuv420p
[ 177.203][d][hwupload] looking at format d3d11/vuyx
[ 177.203][d][hwupload]   supports: nv12 p010 bgra x2bgr10 rgbaf16 vuyx yuyv422 y210 xv30 y216 xv48 y212 xv36 yuv420p
[ 177.203][d][hwupload] looking at format d3d11/yuyv422
[ 177.203][d][hwupload]   not supported by VO
[ 177.203][d][hwupload] looking at format d3d11/y210
[ 177.203][d][hwupload]   not supported by VO
[ 177.203][d][hwupload] looking at format d3d11/xv30
[ 177.203][d][hwupload]   supports: nv12 p010 bgra x2bgr10 rgbaf16 vuyx yuyv422 y210 xv30 y216 xv48 y212 xv36 yuv420p
[ 177.203][d][hwupload] looking at format d3d11/y216
[ 177.203][d][hwupload]   not supported by VO
[ 177.203][d][hwupload] looking at format d3d11/xv48
[ 177.203][d][hwupload]   supports: nv12 p010 bgra x2bgr10 rgbaf16 vuyx yuyv422 y210 xv30 y216 xv48 y212 xv36 yuv420p
[ 177.203][d][hwupload] looking at format d3d11/y212
[ 177.203][d][hwupload]   not supported by VO
[ 177.203][d][hwupload] looking at format d3d11/xv36
[ 177.203][d][hwupload]   supports: nv12 p010 bgra x2bgr10 rgbaf16 vuyx yuyv422 y210 xv30 y216 xv48 y212 xv36 yuv420p
[ 177.203][d][hwupload] looking at format d3d11/yuv420p
[ 177.203][d][hwupload]   not supported by VO
[ 177.203][v][vf] [out] 1300x698 d3d11[nv12] bt.709/bt.709/srgb/limited/display CL=mpeg2/4/h264 crop=1300x698+0+0 A=none
[ 177.204][i][cplayer] VO: [gpu] 1300x698 d3d11[nv12]
[ 177.204][v][cplayer] VO: Description: Shader-based GPU Renderer
[ 177.204][v][vo/gpu] reconfig to 1300x698 d3d11[nv12] bt.709/bt.709/srgb/limited/display CL=mpeg2/4/h264 crop=1300x698+0+0 A=none
[ 177.204][d][vo/gpu] max content size: 1920x1140
[ 177.204][d][vo/gpu] monitor size: 1920x1200
[ 177.205][v][vo/gpu] Resize: 1920x1200
[ 177.205][v][vo/gpu] Window size: 1920x1200 (Borders: l=0 t=0 r=0 b=0)
[ 177.205][v][vo/gpu] Video source: 1300x698 (1:1)
[ 177.205][v][vo/gpu] Video display: (91, 0) 1118x698 -> (0, 0) 1920x1200
[ 177.205][v][vo/gpu] Video scale: 1.717352/1.719198
[ 177.205][v][vo/gpu] OSD borders: l=-158 t=0 r=-158 b=0
[ 177.205][v][vo/gpu] Video borders: l=0 t=0 r=0 b=0
[ 177.205][v][vo/gpu] Reported display depth: 8
[ 177.205][v][vo/gpu] Testing FBO format rgba16hf
[ 177.205][d][vo/gpu] Resizing texture: 16x16
[ 177.205][v][vo/gpu] Using FBO format rgba16hf.
[ 177.205][v][vo/gpu] No advanced processing required. Enabling dumb mode.
[ 177.206][v][vo/gpu] Resize: 1920x1200
[ 177.206][v][vo/gpu] Window size: 1920x1200 (Borders: l=0 t=0 r=0 b=0)
[ 177.206][v][vo/gpu] Video source: 1300x698 (1:1)
[ 177.206][v][vo/gpu] Video display: (91, 0) 1118x698 -> (0, 0) 1920x1200
[ 177.206][v][vo/gpu] Video scale: 1.717352/1.719198
[ 177.206][v][vo/gpu] OSD borders: l=-158 t=0 r=-158 b=0
[ 177.206][v][vo/gpu] Video borders: l=0 t=0 r=0 b=0
[ 177.206][v][vo/gpu] Reported display depth: 8
[ 177.210][v][cplayer] first video frame after restart shown
[ 177.210][d][cplayer] starting video playback
[ 177.210][v][cplayer] playback restart complete @ 0.000000, audio=eof, video=playing (paused)
[ 182.192][v][ipc_87] Client connected
[ 182.192][v][cplayer] Set property: pause=true -> 1
[ 182.192][v][ipc_87] Client disconnected
[ 182.192][d][ipc_87] Destroying client handle...
[ 182.193][v][ipc_88] Client connected
[ 182.193][d][cplayer] Run command: loadfile, flags=64, args=[url="E:\\ВсякоеРазное\\Свалка\\Обои\\Wallsets\\Наборы\\Второй набор\\1657190174 — Night Stars.mp4", flags="replace", index="-1", options=""]
[ 182.193][v][cplayer] EOF code: 3  
[ 182.193][d][vd] Uninit decoder.
[ 182.193][v][ipc_88] Client disconnected
[ 182.193][d][ipc_88] Destroying client handle...
[ 182.194][v][ipc_89] Client connected
[ 182.195][d][cplayer] Terminating demuxers...
[ 182.196][v][ipc_89] Client disconnected
[ 182.196][d][ipc_89] Destroying client handle...
[ 182.196][v][ipc_90] Client connected
[ 182.196][d][cplayer] Done terminating demuxers.
[ 182.196][v][cplayer] finished playback, success (reason 2)
[ 182.196][v][cplayer] Running hook: ytdl_hook/on_after_end_file
[ 182.196][v][ipc_90] Client disconnected
[ 182.196][d][ipc_90] Destroying client handle...
[ 182.196][d][cplayer] Run command: del, flags=64, args=[name="user-data/mpv/ytdl/json-subprocess-result"]
[ 182.196][d][global] state path: 'watch_later' -> '-'
[ 182.196][v][cplayer] Running hook: ytdl_hook/on_load
[ 182.198][v][cplayer] Running hook: ytdl_hook/on_load
[ 182.198][v][ytdl_hook] playlist hook
[ 182.198][v][ifo_dvda] Opening E:\ВсякоеРазное\Свалка\Обои\Wallsets\Наборы\Второй набор\1657190174 — Night Stars.mp4
[ 182.198][v][ifo_dvdnav] Opening E:\ВсякоеРазное\Свалка\Обои\Wallsets\Наборы\Второй набор\1657190174 — Night Stars.mp4
[ 182.198][v][bdmv/bluray] Opening E:\ВсякоеРазное\Свалка\Обои\Wallsets\Наборы\Второй набор\1657190174 — Night Stars.mp4
[ 182.198][v][file] Opening E:\ВсякоеРазное\Свалка\Обои\Wallsets\Наборы\Второй набор\1657190174 — Night Stars.mp4
[ 182.198][d][file] resize stream to 131072 bytes, drop 0 bytes
[ 182.198][d][file] Stream opened successfully.
[ 182.198][v][demux] Trying demuxers for level=normal.
[ 182.198][d][demux] Trying demuxer: directory (force-level: normal)
[ 182.199][d][demux] Trying demuxer: disc (force-level: normal)
[ 182.199][d][demux] Trying demuxer: edl (force-level: normal)
[ 182.199][d][demux] Trying demuxer: cue (force-level: normal)
[ 182.199][d][demux] Trying demuxer: rawaudio (force-level: normal)
[ 182.199][d][demux] Trying demuxer: rawvideo (force-level: normal)
[ 182.199][d][demux] Trying demuxer: mkv (force-level: normal)
[ 182.199][d][demux] Trying demuxer: libarchive (force-level: normal)
[ 182.199][d][demux] Trying demuxer: subrandr (force-level: normal)
[ 182.199][d][demux] Trying demuxer: lavf (force-level: normal)
[ 182.201][v][lavf] Found 'mov,mp4,m4a,3gp,3g2,mj2' at score=100 size=2048.
[ 182.201][v][file] stream level seek from 131072 to 5301288
[ 182.202][v][lavf] Could not set AVOption http_persistent='0'
[ 182.202][v][lavf] Could not set AVOption http_multiple='1'
[ 182.202][v][demux] Detected file format: mov,mp4,m4a,3gp,3g2,mj2 (libavformat)
[ 182.202][v][cplayer] Opening done: E:\ВсякоеРазное\Свалка\Обои\Wallsets\Наборы\Второй набор\1657190174 — Night Stars.mp4
[ 182.202][v][find_files] Loading external files in E:\ВсякоеРазное\Свалка\Обои\Wallsets\Наборы\Второй набор\
[ 182.203][v][cplayer] Running hook: ytdl_hook/on_preloaded
[ 182.203][v][lavf] select track 0
[ 182.203][i][cplayer] ● Video  --vid=1  (h264 1920x1080 60 fps 724 kbps) [default]
[ 182.203][v][vd] Container reported FPS: 60.000000
[ 182.203][v][vd] Codec list:
[ 182.203][v][vd]     h264 - H.264 / AVC / MPEG-4 AVC / MPEG-4 part 10
[ 182.203][v][vd]     h264_qsv (h264) - H264 video (Intel Quick Sync Video acceleration)
[ 182.203][v][vd]     h264_amf (h264) - H264 AMD AMF video decoder
[ 182.203][v][vd]     h264_cuvid (h264) - Nvidia CUVID H264 decoder
[ 182.203][v][vd] Opening decoder h264
[ 182.203][v][vd] Looking at hwdec h264-d3d11va...
[ 182.203][v][vo/gpu] Loading hwdec drivers for format: 'd3d11'
[ 182.203][v][vo/gpu] Loading hwdec driver 'd3d11-egl'
[ 182.203][v][vo/gpu] Loading failed.
[ 182.204][v][vd] Trying hardware decoding via h264-d3d11va.
[ 182.204][v][vd] Requesting 4 threads for decoding.
[ 182.204][v][vd] Selected decoder: h264 - H.264 / AVC / MPEG-4 AVC / MPEG-4 part 10
[ 182.204][v][vf] User filter list:
[ 182.204][v][vf]   (empty)
[ 182.204][v][cplayer] Starting playback...
[ 182.204][v][file] stream level seek from 5350005 to 48
[ 182.206][v][vd] Pixel formats supported by decoder: vulkan cuda cuarray dxva2_vld d3d11va_vld d3d11 d3d12 vaapi yuv420p
[ 182.206][v][vd] Codec profile: High (0x64)
[ 182.209][v][vd] Allocated a fixed pool of 26 hw surfaces.
[ 182.209][v][vd] Requesting pixfmt 'd3d11' from decoder.
[ 182.209][d][ffmpeg/video] h264: Decoder GUIDs reported as supported:
[ 182.209][d][ffmpeg/video] h264: {86695f12-340e-4f04-9fd3-9253dd327460} 103 106
[ 182.209][d][ffmpeg/video] h264: {ee27417f-5e28-4e65-beea-1d26b508adc9} 103 106
[ 182.209][d][ffmpeg/video] h264: {6f3ec719-3735-42cc-8063-65cc3cb36616} 103 106
[ 182.210][d][ffmpeg/video] h264: {1b81bea4-a0c7-11d3-b984-00c04f2e73c5} 103 106
[ 182.210][d][ffmpeg/video] h264: {1b81bea3-a0c7-11d3-b984-00c04f2e73c5} 103 106
[ 182.210][d][ffmpeg/video] h264: {32fcfe3f-de46-4a49-861b-ac71110649d5} 103 106
[ 182.210][d][ffmpeg/video] h264: {d79be8da-0cf1-4c81-b82a-69a4e236f43d} 103 106
[ 182.210][d][ffmpeg/video] h264: {f9aaccbb-c2b6-4cfc-8779-5707b1760552} 103 106
[ 182.211][d][ffmpeg/video] h264: {1b81be68-a0c7-11d3-b984-00c04f2e73c5} 103 106
[ 182.211][d][ffmpeg/video] h264: {5b11d51b-2f4c-4452-bcc3-09f2a1160cc0} 103 106
[ 182.211][d][ffmpeg/video] h264: {107af0e0-ef1a-4d19-aba8-67a163073d13} 104 106
[ 182.211][d][ffmpeg/video] h264: {1a72925f-0c2c-4f15-96fb-b17d1473603f} 104 106
[ 182.211][d][ffmpeg/video] h264: {15df9b21-06c4-47f1-841e-a67c97d7f312} 103 106
[ 182.212][d][ffmpeg/video] h264: {efd64d74-c9e8-41d7-a5e9-e9b0e39fa319} 103 106
[ 182.212][d][ffmpeg/video] h264: {ed418a9f-010d-4eda-9ae3-9a65358d8d2e} 103 106
[ 182.212][d][ffmpeg/video] h264: {9947ec6f-689b-11dc-a320-0019dbbc4184} 103 106
[ 182.212][d][ffmpeg/video] h264: {33fcfe41-de46-4a49-861b-ac71110649d5} 103 106 107
[ 182.212][d][ffmpeg/video] h264: {463707f8-a1d0-4585-876d-83aa6d60b89e} 103 106
[ 182.213][d][ffmpeg/video] h264: {a4c749ef-6ecf-48aa-8448-50a7a1165ff7} 104 106
[ 182.213][d][ffmpeg/video] h264: {dda19dc7-93b5-49f5-a9b3-2bda28a2ce6e} 104 106
[ 182.213][d][ffmpeg/video] h264: {b8be4ccb-cf53-46ba-8d59-d6b8a6da5d2a} 103 104 106
[ 182.213][d][ffmpeg/video] h264: {6affd11e-1d96-42b1-a215-93a31f09a53d} 103 106
[ 182.213][d][ffmpeg/video] h264: {914c84a3-4078-4fa9-984c-e2f262cb5c9c} 103 106
[ 182.213][d][ffmpeg/video] h264: {8a1a1031-29bc-46d0-a007-e9b092ca6767} 103 106
[ 182.214][d][ffmpeg/video] h264: Reinit context to 1920x1088, pix_fmt: d3d11
[ 182.217][i][vd] Using hardware decoding (d3d11va).
[ 182.217][v][vd] Decoder format: 1920x1080 d3d11[nv12] bt.709/bt.709/bt.1886/limited/auto CL=mpeg2/4/h264 crop=1920x1080+0+0 A=none
[ 182.217][v][vf] [in] 1920x1080 d3d11[nv12] bt.709/bt.709/bt.1886/limited/display CL=mpeg2/4/h264 crop=1920x1080+0+0 A=none
[ 182.217][v][vf] [userdeint] 1920x1080 d3d11[nv12] bt.709/bt.709/bt.1886/limited/display CL=mpeg2/4/h264 crop=1920x1080+0+0 A=none
[ 182.217][v][vf] [userdeint] (disabled)
[ 182.217][v][vf] [autovflip] 1920x1080 d3d11[nv12] bt.709/bt.709/bt.1886/limited/display CL=mpeg2/4/h264 crop=1920x1080+0+0 A=none
[ 182.217][v][vf] [autovflip] (disabled)
[ 182.217][v][vf] [autorotate] 1920x1080 d3d11[nv12] bt.709/bt.709/bt.1886/limited/display CL=mpeg2/4/h264 crop=1920x1080+0+0 A=none
[ 182.217][v][vf] [autorotate] (disabled)
[ 182.217][v][vf] [convert] 1920x1080 d3d11[nv12] bt.709/bt.709/bt.1886/limited/display CL=mpeg2/4/h264 crop=1920x1080+0+0 A=none
[ 182.218][v][vo/gpu] Loading hwdec drivers for format: 'd3d11'
[ 182.218][v][vo/gpu] Loading hwdec driver 'd3d11-egl'
[ 182.218][v][vo/gpu] Loading failed.
[ 182.218][d][hwupload] looking at format d3d11/nv12
[ 182.218][d][hwupload]   supports: nv12 p010 bgra x2bgr10 rgbaf16 vuyx yuyv422 y210 xv30 y216 xv48 y212 xv36 yuv420p
[ 182.218][d][hwupload] looking at format d3d11/p010
[ 182.218][d][hwupload]   supports: nv12 p010 bgra x2bgr10 rgbaf16 vuyx yuyv422 y210 xv30 y216 xv48 y212 xv36 yuv420p
[ 182.218][d][hwupload] looking at format d3d11/bgra
[ 182.218][d][hwupload]   supports: nv12 p010 bgra x2bgr10 rgbaf16 vuyx yuyv422 y210 xv30 y216 xv48 y212 xv36 yuv420p
[ 182.218][d][hwupload] looking at format d3d11/x2bgr10
[ 182.218][d][hwupload]   supports: nv12 p010 bgra x2bgr10 rgbaf16 vuyx yuyv422 y210 xv30 y216 xv48 y212 xv36 yuv420p
[ 182.218][d][hwupload] looking at format d3d11/rgbaf16
[ 182.218][d][hwupload]   supports: nv12 p010 bgra x2bgr10 rgbaf16 vuyx yuyv422 y210 xv30 y216 xv48 y212 xv36 yuv420p
[ 182.218][d][hwupload] looking at format d3d11/vuyx
[ 182.218][d][hwupload]   supports: nv12 p010 bgra x2bgr10 rgbaf16 vuyx yuyv422 y210 xv30 y216 xv48 y212 xv36 yuv420p
[ 182.218][d][hwupload] looking at format d3d11/yuyv422
[ 182.218][d][hwupload]   not supported by VO
[ 182.218][d][hwupload] looking at format d3d11/y210
[ 182.218][d][hwupload]   not supported by VO
[ 182.218][d][hwupload] looking at format d3d11/xv30
[ 182.218][d][hwupload]   supports: nv12 p010 bgra x2bgr10 rgbaf16 vuyx yuyv422 y210 xv30 y216 xv48 y212 xv36 yuv420p
[ 182.218][d][hwupload] looking at format d3d11/y216
[ 182.218][d][hwupload]   not supported by VO
[ 182.218][d][hwupload] looking at format d3d11/xv48
[ 182.218][d][hwupload]   supports: nv12 p010 bgra x2bgr10 rgbaf16 vuyx yuyv422 y210 xv30 y216 xv48 y212 xv36 yuv420p
[ 182.218][d][hwupload] looking at format d3d11/y212
[ 182.218][d][hwupload]   not supported by VO
[ 182.218][d][hwupload] looking at format d3d11/xv36
[ 182.218][d][hwupload]   supports: nv12 p010 bgra x2bgr10 rgbaf16 vuyx yuyv422 y210 xv30 y216 xv48 y212 xv36 yuv420p
[ 182.218][d][hwupload] looking at format d3d11/yuv420p
[ 182.218][d][hwupload]   not supported by VO
[ 182.218][v][vf] [out] 1920x1080 d3d11[nv12] bt.709/bt.709/bt.1886/limited/display CL=mpeg2/4/h264 crop=1920x1080+0+0 A=none
[ 182.218][i][cplayer] VO: [gpu] 1920x1080 d3d11[nv12]
[ 182.218][v][cplayer] VO: Description: Shader-based GPU Renderer
[ 182.218][v][vo/gpu] reconfig to 1920x1080 d3d11[nv12] bt.709/bt.709/bt.1886/limited/display CL=mpeg2/4/h264 crop=1920x1080+0+0 A=none
[ 182.218][d][vo/gpu] max content size: 1920x1140
[ 182.218][d][vo/gpu] monitor size: 1920x1200
[ 182.219][v][vo/gpu] Resize: 1920x1200
[ 182.219][v][vo/gpu] Window size: 1920x1200 (Borders: l=0 t=0 r=0 b=0)
[ 182.219][v][vo/gpu] Video source: 1920x1080 (1:1)
[ 182.219][v][vo/gpu] Video display: (95, 0) 1729x1080 -> (0, 0) 1920x1200
[ 182.219][v][vo/gpu] Video scale: 1.110468/1.111111
[ 182.219][v][vo/gpu] OSD borders: l=-106 t=0 r=-107 b=0
[ 182.219][v][vo/gpu] Video borders: l=0 t=0 r=0 b=0
[ 182.219][v][vo/gpu] Reported display depth: 8
[ 182.219][v][vo/gpu] Testing FBO format rgba16hf
[ 182.219][d][vo/gpu] Resizing texture: 16x16
[ 182.219][v][vo/gpu] Using FBO format rgba16hf.
[ 182.219][v][vo/gpu] No advanced processing required. Enabling dumb mode.
[ 182.220][v][vo/gpu] Resize: 1920x1200
[ 182.220][v][vo/gpu] Window size: 1920x1200 (Borders: l=0 t=0 r=0 b=0)
[ 182.220][v][vo/gpu] Video source: 1920x1080 (1:1)
[ 182.220][v][vo/gpu] Video display: (95, 0) 1729x1080 -> (0, 0) 1920x1200
[ 182.220][v][vo/gpu] Video scale: 1.110468/1.111111
[ 182.220][v][vo/gpu] OSD borders: l=-106 t=0 r=-107 b=0
[ 182.220][v][vo/gpu] Video borders: l=0 t=0 r=0 b=0
[ 182.220][v][vo/gpu] Reported display depth: 8
[ 182.247][v][cplayer] first video frame after restart shown
[ 182.247][d][cplayer] starting video playback
[ 182.247][v][cplayer] playback restart complete @ 0.000000, audio=eof, video=playing (paused)
[ 187.208][v][ipc_91] Client connected
[ 187.208][v][cplayer] Set property: pause=true -> 1
[ 187.208][v][ipc_91] Client disconnected
[ 187.208][d][ipc_91] Destroying client handle...
[ 187.208][v][ipc_92] Client connected
[ 187.208][d][cplayer] Run command: loadfile, flags=64, args=[url="E:\\ВсякоеРазное\\Свалка\\Обои\\Wallsets\\Наборы\\Второй набор\\1659586110 — WINDMILL.mp4", flags="replace", index="-1", options=""]
[ 187.208][v][cplayer] EOF code: 3  
[ 187.208][d][vd] Uninit decoder.
[ 187.209][v][ipc_92] Client disconnected
[ 187.209][d][ipc_92] Destroying client handle...
[ 187.209][v][ipc_93] Client connected
[ 187.211][d][cplayer] Terminating demuxers...
[ 187.212][v][ipc_93] Client disconnected
[ 187.213][d][ipc_93] Destroying client handle...
[ 187.213][d][cplayer] Done terminating demuxers.
[ 187.213][v][cplayer] finished playback, success (reason 2)
[ 187.213][v][cplayer] Running hook: ytdl_hook/on_after_end_file
[ 187.213][v][ipc_94] Client connected
[ 187.214][d][cplayer] Run command: del, flags=64, args=[name="user-data/mpv/ytdl/json-subprocess-result"]
[ 187.214][d][global] state path: 'watch_later' -> '-'
[ 187.214][v][cplayer] Running hook: ytdl_hook/on_load
[ 187.214][v][ipc_94] Client disconnected
[ 187.214][d][ipc_94] Destroying client handle...
[ 187.214][v][cplayer] Running hook: ytdl_hook/on_load
[ 187.214][v][ytdl_hook] playlist hook
[ 187.215][v][ifo_dvda] Opening E:\ВсякоеРазное\Свалка\Обои\Wallsets\Наборы\Второй набор\1659586110 — WINDMILL.mp4
[ 187.215][v][ifo_dvdnav] Opening E:\ВсякоеРазное\Свалка\Обои\Wallsets\Наборы\Второй набор\1659586110 — WINDMILL.mp4
[ 187.215][v][bdmv/bluray] Opening E:\ВсякоеРазное\Свалка\Обои\Wallsets\Наборы\Второй набор\1659586110 — WINDMILL.mp4
[ 187.215][v][file] Opening E:\ВсякоеРазное\Свалка\Обои\Wallsets\Наборы\Второй набор\1659586110 — WINDMILL.mp4
[ 187.215][d][file] resize stream to 131072 bytes, drop 0 bytes
[ 187.215][d][file] Stream opened successfully.
[ 187.215][v][demux] Trying demuxers for level=normal.
[ 187.215][d][demux] Trying demuxer: directory (force-level: normal)
[ 187.216][d][demux] Trying demuxer: disc (force-level: normal)
[ 187.216][d][demux] Trying demuxer: edl (force-level: normal)
[ 187.216][d][demux] Trying demuxer: cue (force-level: normal)
[ 187.216][d][demux] Trying demuxer: rawaudio (force-level: normal)
[ 187.216][d][demux] Trying demuxer: rawvideo (force-level: normal)
[ 187.216][d][demux] Trying demuxer: mkv (force-level: normal)
[ 187.216][d][demux] Trying demuxer: libarchive (force-level: normal)
[ 187.216][d][demux] Trying demuxer: subrandr (force-level: normal)
[ 187.216][d][demux] Trying demuxer: lavf (force-level: normal)
[ 187.218][v][lavf] Found 'mov,mp4,m4a,3gp,3g2,mj2' at score=100 size=2048.
[ 187.219][v][file] stream level seek from 131072 to 56958598
[ 187.219][v][lavf] Could not set AVOption http_persistent='0'
[ 187.219][v][lavf] Could not set AVOption http_multiple='1'
[ 187.219][v][demux] Detected file format: mov,mp4,m4a,3gp,3g2,mj2 (libavformat)
[ 187.219][v][cplayer] Opening done: E:\ВсякоеРазное\Свалка\Обои\Wallsets\Наборы\Второй набор\1659586110 — WINDMILL.mp4
[ 187.220][v][find_files] Loading external files in E:\ВсякоеРазное\Свалка\Обои\Wallsets\Наборы\Второй набор\
[ 187.220][v][cplayer] Running hook: ytdl_hook/on_preloaded
[ 187.220][v][lavf] select track 0
[ 187.220][i][cplayer] ● Video  --vid=1  --vlang=eng  (h264 1920x1080 30 fps 15044 kbps) [default]
[ 187.220][i][cplayer] ○ Audio  --aid=1  --alang=eng  (aac 2ch 44100 Hz 128 kbps) [default]
[ 187.221][v][vd] Container reported FPS: 30.000000
[ 187.221][v][vd] Codec list:
[ 187.221][v][vd]     h264 - H.264 / AVC / MPEG-4 AVC / MPEG-4 part 10
[ 187.221][v][vd]     h264_qsv (h264) - H264 video (Intel Quick Sync Video acceleration)
[ 187.221][v][vd]     h264_amf (h264) - H264 AMD AMF video decoder
[ 187.221][v][vd]     h264_cuvid (h264) - Nvidia CUVID H264 decoder
[ 187.221][v][vd] Opening decoder h264
[ 187.221][v][vd] Looking at hwdec h264-d3d11va...
[ 187.221][v][vo/gpu] Loading hwdec drivers for format: 'd3d11'
[ 187.221][v][vo/gpu] Loading hwdec driver 'd3d11-egl'
[ 187.221][v][vo/gpu] Loading failed.
[ 187.221][v][vd] Trying hardware decoding via h264-d3d11va.
[ 187.221][v][vd] Requesting 4 threads for decoding.
[ 187.221][v][vd] Selected decoder: h264 - H.264 / AVC / MPEG-4 AVC / MPEG-4 part 10
[ 187.221][v][vf] User filter list:
[ 187.221][v][vf]   (empty)
[ 187.221][v][cplayer] Starting playback...
[ 187.221][v][file] stream level seek from 56985258 to 446
[ 187.222][v][vd] Pixel formats supported by decoder: vulkan cuda cuarray dxva2_vld d3d11va_vld d3d11 d3d12 vaapi yuv420p
[ 187.222][v][vd] Codec profile: Constrained Baseline (0x242)
[ 187.225][v][vd] Allocated a fixed pool of 26 hw surfaces.
[ 187.225][v][vd] Requesting pixfmt 'd3d11' from decoder.
[ 187.225][d][ffmpeg/video] h264: Decoder GUIDs reported as supported:
[ 187.225][d][ffmpeg/video] h264: {86695f12-340e-4f04-9fd3-9253dd327460} 103 106
[ 187.225][d][ffmpeg/video] h264: {ee27417f-5e28-4e65-beea-1d26b508adc9} 103 106
[ 187.225][d][ffmpeg/video] h264: {6f3ec719-3735-42cc-8063-65cc3cb36616} 103 106
[ 187.225][d][ffmpeg/video] h264: {1b81bea4-a0c7-11d3-b984-00c04f2e73c5} 103 106
[ 187.225][d][ffmpeg/video] h264: {1b81bea3-a0c7-11d3-b984-00c04f2e73c5} 103 106
[ 187.226][d][ffmpeg/video] h264: {32fcfe3f-de46-4a49-861b-ac71110649d5} 103 106
[ 187.226][d][ffmpeg/video] h264: {d79be8da-0cf1-4c81-b82a-69a4e236f43d} 103 106
[ 187.226][d][ffmpeg/video] h264: {f9aaccbb-c2b6-4cfc-8779-5707b1760552} 103 106
[ 187.226][d][ffmpeg/video] h264: {1b81be68-a0c7-11d3-b984-00c04f2e73c5} 103 106
[ 187.226][d][ffmpeg/video] h264: {5b11d51b-2f4c-4452-bcc3-09f2a1160cc0} 103 106
[ 187.227][d][ffmpeg/video] h264: {107af0e0-ef1a-4d19-aba8-67a163073d13} 104 106
[ 187.227][d][ffmpeg/video] h264: {1a72925f-0c2c-4f15-96fb-b17d1473603f} 104 106
[ 187.227][d][ffmpeg/video] h264: {15df9b21-06c4-47f1-841e-a67c97d7f312} 103 106
[ 187.227][d][ffmpeg/video] h264: {efd64d74-c9e8-41d7-a5e9-e9b0e39fa319} 103 106
[ 187.227][d][ffmpeg/video] h264: {ed418a9f-010d-4eda-9ae3-9a65358d8d2e} 103 106
[ 187.228][d][ffmpeg/video] h264: {9947ec6f-689b-11dc-a320-0019dbbc4184} 103 106
[ 187.228][d][ffmpeg/video] h264: {33fcfe41-de46-4a49-861b-ac71110649d5} 103 106 107
[ 187.228][d][ffmpeg/video] h264: {463707f8-a1d0-4585-876d-83aa6d60b89e} 103 106
[ 187.228][d][ffmpeg/video] h264: {a4c749ef-6ecf-48aa-8448-50a7a1165ff7} 104 106
[ 187.228][d][ffmpeg/video] h264: {dda19dc7-93b5-49f5-a9b3-2bda28a2ce6e} 104 106
[ 187.228][d][ffmpeg/video] h264: {b8be4ccb-cf53-46ba-8d59-d6b8a6da5d2a} 103 104 106
[ 187.228][d][ffmpeg/video] h264: {6affd11e-1d96-42b1-a215-93a31f09a53d} 103 106
[ 187.229][d][ffmpeg/video] h264: {914c84a3-4078-4fa9-984c-e2f262cb5c9c} 103 106
[ 187.229][d][ffmpeg/video] h264: {8a1a1031-29bc-46d0-a007-e9b092ca6767} 103 106
[ 187.231][d][ffmpeg/video] h264: Reinit context to 1920x1088, pix_fmt: d3d11
[ 187.233][i][vd] Using hardware decoding (d3d11va).
[ 187.233][v][vd] Decoder format: 1920x1080 d3d11[nv12] auto/auto/auto/auto/auto CL=mpeg2/4/h264 crop=1920x1080+0+0 A=none
[ 187.233][v][vf] [in] 1920x1080 d3d11[nv12] bt.709/bt.709/bt.1886/limited/display CL=mpeg2/4/h264 crop=1920x1080+0+0 A=none
[ 187.233][v][vf] [userdeint] 1920x1080 d3d11[nv12] bt.709/bt.709/bt.1886/limited/display CL=mpeg2/4/h264 crop=1920x1080+0+0 A=none
[ 187.233][v][vf] [userdeint] (disabled)
[ 187.233][v][vf] [autovflip] 1920x1080 d3d11[nv12] bt.709/bt.709/bt.1886/limited/display CL=mpeg2/4/h264 crop=1920x1080+0+0 A=none
[ 187.233][v][vf] [autovflip] (disabled)
[ 187.233][v][vf] [autorotate] 1920x1080 d3d11[nv12] bt.709/bt.709/bt.1886/limited/display CL=mpeg2/4/h264 crop=1920x1080+0+0 A=none
[ 187.233][v][vf] [autorotate] (disabled)
[ 187.233][v][vf] [convert] 1920x1080 d3d11[nv12] bt.709/bt.709/bt.1886/limited/display CL=mpeg2/4/h264 crop=1920x1080+0+0 A=none
[ 187.233][v][vo/gpu] Loading hwdec drivers for format: 'd3d11'
[ 187.233][v][vo/gpu] Loading hwdec driver 'd3d11-egl'
[ 187.233][v][vo/gpu] Loading failed.
[ 187.233][d][hwupload] looking at format d3d11/nv12
[ 187.233][d][hwupload]   supports: nv12 p010 bgra x2bgr10 rgbaf16 vuyx yuyv422 y210 xv30 y216 xv48 y212 xv36 yuv420p
[ 187.233][d][hwupload] looking at format d3d11/p010
[ 187.233][d][hwupload]   supports: nv12 p010 bgra x2bgr10 rgbaf16 vuyx yuyv422 y210 xv30 y216 xv48 y212 xv36 yuv420p
[ 187.233][d][hwupload] looking at format d3d11/bgra
[ 187.233][d][hwupload]   supports: nv12 p010 bgra x2bgr10 rgbaf16 vuyx yuyv422 y210 xv30 y216 xv48 y212 xv36 yuv420p
[ 187.233][d][hwupload] looking at format d3d11/x2bgr10
[ 187.233][d][hwupload]   supports: nv12 p010 bgra x2bgr10 rgbaf16 vuyx yuyv422 y210 xv30 y216 xv48 y212 xv36 yuv420p
[ 187.233][d][hwupload] looking at format d3d11/rgbaf16
[ 187.233][d][hwupload]   supports: nv12 p010 bgra x2bgr10 rgbaf16 vuyx yuyv422 y210 xv30 y216 xv48 y212 xv36 yuv420p
[ 187.233][d][hwupload] looking at format d3d11/vuyx
[ 187.233][d][hwupload]   supports: nv12 p010 bgra x2bgr10 rgbaf16 vuyx yuyv422 y210 xv30 y216 xv48 y212 xv36 yuv420p
[ 187.233][d][hwupload] looking at format d3d11/yuyv422
[ 187.233][d][hwupload]   not supported by VO
[ 187.233][d][hwupload] looking at format d3d11/y210
[ 187.233][d][hwupload]   not supported by VO
[ 187.233][d][hwupload] looking at format d3d11/xv30
[ 187.233][d][hwupload]   supports: nv12 p010 bgra x2bgr10 rgbaf16 vuyx yuyv422 y210 xv30 y216 xv48 y212 xv36 yuv420p
[ 187.233][d][hwupload] looking at format d3d11/y216
[ 187.233][d][hwupload]   not supported by VO
[ 187.233][d][hwupload] looking at format d3d11/xv48
[ 187.233][d][hwupload]   supports: nv12 p010 bgra x2bgr10 rgbaf16 vuyx yuyv422 y210 xv30 y216 xv48 y212 xv36 yuv420p
[ 187.233][d][hwupload] looking at format d3d11/y212
[ 187.233][d][hwupload]   not supported by VO
[ 187.233][d][hwupload] looking at format d3d11/xv36
[ 187.233][d][hwupload]   supports: nv12 p010 bgra x2bgr10 rgbaf16 vuyx yuyv422 y210 xv30 y216 xv48 y212 xv36 yuv420p
[ 187.233][d][hwupload] looking at format d3d11/yuv420p
[ 187.233][d][hwupload]   not supported by VO
[ 187.233][v][vf] [out] 1920x1080 d3d11[nv12] bt.709/bt.709/bt.1886/limited/display CL=mpeg2/4/h264 crop=1920x1080+0+0 A=none
[ 187.253][v][cplayer] first video frame after restart shown
[ 187.254][d][cplayer] starting video playback
[ 187.254][v][cplayer] playback restart complete @ 0.000000, audio=eof, video=playing (paused)
[ 192.242][v][ipc_95] Client connected
[ 192.242][v][cplayer] Set property: pause=true -> 1
[ 192.242][v][ipc_95] Client disconnected
[ 192.242][d][ipc_95] Destroying client handle...
[ 192.242][v][ipc_96] Client connected
[ 192.242][d][cplayer] Run command: loadfile, flags=64, args=[url="E:\\ВсякоеРазное\\Свалка\\Обои\\Wallsets\\Наборы\\Второй набор\\2272398367 — [Looped] Dark Winter Path.mp4", flags="replace", index="-1", options=""]
[ 192.242][v][cplayer] EOF code: 3  
[ 192.242][d][vd] Uninit decoder.
[ 192.244][v][ipc_96] Client disconnected
[ 192.244][d][ipc_96] Destroying client handle...
[ 192.244][v][ipc_97] Client connected
[ 192.245][d][cplayer] Terminating demuxers...
[ 192.246][v][ipc_97] Client disconnected
[ 192.246][d][ipc_97] Destroying client handle...
[ 192.246][v][ipc_98] Client connected
[ 192.246][d][cplayer] Done terminating demuxers.
[ 192.246][v][cplayer] finished playback, success (reason 2)
[ 192.246][v][cplayer] Running hook: ytdl_hook/on_after_end_file
[ 192.246][v][ipc_98] Client disconnected
[ 192.246][d][ipc_98] Destroying client handle...
[ 192.246][d][cplayer] Run command: del, flags=64, args=[name="user-data/mpv/ytdl/json-subprocess-result"]
[ 192.246][d][global] state path: 'watch_later' -> '-'
[ 192.246][v][cplayer] Running hook: ytdl_hook/on_load
[ 192.248][v][cplayer] Running hook: ytdl_hook/on_load
[ 192.248][v][ytdl_hook] playlist hook
[ 192.248][v][ifo_dvda] Opening E:\ВсякоеРазное\Свалка\Обои\Wallsets\Наборы\Второй набор\2272398367 — [Looped] Dark Winter Path.mp4
[ 192.249][v][ifo_dvdnav] Opening E:\ВсякоеРазное\Свалка\Обои\Wallsets\Наборы\Второй набор\2272398367 — [Looped] Dark Winter Path.mp4
[ 192.249][v][bdmv/bluray] Opening E:\ВсякоеРазное\Свалка\Обои\Wallsets\Наборы\Второй набор\2272398367 — [Looped] Dark Winter Path.mp4
[ 192.249][v][file] Opening E:\ВсякоеРазное\Свалка\Обои\Wallsets\Наборы\Второй набор\2272398367 — [Looped] Dark Winter Path.mp4
[ 192.249][d][file] resize stream to 131072 bytes, drop 0 bytes
[ 192.249][d][file] Stream opened successfully.
[ 192.249][v][demux] Trying demuxers for level=normal.
[ 192.249][d][demux] Trying demuxer: directory (force-level: normal)
[ 192.249][d][demux] Trying demuxer: disc (force-level: normal)
[ 192.249][d][demux] Trying demuxer: edl (force-level: normal)
[ 192.249][d][demux] Trying demuxer: cue (force-level: normal)
[ 192.249][d][demux] Trying demuxer: rawaudio (force-level: normal)
[ 192.249][d][demux] Trying demuxer: rawvideo (force-level: normal)
[ 192.249][d][demux] Trying demuxer: mkv (force-level: normal)
[ 192.249][d][demux] Trying demuxer: libarchive (force-level: normal)
[ 192.249][d][demux] Trying demuxer: subrandr (force-level: normal)
[ 192.249][d][demux] Trying demuxer: lavf (force-level: normal)
[ 192.251][v][lavf] Found 'mov,mp4,m4a,3gp,3g2,mj2' at score=100 size=2048.
[ 192.252][w][ffmpeg/demuxer] mov,mp4,m4a,3gp,3g2,mj2: st: 0 edit list: 1 Missing key frame while searching for timestamp: 0
[ 192.252][w][ffmpeg/demuxer] mov,mp4,m4a,3gp,3g2,mj2: st: 0 edit list 1 Cannot find an index entry before timestamp: 0.
[ 192.253][v][lavf] Could not set AVOption http_persistent='0'
[ 192.253][v][lavf] Could not set AVOption http_multiple='1'
[ 192.253][v][demux] Detected file format: mov,mp4,m4a,3gp,3g2,mj2 (libavformat)
[ 192.253][v][cplayer] Opening done: E:\ВсякоеРазное\Свалка\Обои\Wallsets\Наборы\Второй набор\2272398367 — [Looped] Dark Winter Path.mp4
[ 192.253][v][find_files] Loading external files in E:\ВсякоеРазное\Свалка\Обои\Wallsets\Наборы\Второй набор\
[ 192.254][v][cplayer] Running hook: ytdl_hook/on_preloaded
[ 192.254][v][lavf] select track 0
[ 192.254][i][cplayer] ● Video  --vid=1  --vlang=eng  (h264 1920x1080 30 fps 10068 kbps) [default]
[ 192.254][i][cplayer] ○ Audio  --aid=1  --alang=eng  (aac 2ch 48000 Hz 317 kbps) [default]
[ 192.254][v][vd] Container reported FPS: 30.000019
[ 192.255][v][vd] Codec list:
[ 192.255][v][vd]     h264 - H.264 / AVC / MPEG-4 AVC / MPEG-4 part 10
[ 192.255][v][vd]     h264_qsv (h264) - H264 video (Intel Quick Sync Video acceleration)
[ 192.255][v][vd]     h264_amf (h264) - H264 AMD AMF video decoder
[ 192.255][v][vd]     h264_cuvid (h264) - Nvidia CUVID H264 decoder
[ 192.255][v][vd] Opening decoder h264
[ 192.255][v][vd] Looking at hwdec h264-d3d11va...
[ 192.255][v][vo/gpu] Loading hwdec drivers for format: 'd3d11'
[ 192.255][v][vo/gpu] Loading hwdec driver 'd3d11-egl'
[ 192.255][v][vo/gpu] Loading failed.
[ 192.255][v][vd] Trying hardware decoding via h264-d3d11va.
[ 192.255][v][vd] Requesting 4 threads for decoding.
[ 192.255][v][vd] Selected decoder: h264 - H.264 / AVC / MPEG-4 AVC / MPEG-4 part 10
[ 192.255][v][vf] User filter list:
[ 192.255][v][vf]   (empty)
[ 192.255][v][cplayer] Starting playback...
[ 192.256][v][vd] Pixel formats supported by decoder: vulkan cuda cuarray dxva2_vld d3d11va_vld d3d11 d3d12 vaapi yuv420p
[ 192.256][v][vd] Codec profile: High (0x64)
[ 192.259][v][vd] Allocated a fixed pool of 26 hw surfaces.
[ 192.259][v][vd] Requesting pixfmt 'd3d11' from decoder.
[ 192.259][d][ffmpeg/video] h264: Decoder GUIDs reported as supported:
[ 192.259][d][ffmpeg/video] h264: {86695f12-340e-4f04-9fd3-9253dd327460} 103 106
[ 192.259][d][ffmpeg/video] h264: {ee27417f-5e28-4e65-beea-1d26b508adc9} 103 106
[ 192.259][d][ffmpeg/video] h264: {6f3ec719-3735-42cc-8063-65cc3cb36616} 103 106
[ 192.259][d][ffmpeg/video] h264: {1b81bea4-a0c7-11d3-b984-00c04f2e73c5} 103 106
[ 192.259][d][ffmpeg/video] h264: {1b81bea3-a0c7-11d3-b984-00c04f2e73c5} 103 106
[ 192.259][d][ffmpeg/video] h264: {32fcfe3f-de46-4a49-861b-ac71110649d5} 103 106
[ 192.259][d][ffmpeg/video] h264: {d79be8da-0cf1-4c81-b82a-69a4e236f43d} 103 106
[ 192.259][d][ffmpeg/video] h264: {f9aaccbb-c2b6-4cfc-8779-5707b1760552} 103 106
[ 192.259][d][ffmpeg/video] h264: {1b81be68-a0c7-11d3-b984-00c04f2e73c5} 103 106
[ 192.260][d][ffmpeg/video] h264: {5b11d51b-2f4c-4452-bcc3-09f2a1160cc0} 103 106
[ 192.260][d][ffmpeg/video] h264: {107af0e0-ef1a-4d19-aba8-67a163073d13} 104 106
[ 192.260][d][ffmpeg/video] h264: {1a72925f-0c2c-4f15-96fb-b17d1473603f} 104 106
[ 192.260][d][ffmpeg/video] h264: {15df9b21-06c4-47f1-841e-a67c97d7f312} 103 106
[ 192.260][d][ffmpeg/video] h264: {efd64d74-c9e8-41d7-a5e9-e9b0e39fa319} 103 106
[ 192.261][d][ffmpeg/video] h264: {ed418a9f-010d-4eda-9ae3-9a65358d8d2e} 103 106
[ 192.261][d][ffmpeg/video] h264: {9947ec6f-689b-11dc-a320-0019dbbc4184} 103 106
[ 192.261][d][ffmpeg/video] h264: {33fcfe41-de46-4a49-861b-ac71110649d5} 103 106 107
[ 192.261][d][ffmpeg/video] h264: {463707f8-a1d0-4585-876d-83aa6d60b89e} 103 106
[ 192.261][d][ffmpeg/video] h264: {a4c749ef-6ecf-48aa-8448-50a7a1165ff7} 104 106
[ 192.261][d][ffmpeg/video] h264: {dda19dc7-93b5-49f5-a9b3-2bda28a2ce6e} 104 106
[ 192.262][d][ffmpeg/video] h264: {b8be4ccb-cf53-46ba-8d59-d6b8a6da5d2a} 103 104 106
[ 192.262][d][ffmpeg/video] h264: {6affd11e-1d96-42b1-a215-93a31f09a53d} 103 106
[ 192.262][d][ffmpeg/video] h264: {914c84a3-4078-4fa9-984c-e2f262cb5c9c} 103 106
[ 192.262][d][ffmpeg/video] h264: {8a1a1031-29bc-46d0-a007-e9b092ca6767} 103 106
[ 192.263][d][ffmpeg/video] h264: Reinit context to 1920x1088, pix_fmt: d3d11
[ 192.266][i][vd] Using hardware decoding (d3d11va).
[ 192.266][v][vd] Decoder format: 1920x1080 d3d11[nv12] bt.709/bt.709/bt.1886/limited/auto CL=mpeg2/4/h264 crop=1920x1080+0+0 A=none
[ 192.266][v][vf] [in] 1920x1080 d3d11[nv12] bt.709/bt.709/bt.1886/limited/display CL=mpeg2/4/h264 crop=1920x1080+0+0 A=none
[ 192.266][v][vf] [userdeint] 1920x1080 d3d11[nv12] bt.709/bt.709/bt.1886/limited/display CL=mpeg2/4/h264 crop=1920x1080+0+0 A=none
[ 192.266][v][vf] [userdeint] (disabled)
[ 192.266][v][vf] [autovflip] 1920x1080 d3d11[nv12] bt.709/bt.709/bt.1886/limited/display CL=mpeg2/4/h264 crop=1920x1080+0+0 A=none
[ 192.266][v][vf] [autovflip] (disabled)
[ 192.266][v][vf] [autorotate] 1920x1080 d3d11[nv12] bt.709/bt.709/bt.1886/limited/display CL=mpeg2/4/h264 crop=1920x1080+0+0 A=none
[ 192.266][v][vf] [autorotate] (disabled)
[ 192.266][v][vf] [convert] 1920x1080 d3d11[nv12] bt.709/bt.709/bt.1886/limited/display CL=mpeg2/4/h264 crop=1920x1080+0+0 A=none
[ 192.266][v][vo/gpu] Loading hwdec drivers for format: 'd3d11'
[ 192.266][v][vo/gpu] Loading hwdec driver 'd3d11-egl'
[ 192.266][v][vo/gpu] Loading failed.
[ 192.266][d][hwupload] looking at format d3d11/nv12
[ 192.266][d][hwupload]   supports: nv12 p010 bgra x2bgr10 rgbaf16 vuyx yuyv422 y210 xv30 y216 xv48 y212 xv36 yuv420p
[ 192.266][d][hwupload] looking at format d3d11/p010
[ 192.266][d][hwupload]   supports: nv12 p010 bgra x2bgr10 rgbaf16 vuyx yuyv422 y210 xv30 y216 xv48 y212 xv36 yuv420p
[ 192.266][d][hwupload] looking at format d3d11/bgra
[ 192.266][d][hwupload]   supports: nv12 p010 bgra x2bgr10 rgbaf16 vuyx yuyv422 y210 xv30 y216 xv48 y212 xv36 yuv420p
[ 192.266][d][hwupload] looking at format d3d11/x2bgr10
[ 192.266][d][hwupload]   supports: nv12 p010 bgra x2bgr10 rgbaf16 vuyx yuyv422 y210 xv30 y216 xv48 y212 xv36 yuv420p
[ 192.266][d][hwupload] looking at format d3d11/rgbaf16
[ 192.266][d][hwupload]   supports: nv12 p010 bgra x2bgr10 rgbaf16 vuyx yuyv422 y210 xv30 y216 xv48 y212 xv36 yuv420p
[ 192.266][d][hwupload] looking at format d3d11/vuyx
[ 192.266][d][hwupload]   supports: nv12 p010 bgra x2bgr10 rgbaf16 vuyx yuyv422 y210 xv30 y216 xv48 y212 xv36 yuv420p
[ 192.266][d][hwupload] looking at format d3d11/yuyv422
[ 192.266][d][hwupload]   not supported by VO
[ 192.266][d][hwupload] looking at format d3d11/y210
[ 192.266][d][hwupload]   not supported by VO
[ 192.266][d][hwupload] looking at format d3d11/xv30
[ 192.266][d][hwupload]   supports: nv12 p010 bgra x2bgr10 rgbaf16 vuyx yuyv422 y210 xv30 y216 xv48 y212 xv36 yuv420p
[ 192.266][d][hwupload] looking at format d3d11/y216
[ 192.266][d][hwupload]   not supported by VO
[ 192.266][d][hwupload] looking at format d3d11/xv48
[ 192.266][d][hwupload]   supports: nv12 p010 bgra x2bgr10 rgbaf16 vuyx yuyv422 y210 xv30 y216 xv48 y212 xv36 yuv420p
[ 192.266][d][hwupload] looking at format d3d11/y212
[ 192.266][d][hwupload]   not supported by VO
[ 192.266][d][hwupload] looking at format d3d11/xv36
[ 192.266][d][hwupload]   supports: nv12 p010 bgra x2bgr10 rgbaf16 vuyx yuyv422 y210 xv30 y216 xv48 y212 xv36 yuv420p
[ 192.266][d][hwupload] looking at format d3d11/yuv420p
[ 192.266][d][hwupload]   not supported by VO
[ 192.266][v][vf] [out] 1920x1080 d3d11[nv12] bt.709/bt.709/bt.1886/limited/display CL=mpeg2/4/h264 crop=1920x1080+0+0 A=none
[ 192.271][v][cplayer] first video frame after restart shown
[ 192.271][d][cplayer] starting video playback
[ 192.271][v][cplayer] playback restart complete @ 0.000000, audio=eof, video=playing (paused)
[ 195.971][v][ipc_99] Client connected
[ 195.974][v][ipc_99] Client disconnected
[ 195.974][d][ipc_99] Destroying client handle...
[ 197.248][v][ipc_100] Client connected
[ 197.248][v][cplayer] Set property: pause=true -> 1
[ 197.248][v][ipc_100] Client disconnected
[ 197.248][d][ipc_100] Destroying client handle...
[ 197.248][v][ipc_101] Client connected
[ 197.248][d][cplayer] Run command: loadfile, flags=64, args=[url="E:\\ВсякоеРазное\\Свалка\\Обои\\Wallsets\\Наборы\\Второй набор\\2779378945 — 이세계아이돌 _ 주르르 _ Jururu _ 겨울봄.mp4", flags="replace", index="-1", options=""]
[ 197.248][v][cplayer] EOF code: 3  
[ 197.248][d][vd] Uninit decoder.
[ 197.248][v][ipc_101] Client disconnected
[ 197.248][d][ipc_101] Destroying client handle...
[ 197.251][v][ipc_102] Client connected
[ 197.252][d][cplayer] Terminating demuxers...
[ 197.252][v][ipc_102] Client disconnected
[ 197.252][d][ipc_102] Destroying client handle...
[ 197.252][d][cplayer] Done terminating demuxers.
[ 197.252][v][cplayer] finished playback, success (reason 2)
[ 197.252][v][cplayer] Running hook: ytdl_hook/on_after_end_file
[ 197.252][v][ipc_103] Client connected
[ 197.253][d][cplayer] Run command: del, flags=64, args=[name="user-data/mpv/ytdl/json-subprocess-result"]
[ 197.253][v][ipc_103] Client disconnected
[ 197.253][d][ipc_103] Destroying client handle...
[ 197.254][d][global] state path: 'watch_later' -> '-'
[ 197.254][v][cplayer] Running hook: ytdl_hook/on_load
[ 197.255][v][cplayer] Running hook: ytdl_hook/on_load
[ 197.255][v][ytdl_hook] playlist hook
[ 197.255][v][ifo_dvda] Opening E:\ВсякоеРазное\Свалка\Обои\Wallsets\Наборы\Второй набор\2779378945 — 이세계아이돌 _ 주르르 _ Jururu _ 겨울봄.mp4
[ 197.255][v][ifo_dvdnav] Opening E:\ВсякоеРазное\Свалка\Обои\Wallsets\Наборы\Второй набор\2779378945 — 이세계아이돌 _ 주르르 _ Jururu _ 겨울봄.mp4
[ 197.255][v][bdmv/bluray] Opening E:\ВсякоеРазное\Свалка\Обои\Wallsets\Наборы\Второй набор\2779378945 — 이세계아이돌 _ 주르르 _ Jururu _ 겨울봄.mp4
[ 197.256][v][file] Opening E:\ВсякоеРазное\Свалка\Обои\Wallsets\Наборы\Второй набор\2779378945 — 이세계아이돌 _ 주르르 _ Jururu _ 겨울봄.mp4
[ 197.256][d][file] resize stream to 131072 bytes, drop 0 bytes
[ 197.256][d][file] Stream opened successfully.
[ 197.256][v][demux] Trying demuxers for level=normal.
[ 197.256][d][demux] Trying demuxer: directory (force-level: normal)
[ 197.256][d][demux] Trying demuxer: disc (force-level: normal)
[ 197.256][d][demux] Trying demuxer: edl (force-level: normal)
[ 197.256][d][demux] Trying demuxer: cue (force-level: normal)
[ 197.256][d][demux] Trying demuxer: rawaudio (force-level: normal)
[ 197.256][d][demux] Trying demuxer: rawvideo (force-level: normal)
[ 197.256][d][demux] Trying demuxer: mkv (force-level: normal)
[ 197.256][d][demux] Trying demuxer: libarchive (force-level: normal)
[ 197.256][d][demux] Trying demuxer: subrandr (force-level: normal)
[ 197.256][d][demux] Trying demuxer: lavf (force-level: normal)
[ 197.258][v][lavf] Found 'mov,mp4,m4a,3gp,3g2,mj2' at score=100 size=2048.
[ 197.260][v][lavf] Could not set AVOption http_persistent='0'
[ 197.260][v][lavf] Could not set AVOption http_multiple='1'
[ 197.260][v][demux] Detected file format: mov,mp4,m4a,3gp,3g2,mj2 (libavformat)
[ 197.260][v][cplayer] Opening done: E:\ВсякоеРазное\Свалка\Обои\Wallsets\Наборы\Второй набор\2779378945 — 이세계아이돌 _ 주르르 _ Jururu _ 겨울봄.mp4
[ 197.260][v][find_files] Loading external files in E:\ВсякоеРазное\Свалка\Обои\Wallsets\Наборы\Второй набор\
[ 197.261][v][cplayer] Running hook: ytdl_hook/on_preloaded
[ 197.261][v][lavf] select track 0
[ 197.261][i][cplayer] ● Video  --vid=1  (h264 3840x2160 30 fps 58495 kbps) [default]
[ 197.261][i][cplayer] ○ Audio  --aid=1  (aac 2ch 44100 Hz 193 kbps) [default]
[ 197.261][i][display-tags] File tags:
[ 197.261][i][display-tags]  Artist: 이세계 아이돌
[ 197.261][i][display-tags]  Album: 겨울봄
[ 197.261][i][display-tags]  Album_Artist: 이세계 아이돌
[ 197.261][i][display-tags]  Comment: http://www.melon.com/
[ 197.261][i][display-tags]  Genre: Ballad
[ 197.261][i][display-tags]  Title: 이세계아이돌 / 주르르 / Jururu / 겨울봄
[ 197.261][i][display-tags]  Track: 2
[ 197.261][v][vd] Container reported FPS: 30.000000
[ 197.261][v][vd] Codec list:
[ 197.261][v][vd]     h264 - H.264 / AVC / MPEG-4 AVC / MPEG-4 part 10
[ 197.261][v][vd]     h264_qsv (h264) - H264 video (Intel Quick Sync Video acceleration)
[ 197.261][v][vd]     h264_amf (h264) - H264 AMD AMF video decoder
[ 197.261][v][vd]     h264_cuvid (h264) - Nvidia CUVID H264 decoder
[ 197.261][v][vd] Opening decoder h264
[ 197.262][v][vd] Looking at hwdec h264-d3d11va...
[ 197.262][v][vo/gpu] Loading hwdec drivers for format: 'd3d11'
[ 197.262][v][vo/gpu] Loading hwdec driver 'd3d11-egl'
[ 197.262][v][vo/gpu] Loading failed.
[ 197.262][v][vd] Trying hardware decoding via h264-d3d11va.
[ 197.262][v][vd] Requesting 4 threads for decoding.
[ 197.262][v][vd] Selected decoder: h264 - H.264 / AVC / MPEG-4 AVC / MPEG-4 part 10
[ 197.262][v][vf] User filter list:
[ 197.262][v][vf]   (empty)
[ 197.262][v][cplayer] Starting playback...
[ 197.264][v][vd] Pixel formats supported by decoder: vulkan cuda cuarray dxva2_vld d3d11va_vld d3d11 d3d12 vaapi yuv420p
[ 197.264][v][vd] Codec profile: High (0x64)
[ 197.265][v][vd] Allocated a fixed pool of 26 hw surfaces.
[ 197.265][v][vd] Requesting pixfmt 'd3d11' from decoder.
[ 197.265][d][ffmpeg/video] h264: Decoder GUIDs reported as supported:
[ 197.266][d][ffmpeg/video] h264: {86695f12-340e-4f04-9fd3-9253dd327460} 103 106
[ 197.266][d][ffmpeg/video] h264: {ee27417f-5e28-4e65-beea-1d26b508adc9} 103 106
[ 197.266][d][ffmpeg/video] h264: {6f3ec719-3735-42cc-8063-65cc3cb36616} 103 106
[ 197.266][d][ffmpeg/video] h264: {1b81bea4-a0c7-11d3-b984-00c04f2e73c5} 103 106
[ 197.266][d][ffmpeg/video] h264: {1b81bea3-a0c7-11d3-b984-00c04f2e73c5} 103 106
[ 197.266][d][ffmpeg/video] h264: {32fcfe3f-de46-4a49-861b-ac71110649d5} 103 106
[ 197.267][d][ffmpeg/video] h264: {d79be8da-0cf1-4c81-b82a-69a4e236f43d} 103 106
[ 197.267][d][ffmpeg/video] h264: {f9aaccbb-c2b6-4cfc-8779-5707b1760552} 103 106
[ 197.267][d][ffmpeg/video] h264: {1b81be68-a0c7-11d3-b984-00c04f2e73c5} 103 106
[ 197.267][d][ffmpeg/video] h264: {5b11d51b-2f4c-4452-bcc3-09f2a1160cc0} 103 106
[ 197.267][d][ffmpeg/video] h264: {107af0e0-ef1a-4d19-aba8-67a163073d13} 104 106
[ 197.268][d][ffmpeg/video] h264: {1a72925f-0c2c-4f15-96fb-b17d1473603f} 104 106
[ 197.268][d][ffmpeg/video] h264: {15df9b21-06c4-47f1-841e-a67c97d7f312} 103 106
[ 197.268][d][ffmpeg/video] h264: {efd64d74-c9e8-41d7-a5e9-e9b0e39fa319} 103 106
[ 197.268][d][ffmpeg/video] h264: {ed418a9f-010d-4eda-9ae3-9a65358d8d2e} 103 106
[ 197.268][d][ffmpeg/video] h264: {9947ec6f-689b-11dc-a320-0019dbbc4184} 103 106
[ 197.268][d][ffmpeg/video] h264: {33fcfe41-de46-4a49-861b-ac71110649d5} 103 106 107
[ 197.269][d][ffmpeg/video] h264: {463707f8-a1d0-4585-876d-83aa6d60b89e} 103 106
[ 197.269][d][ffmpeg/video] h264: {a4c749ef-6ecf-48aa-8448-50a7a1165ff7} 104 106
[ 197.269][d][ffmpeg/video] h264: {dda19dc7-93b5-49f5-a9b3-2bda28a2ce6e} 104 106
[ 197.269][d][ffmpeg/video] h264: {b8be4ccb-cf53-46ba-8d59-d6b8a6da5d2a} 103 104 106
[ 197.269][d][ffmpeg/video] h264: {6affd11e-1d96-42b1-a215-93a31f09a53d} 103 106
[ 197.269][d][ffmpeg/video] h264: {914c84a3-4078-4fa9-984c-e2f262cb5c9c} 103 106
[ 197.270][d][ffmpeg/video] h264: {8a1a1031-29bc-46d0-a007-e9b092ca6767} 103 106
[ 197.270][d][ffmpeg/video] h264: Reinit context to 3840x2160, pix_fmt: d3d11
[ 197.279][i][vd] Using hardware decoding (d3d11va).
[ 197.279][v][vd] Decoder format: 3840x2160 d3d11[nv12] bt.709/bt.709/srgb/limited/auto CL=mpeg2/4/h264 crop=3840x2160+0+0 A=none
[ 197.279][v][vd] Using container aspect ratio.
[ 197.279][v][vf] [in] 3840x2160 d3d11[nv12] bt.709/bt.709/srgb/limited/display CL=mpeg2/4/h264 crop=3840x2160+0+0 A=none
[ 197.279][v][vf] [userdeint] 3840x2160 d3d11[nv12] bt.709/bt.709/srgb/limited/display CL=mpeg2/4/h264 crop=3840x2160+0+0 A=none
[ 197.279][v][vf] [userdeint] (disabled)
[ 197.279][v][vf] [autovflip] 3840x2160 d3d11[nv12] bt.709/bt.709/srgb/limited/display CL=mpeg2/4/h264 crop=3840x2160+0+0 A=none
[ 197.279][v][vf] [autovflip] (disabled)
[ 197.279][v][vf] [autorotate] 3840x2160 d3d11[nv12] bt.709/bt.709/srgb/limited/display CL=mpeg2/4/h264 crop=3840x2160+0+0 A=none
[ 197.279][v][vf] [autorotate] (disabled)
[ 197.279][v][vf] [convert] 3840x2160 d3d11[nv12] bt.709/bt.709/srgb/limited/display CL=mpeg2/4/h264 crop=3840x2160+0+0 A=none
[ 197.279][v][vo/gpu] Loading hwdec drivers for format: 'd3d11'
[ 197.279][v][vo/gpu] Loading hwdec driver 'd3d11-egl'
[ 197.279][v][vo/gpu] Loading failed.
[ 197.279][d][hwupload] looking at format d3d11/nv12
[ 197.279][d][hwupload]   supports: nv12 p010 bgra x2bgr10 rgbaf16 vuyx yuyv422 y210 xv30 y216 xv48 y212 xv36 yuv420p
[ 197.279][d][hwupload] looking at format d3d11/p010
[ 197.279][d][hwupload]   supports: nv12 p010 bgra x2bgr10 rgbaf16 vuyx yuyv422 y210 xv30 y216 xv48 y212 xv36 yuv420p
[ 197.279][d][hwupload] looking at format d3d11/bgra
[ 197.279][d][hwupload]   supports: nv12 p010 bgra x2bgr10 rgbaf16 vuyx yuyv422 y210 xv30 y216 xv48 y212 xv36 yuv420p
[ 197.279][d][hwupload] looking at format d3d11/x2bgr10
[ 197.279][d][hwupload]   supports: nv12 p010 bgra x2bgr10 rgbaf16 vuyx yuyv422 y210 xv30 y216 xv48 y212 xv36 yuv420p
[ 197.279][d][hwupload] looking at format d3d11/rgbaf16
[ 197.279][d][hwupload]   supports: nv12 p010 bgra x2bgr10 rgbaf16 vuyx yuyv422 y210 xv30 y216 xv48 y212 xv36 yuv420p
[ 197.279][d][hwupload] looking at format d3d11/vuyx
[ 197.279][d][hwupload]   supports: nv12 p010 bgra x2bgr10 rgbaf16 vuyx yuyv422 y210 xv30 y216 xv48 y212 xv36 yuv420p
[ 197.279][d][hwupload] looking at format d3d11/yuyv422
[ 197.279][d][hwupload]   not supported by VO
[ 197.279][d][hwupload] looking at format d3d11/y210
[ 197.279][d][hwupload]   not supported by VO
[ 197.279][d][hwupload] looking at format d3d11/xv30
[ 197.279][d][hwupload]   supports: nv12 p010 bgra x2bgr10 rgbaf16 vuyx yuyv422 y210 xv30 y216 xv48 y212 xv36 yuv420p
[ 197.279][d][hwupload] looking at format d3d11/y216
[ 197.279][d][hwupload]   not supported by VO
[ 197.279][d][hwupload] looking at format d3d11/xv48
[ 197.279][d][hwupload]   supports: nv12 p010 bgra x2bgr10 rgbaf16 vuyx yuyv422 y210 xv30 y216 xv48 y212 xv36 yuv420p
[ 197.279][d][hwupload] looking at format d3d11/y212
[ 197.279][d][hwupload]   not supported by VO
[ 197.279][d][hwupload] looking at format d3d11/xv36
[ 197.279][d][hwupload]   supports: nv12 p010 bgra x2bgr10 rgbaf16 vuyx yuyv422 y210 xv30 y216 xv48 y212 xv36 yuv420p
[ 197.279][d][hwupload] looking at format d3d11/yuv420p
[ 197.279][d][hwupload]   not supported by VO
[ 197.279][v][vf] [out] 3840x2160 d3d11[nv12] bt.709/bt.709/srgb/limited/display CL=mpeg2/4/h264 crop=3840x2160+0+0 A=none
[ 197.280][i][cplayer] VO: [gpu] 3840x2160 d3d11[nv12]
[ 197.280][v][cplayer] VO: Description: Shader-based GPU Renderer
[ 197.280][v][vo/gpu] reconfig to 3840x2160 d3d11[nv12] bt.709/bt.709/srgb/limited/display CL=mpeg2/4/h264 crop=3840x2160+0+0 A=none
[ 197.280][d][vo/gpu] max content size: 1920x1140
[ 197.280][d][vo/gpu] monitor size: 1920x1200
[ 197.283][v][vo/gpu] Resize: 1920x1200
[ 197.283][v][vo/gpu] Window size: 1920x1200 (Borders: l=0 t=0 r=0 b=0)
[ 197.283][v][vo/gpu] Video source: 3840x2160 (1:1)
[ 197.283][v][vo/gpu] Video display: (190, 0) 3458x2160 -> (0, 0) 1920x1200
[ 197.283][v][vo/gpu] Video scale: 0.555234/0.555556
[ 197.283][v][vo/gpu] OSD borders: l=-106 t=0 r=-107 b=0
[ 197.283][v][vo/gpu] Video borders: l=0 t=0 r=0 b=0
[ 197.283][v][vo/gpu] Reported display depth: 8
[ 197.283][v][vo/gpu] Testing FBO format rgba16hf
[ 197.283][d][vo/gpu] Resizing texture: 16x16
[ 197.284][v][vo/gpu] Using FBO format rgba16hf.
[ 197.284][v][vo/gpu] No advanced processing required. Enabling dumb mode.
[ 197.284][v][vo/gpu] Resize: 1920x1200
[ 197.284][v][vo/gpu] Window size: 1920x1200 (Borders: l=0 t=0 r=0 b=0)
[ 197.284][v][vo/gpu] Video source: 3840x2160 (1:1)
[ 197.284][v][vo/gpu] Video display: (190, 0) 3458x2160 -> (0, 0) 1920x1200
[ 197.284][v][vo/gpu] Video scale: 0.555234/0.555556
[ 197.284][v][vo/gpu] OSD borders: l=-106 t=0 r=-107 b=0
[ 197.284][v][vo/gpu] Video borders: l=0 t=0 r=0 b=0
[ 197.284][v][vo/gpu] Reported display depth: 8
[ 197.304][v][cplayer] first video frame after restart shown
[ 197.304][d][cplayer] starting video playback
[ 197.304][v][cplayer] playback restart complete @ 0.000000, audio=eof, video=playing (paused)
[ 202.270][v][ipc_104] Client connected
[ 202.270][v][cplayer] Set property: pause=true -> 1
[ 202.271][v][ipc_104] Client disconnected
[ 202.271][d][ipc_104] Destroying client handle...
[ 202.271][v][ipc_105] Client connected
[ 202.271][d][cplayer] Run command: loadfile, flags=64, args=[url="E:\\ВсякоеРазное\\Свалка\\Обои\\Wallsets\\Наборы\\Второй набор\\2853957093 — Ocean Sunset Ambience by Visualdon.mp4", flags="replace", index="-1", options=""]
[ 202.271][v][cplayer] EOF code: 3  
[ 202.271][d][vd] Uninit decoder.
[ 202.271][v][ipc_105] Client disconnected
[ 202.271][d][ipc_105] Destroying client handle...
[ 202.272][v][ipc_106] Client connected
[ 202.283][d][cplayer] Terminating demuxers...
[ 202.283][v][ipc_106] Client disconnected
[ 202.283][d][ipc_106] Destroying client handle...
[ 202.284][d][cplayer] Done terminating demuxers.
[ 202.284][v][cplayer] finished playback, success (reason 2)
[ 202.284][v][cplayer] Running hook: ytdl_hook/on_after_end_file
[ 202.284][v][ipc_107] Client connected
[ 202.285][d][cplayer] Run command: del, flags=64, args=[name="user-data/mpv/ytdl/json-subprocess-result"]
[ 202.285][v][ipc_107] Client disconnected
[ 202.285][d][ipc_107] Destroying client handle...
[ 202.285][d][global] state path: 'watch_later' -> '-'
[ 202.285][v][cplayer] Running hook: ytdl_hook/on_load
[ 202.286][v][cplayer] Running hook: ytdl_hook/on_load
[ 202.286][v][ytdl_hook] playlist hook
[ 202.287][v][ifo_dvda] Opening E:\ВсякоеРазное\Свалка\Обои\Wallsets\Наборы\Второй набор\2853957093 — Ocean Sunset Ambience by Visualdon.mp4
[ 202.287][v][ifo_dvdnav] Opening E:\ВсякоеРазное\Свалка\Обои\Wallsets\Наборы\Второй набор\2853957093 — Ocean Sunset Ambience by Visualdon.mp4
[ 202.287][v][bdmv/bluray] Opening E:\ВсякоеРазное\Свалка\Обои\Wallsets\Наборы\Второй набор\2853957093 — Ocean Sunset Ambience by Visualdon.mp4
[ 202.288][v][file] Opening E:\ВсякоеРазное\Свалка\Обои\Wallsets\Наборы\Второй набор\2853957093 — Ocean Sunset Ambience by Visualdon.mp4
[ 202.288][d][file] resize stream to 131072 bytes, drop 0 bytes
[ 202.288][d][file] Stream opened successfully.
[ 202.288][v][demux] Trying demuxers for level=normal.
[ 202.288][d][demux] Trying demuxer: directory (force-level: normal)
[ 202.288][d][demux] Trying demuxer: disc (force-level: normal)
[ 202.288][d][demux] Trying demuxer: edl (force-level: normal)
[ 202.288][d][demux] Trying demuxer: cue (force-level: normal)
[ 202.288][d][demux] Trying demuxer: rawaudio (force-level: normal)
[ 202.288][d][demux] Trying demuxer: rawvideo (force-level: normal)
[ 202.288][d][demux] Trying demuxer: mkv (force-level: normal)
[ 202.288][d][demux] Trying demuxer: libarchive (force-level: normal)
[ 202.288][d][demux] Trying demuxer: subrandr (force-level: normal)
[ 202.288][d][demux] Trying demuxer: lavf (force-level: normal)
[ 202.290][v][lavf] Found 'mov,mp4,m4a,3gp,3g2,mj2' at score=100 size=2048.
[ 202.291][v][file] stream level seek from 131072 to 258013021
[ 202.292][v][lavf] Could not set AVOption http_persistent='0'
[ 202.292][v][lavf] Could not set AVOption http_multiple='1'
[ 202.292][v][demux] Detected file format: mov,mp4,m4a,3gp,3g2,mj2 (libavformat)
[ 202.292][v][cplayer] Opening done: E:\ВсякоеРазное\Свалка\Обои\Wallsets\Наборы\Второй набор\2853957093 — Ocean Sunset Ambience by Visualdon.mp4
[ 202.292][v][find_files] Loading external files in E:\ВсякоеРазное\Свалка\Обои\Wallsets\Наборы\Второй набор\
[ 202.293][v][cplayer] Running hook: ytdl_hook/on_preloaded
[ 202.293][v][lavf] select track 0
[ 202.293][i][cplayer] ● Video  --vid=1  --vlang=eng  (h264 3840x2160 24.0079 fps 16149 kbps) [default]
[ 202.293][i][cplayer] ○ Audio  --aid=1  --alang=eng  (aac 2ch 48000 Hz 195 kbps) [default]
[ 202.293][v][vd] Container reported FPS: 24.007918
[ 202.293][v][vd] Codec list:
[ 202.293][v][vd]     h264 - H.264 / AVC / MPEG-4 AVC / MPEG-4 part 10
[ 202.293][v][vd]     h264_qsv (h264) - H264 video (Intel Quick Sync Video acceleration)
[ 202.293][v][vd]     h264_amf (h264) - H264 AMD AMF video decoder
[ 202.293][v][vd]     h264_cuvid (h264) - Nvidia CUVID H264 decoder
[ 202.293][v][vd] Opening decoder h264
[ 202.293][v][vd] Looking at hwdec h264-d3d11va...
[ 202.294][v][vo/gpu] Loading hwdec drivers for format: 'd3d11'
[ 202.294][v][vo/gpu] Loading hwdec driver 'd3d11-egl'
[ 202.294][v][vo/gpu] Loading failed.
[ 202.294][v][vd] Trying hardware decoding via h264-d3d11va.
[ 202.294][v][vd] Requesting 4 threads for decoding.
[ 202.294][v][vd] Selected decoder: h264 - H.264 / AVC / MPEG-4 AVC / MPEG-4 part 10
[ 202.294][v][vf] User filter list:
[ 202.294][v][vf]   (empty)
[ 202.294][v][cplayer] Starting playback...
[ 202.294][v][file] stream level seek from 258078290 to 48
[ 202.295][v][vd] Pixel formats supported by decoder: vulkan cuda cuarray dxva2_vld d3d11va_vld d3d11 d3d12 vaapi yuv420p
[ 202.295][v][vd] Codec profile: Main (0x4d)
[ 202.297][v][vd] Allocated a fixed pool of 26 hw surfaces.
[ 202.297][v][vd] Requesting pixfmt 'd3d11' from decoder.
[ 202.297][d][ffmpeg/video] h264: Decoder GUIDs reported as supported:
[ 202.297][d][ffmpeg/video] h264: {86695f12-340e-4f04-9fd3-9253dd327460} 103 106
[ 202.298][d][ffmpeg/video] h264: {ee27417f-5e28-4e65-beea-1d26b508adc9} 103 106
[ 202.298][d][ffmpeg/video] h264: {6f3ec719-3735-42cc-8063-65cc3cb36616} 103 106
[ 202.298][d][ffmpeg/video] h264: {1b81bea4-a0c7-11d3-b984-00c04f2e73c5} 103 106
[ 202.298][d][ffmpeg/video] h264: {1b81bea3-a0c7-11d3-b984-00c04f2e73c5} 103 106
[ 202.298][d][ffmpeg/video] h264: {32fcfe3f-de46-4a49-861b-ac71110649d5} 103 106
[ 202.298][d][ffmpeg/video] h264: {d79be8da-0cf1-4c81-b82a-69a4e236f43d} 103 106
[ 202.299][d][ffmpeg/video] h264: {f9aaccbb-c2b6-4cfc-8779-5707b1760552} 103 106
[ 202.299][d][ffmpeg/video] h264: {1b81be68-a0c7-11d3-b984-00c04f2e73c5} 103 106
[ 202.299][d][ffmpeg/video] h264: {5b11d51b-2f4c-4452-bcc3-09f2a1160cc0} 103 106
[ 202.299][d][ffmpeg/video] h264: {107af0e0-ef1a-4d19-aba8-67a163073d13} 104 106
[ 202.299][d][ffmpeg/video] h264: {1a72925f-0c2c-4f15-96fb-b17d1473603f} 104 106
[ 202.299][d][ffmpeg/video] h264: {15df9b21-06c4-47f1-841e-a67c97d7f312} 103 106
[ 202.300][d][ffmpeg/video] h264: {efd64d74-c9e8-41d7-a5e9-e9b0e39fa319} 103 106
[ 202.300][d][ffmpeg/video] h264: {ed418a9f-010d-4eda-9ae3-9a65358d8d2e} 103 106
[ 202.300][d][ffmpeg/video] h264: {9947ec6f-689b-11dc-a320-0019dbbc4184} 103 106
[ 202.300][d][ffmpeg/video] h264: {33fcfe41-de46-4a49-861b-ac71110649d5} 103 106 107
[ 202.300][d][ffmpeg/video] h264: {463707f8-a1d0-4585-876d-83aa6d60b89e} 103 106
[ 202.300][d][ffmpeg/video] h264: {a4c749ef-6ecf-48aa-8448-50a7a1165ff7} 104 106
[ 202.301][d][ffmpeg/video] h264: {dda19dc7-93b5-49f5-a9b3-2bda28a2ce6e} 104 106
[ 202.301][d][ffmpeg/video] h264: {b8be4ccb-cf53-46ba-8d59-d6b8a6da5d2a} 103 104 106
[ 202.301][d][ffmpeg/video] h264: {6affd11e-1d96-42b1-a215-93a31f09a53d} 103 106
[ 202.301][d][ffmpeg/video] h264: {914c84a3-4078-4fa9-984c-e2f262cb5c9c} 103 106
[ 202.301][d][ffmpeg/video] h264: {8a1a1031-29bc-46d0-a007-e9b092ca6767} 103 106
[ 202.320][d][ffmpeg/video] h264: Reinit context to 3840x2160, pix_fmt: d3d11
[ 202.325][i][vd] Using hardware decoding (d3d11va).
[ 202.325][v][vd] Decoder format: 3840x2160 d3d11[nv12] auto/auto/auto/auto/auto CL=mpeg2/4/h264 crop=3840x2160+0+0 A=none
[ 202.325][v][vd] Using container aspect ratio.
[ 202.325][v][vf] [in] 3840x2160 d3d11[nv12] bt.709/bt.709/bt.1886/limited/display CL=mpeg2/4/h264 crop=3840x2160+0+0 A=none
[ 202.325][v][vf] [userdeint] 3840x2160 d3d11[nv12] bt.709/bt.709/bt.1886/limited/display CL=mpeg2/4/h264 crop=3840x2160+0+0 A=none
[ 202.325][v][vf] [userdeint] (disabled)
[ 202.325][v][vf] [autovflip] 3840x2160 d3d11[nv12] bt.709/bt.709/bt.1886/limited/display CL=mpeg2/4/h264 crop=3840x2160+0+0 A=none
[ 202.325][v][vf] [autovflip] (disabled)
[ 202.325][v][vf] [autorotate] 3840x2160 d3d11[nv12] bt.709/bt.709/bt.1886/limited/display CL=mpeg2/4/h264 crop=3840x2160+0+0 A=none
[ 202.325][v][vf] [autorotate] (disabled)
[ 202.325][v][vf] [convert] 3840x2160 d3d11[nv12] bt.709/bt.709/bt.1886/limited/display CL=mpeg2/4/h264 crop=3840x2160+0+0 A=none
[ 202.326][v][vo/gpu] Loading hwdec drivers for format: 'd3d11'
[ 202.326][v][vo/gpu] Loading hwdec driver 'd3d11-egl'
[ 202.326][v][vo/gpu] Loading failed.
[ 202.326][d][hwupload] looking at format d3d11/nv12
[ 202.326][d][hwupload]   supports: nv12 p010 bgra x2bgr10 rgbaf16 vuyx yuyv422 y210 xv30 y216 xv48 y212 xv36 yuv420p
[ 202.326][d][hwupload] looking at format d3d11/p010
[ 202.326][d][hwupload]   supports: nv12 p010 bgra x2bgr10 rgbaf16 vuyx yuyv422 y210 xv30 y216 xv48 y212 xv36 yuv420p
[ 202.326][d][hwupload] looking at format d3d11/bgra
[ 202.326][d][hwupload]   supports: nv12 p010 bgra x2bgr10 rgbaf16 vuyx yuyv422 y210 xv30 y216 xv48 y212 xv36 yuv420p
[ 202.326][d][hwupload] looking at format d3d11/x2bgr10
[ 202.326][d][hwupload]   supports: nv12 p010 bgra x2bgr10 rgbaf16 vuyx yuyv422 y210 xv30 y216 xv48 y212 xv36 yuv420p
[ 202.326][d][hwupload] looking at format d3d11/rgbaf16
[ 202.326][d][hwupload]   supports: nv12 p010 bgra x2bgr10 rgbaf16 vuyx yuyv422 y210 xv30 y216 xv48 y212 xv36 yuv420p
[ 202.326][d][hwupload] looking at format d3d11/vuyx
[ 202.326][d][hwupload]   supports: nv12 p010 bgra x2bgr10 rgbaf16 vuyx yuyv422 y210 xv30 y216 xv48 y212 xv36 yuv420p
[ 202.326][d][hwupload] looking at format d3d11/yuyv422
[ 202.326][d][hwupload]   not supported by VO
[ 202.326][d][hwupload] looking at format d3d11/y210
[ 202.326][d][hwupload]   not supported by VO
[ 202.326][d][hwupload] looking at format d3d11/xv30
[ 202.326][d][hwupload]   supports: nv12 p010 bgra x2bgr10 rgbaf16 vuyx yuyv422 y210 xv30 y216 xv48 y212 xv36 yuv420p
[ 202.326][d][hwupload] looking at format d3d11/y216
[ 202.326][d][hwupload]   not supported by VO
[ 202.326][d][hwupload] looking at format d3d11/xv48
[ 202.326][d][hwupload]   supports: nv12 p010 bgra x2bgr10 rgbaf16 vuyx yuyv422 y210 xv30 y216 xv48 y212 xv36 yuv420p
[ 202.326][d][hwupload] looking at format d3d11/y212
[ 202.326][d][hwupload]   not supported by VO
[ 202.326][d][hwupload] looking at format d3d11/xv36
[ 202.326][d][hwupload]   supports: nv12 p010 bgra x2bgr10 rgbaf16 vuyx yuyv422 y210 xv30 y216 xv48 y212 xv36 yuv420p
[ 202.326][d][hwupload] looking at format d3d11/yuv420p
[ 202.326][d][hwupload]   not supported by VO
[ 202.326][v][vf] [out] 3840x2160 d3d11[nv12] bt.709/bt.709/bt.1886/limited/display CL=mpeg2/4/h264 crop=3840x2160+0+0 A=none
[ 202.326][i][cplayer] VO: [gpu] 3840x2160 d3d11[nv12]
[ 202.326][v][cplayer] VO: Description: Shader-based GPU Renderer
[ 202.326][v][vo/gpu] reconfig to 3840x2160 d3d11[nv12] bt.709/bt.709/bt.1886/limited/display CL=mpeg2/4/h264 crop=3840x2160+0+0 A=none
[ 202.326][d][vo/gpu] max content size: 1920x1140
[ 202.326][d][vo/gpu] monitor size: 1920x1200
[ 202.327][v][vo/gpu] Resize: 1920x1200
[ 202.327][v][vo/gpu] Window size: 1920x1200 (Borders: l=0 t=0 r=0 b=0)
[ 202.327][v][vo/gpu] Video source: 3840x2160 (1:1)
[ 202.327][v][vo/gpu] Video display: (190, 0) 3458x2160 -> (0, 0) 1920x1200
[ 202.327][v][vo/gpu] Video scale: 0.555234/0.555556
[ 202.327][v][vo/gpu] OSD borders: l=-106 t=0 r=-107 b=0
[ 202.327][v][vo/gpu] Video borders: l=0 t=0 r=0 b=0
[ 202.327][v][vo/gpu] Reported display depth: 8
[ 202.327][v][vo/gpu] Testing FBO format rgba16hf
[ 202.327][d][vo/gpu] Resizing texture: 16x16
[ 202.327][v][vo/gpu] Using FBO format rgba16hf.
[ 202.327][v][vo/gpu] No advanced processing required. Enabling dumb mode.
[ 202.328][v][vo/gpu] Resize: 1920x1200
[ 202.328][v][vo/gpu] Window size: 1920x1200 (Borders: l=0 t=0 r=0 b=0)
[ 202.328][v][vo/gpu] Video source: 3840x2160 (1:1)
[ 202.328][v][vo/gpu] Video display: (190, 0) 3458x2160 -> (0, 0) 1920x1200
[ 202.328][v][vo/gpu] Video scale: 0.555234/0.555556
[ 202.328][v][vo/gpu] OSD borders: l=-106 t=0 r=-107 b=0
[ 202.328][v][vo/gpu] Video borders: l=0 t=0 r=0 b=0
[ 202.328][v][vo/gpu] Reported display depth: 8
[ 202.338][v][cplayer] first video frame after restart shown
[ 202.338][d][cplayer] starting video playback
[ 202.338][v][cplayer] playback restart complete @ 0.000000, audio=eof, video=playing (paused)
[ 207.276][v][ipc_108] Client connected
[ 207.276][v][cplayer] Set property: pause=true -> 1
[ 207.276][v][ipc_108] Client disconnected
[ 207.276][d][ipc_108] Destroying client handle...
[ 207.276][v][ipc_109] Client connected
[ 207.276][d][cplayer] Run command: loadfile, flags=64, args=[url="E:\\ВсякоеРазное\\Свалка\\Обои\\Wallsets\\Наборы\\Второй набор\\2970331102 — 雨 樱【 Rain Sakura 】- 4K.mp4", flags="replace", index="-1", options=""]
[ 207.276][v][cplayer] EOF code: 3  
[ 207.276][d][vd] Uninit decoder.
[ 207.276][v][ipc_109] Client disconnected
[ 207.276][d][ipc_109] Destroying client handle...
[ 207.278][v][ipc_110] Client connected
[ 207.281][d][cplayer] Terminating demuxers...
[ 207.281][v][ipc_110] Client disconnected
[ 207.281][d][ipc_110] Destroying client handle...
[ 207.282][v][ipc_111] Client connected
[ 207.282][d][cplayer] Done terminating demuxers.
[ 207.282][v][cplayer] finished playback, success (reason 2)
[ 207.282][v][cplayer] Running hook: ytdl_hook/on_after_end_file
[ 207.283][v][ipc_111] Client disconnected
[ 207.283][d][ipc_111] Destroying client handle...
[ 207.283][d][cplayer] Run command: del, flags=64, args=[name="user-data/mpv/ytdl/json-subprocess-result"]
[ 207.284][d][global] state path: 'watch_later' -> '-'
[ 207.284][v][cplayer] Running hook: ytdl_hook/on_load
[ 207.292][v][cplayer] Running hook: ytdl_hook/on_load
[ 207.292][v][ytdl_hook] playlist hook
[ 207.292][v][ifo_dvda] Opening E:\ВсякоеРазное\Свалка\Обои\Wallsets\Наборы\Второй набор\2970331102 — 雨 樱【 Rain Sakura 】- 4K.mp4
[ 207.293][v][ifo_dvdnav] Opening E:\ВсякоеРазное\Свалка\Обои\Wallsets\Наборы\Второй набор\2970331102 — 雨 樱【 Rain Sakura 】- 4K.mp4
[ 207.293][v][bdmv/bluray] Opening E:\ВсякоеРазное\Свалка\Обои\Wallsets\Наборы\Второй набор\2970331102 — 雨 樱【 Rain Sakura 】- 4K.mp4
[ 207.293][v][file] Opening E:\ВсякоеРазное\Свалка\Обои\Wallsets\Наборы\Второй набор\2970331102 — 雨 樱【 Rain Sakura 】- 4K.mp4
[ 207.293][d][file] resize stream to 131072 bytes, drop 0 bytes
[ 207.293][d][file] Stream opened successfully.
[ 207.293][v][demux] Trying demuxers for level=normal.
[ 207.293][d][demux] Trying demuxer: directory (force-level: normal)
[ 207.293][d][demux] Trying demuxer: disc (force-level: normal)
[ 207.293][d][demux] Trying demuxer: edl (force-level: normal)
[ 207.293][d][demux] Trying demuxer: cue (force-level: normal)
[ 207.293][d][demux] Trying demuxer: rawaudio (force-level: normal)
[ 207.293][d][demux] Trying demuxer: rawvideo (force-level: normal)
[ 207.293][d][demux] Trying demuxer: mkv (force-level: normal)
[ 207.293][d][demux] Trying demuxer: libarchive (force-level: normal)
[ 207.293][d][demux] Trying demuxer: subrandr (force-level: normal)
[ 207.293][d][demux] Trying demuxer: lavf (force-level: normal)
[ 207.295][v][lavf] Found 'mov,mp4,m4a,3gp,3g2,mj2' at score=100 size=2048.
[ 207.296][v][file] stream level seek from 131072 to 101774588
[ 207.297][v][lavf] Could not set AVOption http_persistent='0'
[ 207.297][v][lavf] Could not set AVOption http_multiple='1'
[ 207.297][v][demux] Detected file format: mov,mp4,m4a,3gp,3g2,mj2 (libavformat)
[ 207.297][v][cplayer] Opening done: E:\ВсякоеРазное\Свалка\Обои\Wallsets\Наборы\Второй набор\2970331102 — 雨 樱【 Rain Sakura 】- 4K.mp4
[ 207.297][v][find_files] Loading external files in E:\ВсякоеРазное\Свалка\Обои\Wallsets\Наборы\Второй набор\
[ 207.298][v][cplayer] Running hook: ytdl_hook/on_preloaded
[ 207.298][v][lavf] select track 0
[ 207.298][i][cplayer] ● Video  --vid=1  (h264 3840x2160 30 fps 9071 kbps) [default]
[ 207.298][i][cplayer] ○ Audio  --aid=1  (aac 2ch 48000 Hz 320 kbps) [default]
[ 207.298][v][vd] Container reported FPS: 30.000000
[ 207.298][v][vd] Codec list:
[ 207.298][v][vd]     h264 - H.264 / AVC / MPEG-4 AVC / MPEG-4 part 10
[ 207.298][v][vd]     h264_qsv (h264) - H264 video (Intel Quick Sync Video acceleration)
[ 207.298][v][vd]     h264_amf (h264) - H264 AMD AMF video decoder
[ 207.298][v][vd]     h264_cuvid (h264) - Nvidia CUVID H264 decoder
[ 207.298][v][vd] Opening decoder h264
[ 207.299][v][vd] Looking at hwdec h264-d3d11va...
[ 207.299][v][vo/gpu] Loading hwdec drivers for format: 'd3d11'
[ 207.299][v][vo/gpu] Loading hwdec driver 'd3d11-egl'
[ 207.299][v][vo/gpu] Loading failed.
[ 207.299][v][vd] Trying hardware decoding via h264-d3d11va.
[ 207.299][v][vd] Requesting 4 threads for decoding.
[ 207.299][v][vd] Selected decoder: h264 - H.264 / AVC / MPEG-4 AVC / MPEG-4 part 10
[ 207.299][v][vf] User filter list:
[ 207.299][v][vf]   (empty)
[ 207.299][v][cplayer] Starting playback...
[ 207.299][v][file] stream level seek from 101871488 to 48
[ 207.301][v][vd] Pixel formats supported by decoder: vulkan cuda cuarray dxva2_vld d3d11va_vld d3d11 d3d12 vaapi yuv420p
[ 207.301][v][vd] Codec profile: High (0x64)
[ 207.303][v][vd] Allocated a fixed pool of 26 hw surfaces.
[ 207.303][v][vd] Requesting pixfmt 'd3d11' from decoder.
[ 207.303][d][ffmpeg/video] h264: Decoder GUIDs reported as supported:
[ 207.303][d][ffmpeg/video] h264: {86695f12-340e-4f04-9fd3-9253dd327460} 103 106
[ 207.304][d][ffmpeg/video] h264: {ee27417f-5e28-4e65-beea-1d26b508adc9} 103 106
[ 207.304][d][ffmpeg/video] h264: {6f3ec719-3735-42cc-8063-65cc3cb36616} 103 106
[ 207.304][d][ffmpeg/video] h264: {1b81bea4-a0c7-11d3-b984-00c04f2e73c5} 103 106
[ 207.304][d][ffmpeg/video] h264: {1b81bea3-a0c7-11d3-b984-00c04f2e73c5} 103 106
[ 207.305][d][ffmpeg/video] h264: {32fcfe3f-de46-4a49-861b-ac71110649d5} 103 106
[ 207.305][d][ffmpeg/video] h264: {d79be8da-0cf1-4c81-b82a-69a4e236f43d} 103 106
[ 207.305][d][ffmpeg/video] h264: {f9aaccbb-c2b6-4cfc-8779-5707b1760552} 103 106
[ 207.305][d][ffmpeg/video] h264: {1b81be68-a0c7-11d3-b984-00c04f2e73c5} 103 106
[ 207.306][d][ffmpeg/video] h264: {5b11d51b-2f4c-4452-bcc3-09f2a1160cc0} 103 106
[ 207.306][d][ffmpeg/video] h264: {107af0e0-ef1a-4d19-aba8-67a163073d13} 104 106
[ 207.306][d][ffmpeg/video] h264: {1a72925f-0c2c-4f15-96fb-b17d1473603f} 104 106
[ 207.306][d][ffmpeg/video] h264: {15df9b21-06c4-47f1-841e-a67c97d7f312} 103 106
[ 207.306][d][ffmpeg/video] h264: {efd64d74-c9e8-41d7-a5e9-e9b0e39fa319} 103 106
[ 207.307][d][ffmpeg/video] h264: {ed418a9f-010d-4eda-9ae3-9a65358d8d2e} 103 106
[ 207.307][d][ffmpeg/video] h264: {9947ec6f-689b-11dc-a320-0019dbbc4184} 103 106
[ 207.307][d][ffmpeg/video] h264: {33fcfe41-de46-4a49-861b-ac71110649d5} 103 106 107
[ 207.307][d][ffmpeg/video] h264: {463707f8-a1d0-4585-876d-83aa6d60b89e} 103 106
[ 207.307][d][ffmpeg/video] h264: {a4c749ef-6ecf-48aa-8448-50a7a1165ff7} 104 106
[ 207.307][d][ffmpeg/video] h264: {dda19dc7-93b5-49f5-a9b3-2bda28a2ce6e} 104 106
[ 207.308][d][ffmpeg/video] h264: {b8be4ccb-cf53-46ba-8d59-d6b8a6da5d2a} 103 104 106
[ 207.308][d][ffmpeg/video] h264: {6affd11e-1d96-42b1-a215-93a31f09a53d} 103 106
[ 207.308][d][ffmpeg/video] h264: {914c84a3-4078-4fa9-984c-e2f262cb5c9c} 103 106
[ 207.308][d][ffmpeg/video] h264: {8a1a1031-29bc-46d0-a007-e9b092ca6767} 103 106
[ 207.308][d][ffmpeg/video] h264: Reinit context to 3840x2160, pix_fmt: d3d11
[ 207.316][i][vd] Using hardware decoding (d3d11va).
[ 207.316][v][vd] Decoder format: 3840x2160 d3d11[nv12] auto/auto/auto/auto/auto CL=mpeg2/4/h264 crop=3840x2160+0+0 A=none
[ 207.316][v][vd] Using container aspect ratio.
[ 207.316][v][vf] [in] 3840x2160 d3d11[nv12] bt.709/bt.709/bt.1886/limited/display CL=mpeg2/4/h264 crop=3840x2160+0+0 A=none
[ 207.316][v][vf] [userdeint] 3840x2160 d3d11[nv12] bt.709/bt.709/bt.1886/limited/display CL=mpeg2/4/h264 crop=3840x2160+0+0 A=none
[ 207.316][v][vf] [userdeint] (disabled)
[ 207.316][v][vf] [autovflip] 3840x2160 d3d11[nv12] bt.709/bt.709/bt.1886/limited/display CL=mpeg2/4/h264 crop=3840x2160+0+0 A=none
[ 207.316][v][vf] [autovflip] (disabled)
[ 207.316][v][vf] [autorotate] 3840x2160 d3d11[nv12] bt.709/bt.709/bt.1886/limited/display CL=mpeg2/4/h264 crop=3840x2160+0+0 A=none
[ 207.316][v][vf] [autorotate] (disabled)
[ 207.316][v][vf] [convert] 3840x2160 d3d11[nv12] bt.709/bt.709/bt.1886/limited/display CL=mpeg2/4/h264 crop=3840x2160+0+0 A=none
[ 207.316][v][vo/gpu] Loading hwdec drivers for format: 'd3d11'
[ 207.316][v][vo/gpu] Loading hwdec driver 'd3d11-egl'
[ 207.316][v][vo/gpu] Loading failed.
[ 207.316][d][hwupload] looking at format d3d11/nv12
[ 207.316][d][hwupload]   supports: nv12 p010 bgra x2bgr10 rgbaf16 vuyx yuyv422 y210 xv30 y216 xv48 y212 xv36 yuv420p
[ 207.316][d][hwupload] looking at format d3d11/p010
[ 207.316][d][hwupload]   supports: nv12 p010 bgra x2bgr10 rgbaf16 vuyx yuyv422 y210 xv30 y216 xv48 y212 xv36 yuv420p
[ 207.316][d][hwupload] looking at format d3d11/bgra
[ 207.316][d][hwupload]   supports: nv12 p010 bgra x2bgr10 rgbaf16 vuyx yuyv422 y210 xv30 y216 xv48 y212 xv36 yuv420p
[ 207.316][d][hwupload] looking at format d3d11/x2bgr10
[ 207.316][d][hwupload]   supports: nv12 p010 bgra x2bgr10 rgbaf16 vuyx yuyv422 y210 xv30 y216 xv48 y212 xv36 yuv420p
[ 207.316][d][hwupload] looking at format d3d11/rgbaf16
[ 207.316][d][hwupload]   supports: nv12 p010 bgra x2bgr10 rgbaf16 vuyx yuyv422 y210 xv30 y216 xv48 y212 xv36 yuv420p
[ 207.316][d][hwupload] looking at format d3d11/vuyx
[ 207.316][d][hwupload]   supports: nv12 p010 bgra x2bgr10 rgbaf16 vuyx yuyv422 y210 xv30 y216 xv48 y212 xv36 yuv420p
[ 207.316][d][hwupload] looking at format d3d11/yuyv422
[ 207.316][d][hwupload]   not supported by VO
[ 207.316][d][hwupload] looking at format d3d11/y210
[ 207.316][d][hwupload]   not supported by VO
[ 207.316][d][hwupload] looking at format d3d11/xv30
[ 207.316][d][hwupload]   supports: nv12 p010 bgra x2bgr10 rgbaf16 vuyx yuyv422 y210 xv30 y216 xv48 y212 xv36 yuv420p
[ 207.316][d][hwupload] looking at format d3d11/y216
[ 207.316][d][hwupload]   not supported by VO
[ 207.316][d][hwupload] looking at format d3d11/xv48
[ 207.316][d][hwupload]   supports: nv12 p010 bgra x2bgr10 rgbaf16 vuyx yuyv422 y210 xv30 y216 xv48 y212 xv36 yuv420p
[ 207.316][d][hwupload] looking at format d3d11/y212
[ 207.316][d][hwupload]   not supported by VO
[ 207.316][d][hwupload] looking at format d3d11/xv36
[ 207.316][d][hwupload]   supports: nv12 p010 bgra x2bgr10 rgbaf16 vuyx yuyv422 y210 xv30 y216 xv48 y212 xv36 yuv420p
[ 207.316][d][hwupload] looking at format d3d11/yuv420p
[ 207.316][d][hwupload]   not supported by VO
[ 207.316][v][vf] [out] 3840x2160 d3d11[nv12] bt.709/bt.709/bt.1886/limited/display CL=mpeg2/4/h264 crop=3840x2160+0+0 A=none
[ 207.368][v][cplayer] first video frame after restart shown
[ 207.368][d][cplayer] starting video playback
[ 207.368][v][cplayer] playback restart complete @ 0.000000, audio=eof, video=playing (paused)
[ 212.277][v][ipc_112] Client connected
[ 212.277][v][cplayer] Set property: pause=true -> 1
[ 212.278][v][ipc_112] Client disconnected
[ 212.278][d][ipc_112] Destroying client handle...
[ 212.278][v][ipc_113] Client connected
[ 212.278][d][cplayer] Run command: loadfile, flags=64, args=[url="E:\\ВсякоеРазное\\Свалка\\Обои\\Wallsets\\Наборы\\Второй набор\\3263531834 — 龙女.mp4", flags="replace", index="-1", options=""]
[ 212.278][v][cplayer] EOF code: 3  
[ 212.278][d][vd] Uninit decoder.
[ 212.279][v][ipc_113] Client disconnected
[ 212.279][d][ipc_113] Destroying client handle...
[ 212.279][v][ipc_114] Client connected
[ 212.284][d][cplayer] Terminating demuxers...
[ 212.285][v][ipc_114] Client disconnected
[ 212.285][d][ipc_114] Destroying client handle...
[ 212.285][d][cplayer] Done terminating demuxers.
[ 212.285][v][cplayer] finished playback, success (reason 2)
[ 212.285][v][cplayer] Running hook: ytdl_hook/on_after_end_file
[ 212.285][v][ipc_115] Client connected
[ 212.286][d][cplayer] Run command: del, flags=64, args=[name="user-data/mpv/ytdl/json-subprocess-result"]
[ 212.286][v][ipc_115] Client disconnected
[ 212.286][d][ipc_115] Destroying client handle...
[ 212.286][d][global] state path: 'watch_later' -> '-'
[ 212.286][v][cplayer] Running hook: ytdl_hook/on_load
[ 212.287][v][cplayer] Running hook: ytdl_hook/on_load
[ 212.287][v][ytdl_hook] playlist hook
[ 212.288][v][ifo_dvda] Opening E:\ВсякоеРазное\Свалка\Обои\Wallsets\Наборы\Второй набор\3263531834 — 龙女.mp4
[ 212.288][v][ifo_dvdnav] Opening E:\ВсякоеРазное\Свалка\Обои\Wallsets\Наборы\Второй набор\3263531834 — 龙女.mp4
[ 212.288][v][bdmv/bluray] Opening E:\ВсякоеРазное\Свалка\Обои\Wallsets\Наборы\Второй набор\3263531834 — 龙女.mp4
[ 212.288][v][file] Opening E:\ВсякоеРазное\Свалка\Обои\Wallsets\Наборы\Второй набор\3263531834 — 龙女.mp4
[ 212.288][d][file] resize stream to 131072 bytes, drop 0 bytes
[ 212.288][d][file] Stream opened successfully.
[ 212.288][v][demux] Trying demuxers for level=normal.
[ 212.288][d][demux] Trying demuxer: directory (force-level: normal)
[ 212.288][d][demux] Trying demuxer: disc (force-level: normal)
[ 212.288][d][demux] Trying demuxer: edl (force-level: normal)
[ 212.288][d][demux] Trying demuxer: cue (force-level: normal)
[ 212.288][d][demux] Trying demuxer: rawaudio (force-level: normal)
[ 212.288][d][demux] Trying demuxer: rawvideo (force-level: normal)
[ 212.288][d][demux] Trying demuxer: mkv (force-level: normal)
[ 212.288][d][demux] Trying demuxer: libarchive (force-level: normal)
[ 212.288][d][demux] Trying demuxer: subrandr (force-level: normal)
[ 212.288][d][demux] Trying demuxer: lavf (force-level: normal)
[ 212.290][v][lavf] Found 'mov,mp4,m4a,3gp,3g2,mj2' at score=100 size=2048.
[ 212.291][v][lavf] Could not set AVOption http_persistent='0'
[ 212.291][v][lavf] Could not set AVOption http_multiple='1'
[ 212.291][v][demux] Detected file format: mov,mp4,m4a,3gp,3g2,mj2 (libavformat)
[ 212.291][v][cplayer] Opening done: E:\ВсякоеРазное\Свалка\Обои\Wallsets\Наборы\Второй набор\3263531834 — 龙女.mp4
[ 212.292][v][find_files] Loading external files in E:\ВсякоеРазное\Свалка\Обои\Wallsets\Наборы\Второй набор\
[ 212.293][v][cplayer] Running hook: ytdl_hook/on_preloaded
[ 212.293][v][lavf] select track 0
[ 212.293][i][cplayer] ● Video  --vid=1  (h264 3840x2160 30 fps 19271 kbps) [default]
[ 212.293][i][display-tags] File tags:
[ 212.293][i][display-tags]  Title: 龙女
[ 212.293][v][vd] Container reported FPS: 30.000000
[ 212.293][v][vd] Codec list:
[ 212.293][v][vd]     h264 - H.264 / AVC / MPEG-4 AVC / MPEG-4 part 10
[ 212.293][v][vd]     h264_qsv (h264) - H264 video (Intel Quick Sync Video acceleration)
[ 212.293][v][vd]     h264_amf (h264) - H264 AMD AMF video decoder
[ 212.293][v][vd]     h264_cuvid (h264) - Nvidia CUVID H264 decoder
[ 212.293][v][vd] Opening decoder h264
[ 212.293][v][vd] Looking at hwdec h264-d3d11va...
[ 212.293][v][vo/gpu] Loading hwdec drivers for format: 'd3d11'
[ 212.293][v][vo/gpu] Loading hwdec driver 'd3d11-egl'
[ 212.293][v][vo/gpu] Loading failed.
[ 212.293][v][vd] Trying hardware decoding via h264-d3d11va.
[ 212.293][v][vd] Requesting 4 threads for decoding.
[ 212.293][v][vd] Selected decoder: h264 - H.264 / AVC / MPEG-4 AVC / MPEG-4 part 10
[ 212.293][v][vf] User filter list:
[ 212.293][v][vf]   (empty)
[ 212.294][v][cplayer] Starting playback...
[ 212.296][v][vd] Pixel formats supported by decoder: vulkan cuda cuarray dxva2_vld d3d11va_vld d3d11 d3d12 vaapi yuv420p
[ 212.296][v][vd] Codec profile: High (0x64)
[ 212.303][v][vd] Allocated a fixed pool of 26 hw surfaces.
[ 212.303][v][vd] Requesting pixfmt 'd3d11' from decoder.
[ 212.303][d][ffmpeg/video] h264: Decoder GUIDs reported as supported:
[ 212.303][d][ffmpeg/video] h264: {86695f12-340e-4f04-9fd3-9253dd327460} 103 106
[ 212.303][d][ffmpeg/video] h264: {ee27417f-5e28-4e65-beea-1d26b508adc9} 103 106
[ 212.304][d][ffmpeg/video] h264: {6f3ec719-3735-42cc-8063-65cc3cb36616} 103 106
[ 212.304][d][ffmpeg/video] h264: {1b81bea4-a0c7-11d3-b984-00c04f2e73c5} 103 106
[ 212.304][d][ffmpeg/video] h264: {1b81bea3-a0c7-11d3-b984-00c04f2e73c5} 103 106
[ 212.304][d][ffmpeg/video] h264: {32fcfe3f-de46-4a49-861b-ac71110649d5} 103 106
[ 212.304][d][ffmpeg/video] h264: {d79be8da-0cf1-4c81-b82a-69a4e236f43d} 103 106
[ 212.305][d][ffmpeg/video] h264: {f9aaccbb-c2b6-4cfc-8779-5707b1760552} 103 106
[ 212.305][d][ffmpeg/video] h264: {1b81be68-a0c7-11d3-b984-00c04f2e73c5} 103 106
[ 212.305][d][ffmpeg/video] h264: {5b11d51b-2f4c-4452-bcc3-09f2a1160cc0} 103 106
[ 212.305][d][ffmpeg/video] h264: {107af0e0-ef1a-4d19-aba8-67a163073d13} 104 106
[ 212.305][d][ffmpeg/video] h264: {1a72925f-0c2c-4f15-96fb-b17d1473603f} 104 106
[ 212.305][d][ffmpeg/video] h264: {15df9b21-06c4-47f1-841e-a67c97d7f312} 103 106
[ 212.306][d][ffmpeg/video] h264: {efd64d74-c9e8-41d7-a5e9-e9b0e39fa319} 103 106
[ 212.306][d][ffmpeg/video] h264: {ed418a9f-010d-4eda-9ae3-9a65358d8d2e} 103 106
[ 212.306][d][ffmpeg/video] h264: {9947ec6f-689b-11dc-a320-0019dbbc4184} 103 106
[ 212.306][d][ffmpeg/video] h264: {33fcfe41-de46-4a49-861b-ac71110649d5} 103 106 107
[ 212.306][d][ffmpeg/video] h264: {463707f8-a1d0-4585-876d-83aa6d60b89e} 103 106
[ 212.306][d][ffmpeg/video] h264: {a4c749ef-6ecf-48aa-8448-50a7a1165ff7} 104 106
[ 212.306][d][ffmpeg/video] h264: {dda19dc7-93b5-49f5-a9b3-2bda28a2ce6e} 104 106
[ 212.307][d][ffmpeg/video] h264: {b8be4ccb-cf53-46ba-8d59-d6b8a6da5d2a} 103 104 106
[ 212.307][d][ffmpeg/video] h264: {6affd11e-1d96-42b1-a215-93a31f09a53d} 103 106
[ 212.307][d][ffmpeg/video] h264: {914c84a3-4078-4fa9-984c-e2f262cb5c9c} 103 106
[ 212.307][d][ffmpeg/video] h264: {8a1a1031-29bc-46d0-a007-e9b092ca6767} 103 106
[ 212.308][d][ffmpeg/video] h264: Reinit context to 3840x2160, pix_fmt: d3d11
[ 212.314][i][vd] Using hardware decoding (d3d11va).
[ 212.314][v][vd] Decoder format: 3840x2160 d3d11[nv12] bt.709/bt.709/srgb/limited/auto CL=mpeg2/4/h264 crop=3840x2160+0+0 A=none
[ 212.314][v][vd] Using container aspect ratio.
[ 212.314][v][vf] [in] 3840x2160 d3d11[nv12] bt.709/bt.709/srgb/limited/display CL=mpeg2/4/h264 crop=3840x2160+0+0 A=none
[ 212.314][v][vf] [userdeint] 3840x2160 d3d11[nv12] bt.709/bt.709/srgb/limited/display CL=mpeg2/4/h264 crop=3840x2160+0+0 A=none
[ 212.314][v][vf] [userdeint] (disabled)
[ 212.314][v][vf] [autovflip] 3840x2160 d3d11[nv12] bt.709/bt.709/srgb/limited/display CL=mpeg2/4/h264 crop=3840x2160+0+0 A=none
[ 212.314][v][vf] [autovflip] (disabled)
[ 212.314][v][vf] [autorotate] 3840x2160 d3d11[nv12] bt.709/bt.709/srgb/limited/display CL=mpeg2/4/h264 crop=3840x2160+0+0 A=none
[ 212.314][v][vf] [autorotate] (disabled)
[ 212.314][v][vf] [convert] 3840x2160 d3d11[nv12] bt.709/bt.709/srgb/limited/display CL=mpeg2/4/h264 crop=3840x2160+0+0 A=none
[ 212.314][v][vo/gpu] Loading hwdec drivers for format: 'd3d11'
[ 212.314][v][vo/gpu] Loading hwdec driver 'd3d11-egl'
[ 212.314][v][vo/gpu] Loading failed.
[ 212.314][d][hwupload] looking at format d3d11/nv12
[ 212.314][d][hwupload]   supports: nv12 p010 bgra x2bgr10 rgbaf16 vuyx yuyv422 y210 xv30 y216 xv48 y212 xv36 yuv420p
[ 212.314][d][hwupload] looking at format d3d11/p010
[ 212.314][d][hwupload]   supports: nv12 p010 bgra x2bgr10 rgbaf16 vuyx yuyv422 y210 xv30 y216 xv48 y212 xv36 yuv420p
[ 212.314][d][hwupload] looking at format d3d11/bgra
[ 212.314][d][hwupload]   supports: nv12 p010 bgra x2bgr10 rgbaf16 vuyx yuyv422 y210 xv30 y216 xv48 y212 xv36 yuv420p
[ 212.314][d][hwupload] looking at format d3d11/x2bgr10
[ 212.314][d][hwupload]   supports: nv12 p010 bgra x2bgr10 rgbaf16 vuyx yuyv422 y210 xv30 y216 xv48 y212 xv36 yuv420p
[ 212.314][d][hwupload] looking at format d3d11/rgbaf16
[ 212.314][d][hwupload]   supports: nv12 p010 bgra x2bgr10 rgbaf16 vuyx yuyv422 y210 xv30 y216 xv48 y212 xv36 yuv420p
[ 212.314][d][hwupload] looking at format d3d11/vuyx
[ 212.314][d][hwupload]   supports: nv12 p010 bgra x2bgr10 rgbaf16 vuyx yuyv422 y210 xv30 y216 xv48 y212 xv36 yuv420p
[ 212.314][d][hwupload] looking at format d3d11/yuyv422
[ 212.314][d][hwupload]   not supported by VO
[ 212.314][d][hwupload] looking at format d3d11/y210
[ 212.314][d][hwupload]   not supported by VO
[ 212.314][d][hwupload] looking at format d3d11/xv30
[ 212.314][d][hwupload]   supports: nv12 p010 bgra x2bgr10 rgbaf16 vuyx yuyv422 y210 xv30 y216 xv48 y212 xv36 yuv420p
[ 212.314][d][hwupload] looking at format d3d11/y216
[ 212.314][d][hwupload]   not supported by VO
[ 212.314][d][hwupload] looking at format d3d11/xv48
[ 212.314][d][hwupload]   supports: nv12 p010 bgra x2bgr10 rgbaf16 vuyx yuyv422 y210 xv30 y216 xv48 y212 xv36 yuv420p
[ 212.314][d][hwupload] looking at format d3d11/y212
[ 212.314][d][hwupload]   not supported by VO
[ 212.314][d][hwupload] looking at format d3d11/xv36
[ 212.314][d][hwupload]   supports: nv12 p010 bgra x2bgr10 rgbaf16 vuyx yuyv422 y210 xv30 y216 xv48 y212 xv36 yuv420p
[ 212.314][d][hwupload] looking at format d3d11/yuv420p
[ 212.314][d][hwupload]   not supported by VO
[ 212.314][v][vf] [out] 3840x2160 d3d11[nv12] bt.709/bt.709/srgb/limited/display CL=mpeg2/4/h264 crop=3840x2160+0+0 A=none
[ 212.315][i][cplayer] VO: [gpu] 3840x2160 d3d11[nv12]
[ 212.315][v][cplayer] VO: Description: Shader-based GPU Renderer
[ 212.315][v][vo/gpu] reconfig to 3840x2160 d3d11[nv12] bt.709/bt.709/srgb/limited/display CL=mpeg2/4/h264 crop=3840x2160+0+0 A=none
[ 212.315][d][vo/gpu] max content size: 1920x1140
[ 212.315][d][vo/gpu] monitor size: 1920x1200
[ 212.316][v][vo/gpu] Resize: 1920x1200
[ 212.316][v][vo/gpu] Window size: 1920x1200 (Borders: l=0 t=0 r=0 b=0)
[ 212.316][v][vo/gpu] Video source: 3840x2160 (1:1)
[ 212.316][v][vo/gpu] Video display: (190, 0) 3458x2160 -> (0, 0) 1920x1200
[ 212.316][v][vo/gpu] Video scale: 0.555234/0.555556
[ 212.316][v][vo/gpu] OSD borders: l=-106 t=0 r=-107 b=0
[ 212.316][v][vo/gpu] Video borders: l=0 t=0 r=0 b=0
[ 212.316][v][vo/gpu] Reported display depth: 8
[ 212.316][v][vo/gpu] Testing FBO format rgba16hf
[ 212.316][d][vo/gpu] Resizing texture: 16x16
[ 212.316][v][vo/gpu] Using FBO format rgba16hf.
[ 212.316][v][vo/gpu] No advanced processing required. Enabling dumb mode.
[ 212.317][v][vo/gpu] Resize: 1920x1200
[ 212.317][v][vo/gpu] Window size: 1920x1200 (Borders: l=0 t=0 r=0 b=0)
[ 212.317][v][vo/gpu] Video source: 3840x2160 (1:1)
[ 212.317][v][vo/gpu] Video display: (190, 0) 3458x2160 -> (0, 0) 1920x1200
[ 212.317][v][vo/gpu] Video scale: 0.555234/0.555556
[ 212.317][v][vo/gpu] OSD borders: l=-106 t=0 r=-107 b=0
[ 212.317][v][vo/gpu] Video borders: l=0 t=0 r=0 b=0
[ 212.317][v][vo/gpu] Reported display depth: 8
[ 212.334][v][cplayer] first video frame after restart shown
[ 212.334][d][cplayer] starting video playback
[ 212.334][v][cplayer] playback restart complete @ 0.000000, audio=eof, video=playing (paused)
[ 217.315][v][ipc_116] Client connected
[ 217.315][v][cplayer] Set property: pause=true -> 1
[ 217.315][v][ipc_116] Client disconnected
[ 217.315][d][ipc_116] Destroying client handle...
[ 217.315][v][ipc_117] Client connected
[ 217.315][d][cplayer] Run command: loadfile, flags=64, args=[url="E:\\ВсякоеРазное\\Свалка\\Обои\\Wallsets\\Наборы\\Второй набор\\3371360530 — foggy clouds with rain and clock.mp4", flags="replace", index="-1", options=""]
[ 217.316][v][ipc_117] Client disconnected
[ 217.316][d][ipc_117] Destroying client handle...
[ 217.316][v][cplayer] EOF code: 3  
[ 217.316][d][vd] Uninit decoder.
[ 217.317][v][ipc_118] Client connected
[ 217.325][d][cplayer] Terminating demuxers...
[ 217.326][v][ipc_118] Client disconnected
[ 217.326][d][ipc_118] Destroying client handle...
[ 217.326][d][cplayer] Done terminating demuxers.
[ 217.326][v][cplayer] finished playback, success (reason 2)
[ 217.326][v][cplayer] Running hook: ytdl_hook/on_after_end_file
[ 217.326][v][ipc_119] Client connected
[ 217.327][d][cplayer] Run command: del, flags=64, args=[name="user-data/mpv/ytdl/json-subprocess-result"]
[ 217.327][v][ipc_119] Client disconnected
[ 217.327][d][ipc_119] Destroying client handle...
[ 217.327][d][global] state path: 'watch_later' -> '-'
[ 217.327][v][cplayer] Running hook: ytdl_hook/on_load
[ 217.328][v][cplayer] Running hook: ytdl_hook/on_load
[ 217.328][v][ytdl_hook] playlist hook
[ 217.329][v][ifo_dvda] Opening E:\ВсякоеРазное\Свалка\Обои\Wallsets\Наборы\Второй набор\3371360530 — foggy clouds with rain and clock.mp4
[ 217.329][v][ifo_dvdnav] Opening E:\ВсякоеРазное\Свалка\Обои\Wallsets\Наборы\Второй набор\3371360530 — foggy clouds with rain and clock.mp4
[ 217.329][v][bdmv/bluray] Opening E:\ВсякоеРазное\Свалка\Обои\Wallsets\Наборы\Второй набор\3371360530 — foggy clouds with rain and clock.mp4
[ 217.329][v][file] Opening E:\ВсякоеРазное\Свалка\Обои\Wallsets\Наборы\Второй набор\3371360530 — foggy clouds with rain and clock.mp4
[ 217.329][d][file] resize stream to 131072 bytes, drop 0 bytes
[ 217.329][d][file] Stream opened successfully.
[ 217.329][v][demux] Trying demuxers for level=normal.
[ 217.329][d][demux] Trying demuxer: directory (force-level: normal)
[ 217.330][d][demux] Trying demuxer: disc (force-level: normal)
[ 217.330][d][demux] Trying demuxer: edl (force-level: normal)
[ 217.330][d][demux] Trying demuxer: cue (force-level: normal)
[ 217.330][d][demux] Trying demuxer: rawaudio (force-level: normal)
[ 217.330][d][demux] Trying demuxer: rawvideo (force-level: normal)
[ 217.330][d][demux] Trying demuxer: mkv (force-level: normal)
[ 217.330][d][demux] Trying demuxer: libarchive (force-level: normal)
[ 217.330][d][demux] Trying demuxer: subrandr (force-level: normal)
[ 217.330][d][demux] Trying demuxer: lavf (force-level: normal)
[ 217.332][v][lavf] Found 'mov,mp4,m4a,3gp,3g2,mj2' at score=100 size=2048.
[ 217.333][v][lavf] Could not set AVOption http_persistent='0'
[ 217.333][v][lavf] Could not set AVOption http_multiple='1'
[ 217.333][v][demux] Detected file format: mov,mp4,m4a,3gp,3g2,mj2 (libavformat)
[ 217.333][v][cplayer] Opening done: E:\ВсякоеРазное\Свалка\Обои\Wallsets\Наборы\Второй набор\3371360530 — foggy clouds with rain and clock.mp4
[ 217.333][v][find_files] Loading external files in E:\ВсякоеРазное\Свалка\Обои\Wallsets\Наборы\Второй набор\
[ 217.334][v][cplayer] Running hook: ytdl_hook/on_preloaded
[ 217.335][v][lavf] select track 0
[ 217.335][i][cplayer] ● Video  --vid=1  (h264 3840x2160 30 fps 22520 kbps) [default]
[ 217.335][i][display-tags] File tags:
[ 217.335][i][display-tags]  Title: foggy clouds with rain and clock
[ 217.335][v][vd] Container reported FPS: 30.000000
[ 217.335][v][vd] Codec list:
[ 217.335][v][vd]     h264 - H.264 / AVC / MPEG-4 AVC / MPEG-4 part 10
[ 217.335][v][vd]     h264_qsv (h264) - H264 video (Intel Quick Sync Video acceleration)
[ 217.335][v][vd]     h264_amf (h264) - H264 AMD AMF video decoder
[ 217.335][v][vd]     h264_cuvid (h264) - Nvidia CUVID H264 decoder
[ 217.335][v][vd] Opening decoder h264
[ 217.335][v][vd] Looking at hwdec h264-d3d11va...
[ 217.335][v][vo/gpu] Loading hwdec drivers for format: 'd3d11'
[ 217.335][v][vo/gpu] Loading hwdec driver 'd3d11-egl'
[ 217.335][v][vo/gpu] Loading failed.
[ 217.335][v][vd] Trying hardware decoding via h264-d3d11va.
[ 217.335][v][vd] Requesting 4 threads for decoding.
[ 217.335][v][vd] Selected decoder: h264 - H.264 / AVC / MPEG-4 AVC / MPEG-4 part 10
[ 217.335][v][vf] User filter list:
[ 217.335][v][vf]   (empty)
[ 217.336][v][cplayer] Starting playback...
[ 217.339][v][vd] Pixel formats supported by decoder: vulkan cuda cuarray dxva2_vld d3d11va_vld d3d11 d3d12 vaapi yuv420p
[ 217.339][v][vd] Codec profile: High (0x64)
[ 217.341][v][vd] Allocated a fixed pool of 26 hw surfaces.
[ 217.341][v][vd] Requesting pixfmt 'd3d11' from decoder.
[ 217.341][d][ffmpeg/video] h264: Decoder GUIDs reported as supported:
[ 217.341][d][ffmpeg/video] h264: {86695f12-340e-4f04-9fd3-9253dd327460} 103 106
[ 217.342][d][ffmpeg/video] h264: {ee27417f-5e28-4e65-beea-1d26b508adc9} 103 106
[ 217.342][d][ffmpeg/video] h264: {6f3ec719-3735-42cc-8063-65cc3cb36616} 103 106
[ 217.342][d][ffmpeg/video] h264: {1b81bea4-a0c7-11d3-b984-00c04f2e73c5} 103 106
[ 217.342][d][ffmpeg/video] h264: {1b81bea3-a0c7-11d3-b984-00c04f2e73c5} 103 106
[ 217.342][d][ffmpeg/video] h264: {32fcfe3f-de46-4a49-861b-ac71110649d5} 103 106
[ 217.342][d][ffmpeg/video] h264: {d79be8da-0cf1-4c81-b82a-69a4e236f43d} 103 106
[ 217.343][d][ffmpeg/video] h264: {f9aaccbb-c2b6-4cfc-8779-5707b1760552} 103 106
[ 217.343][d][ffmpeg/video] h264: {1b81be68-a0c7-11d3-b984-00c04f2e73c5} 103 106
[ 217.343][d][ffmpeg/video] h264: {5b11d51b-2f4c-4452-bcc3-09f2a1160cc0} 103 106
[ 217.343][d][ffmpeg/video] h264: {107af0e0-ef1a-4d19-aba8-67a163073d13} 104 106
[ 217.344][d][ffmpeg/video] h264: {1a72925f-0c2c-4f15-96fb-b17d1473603f} 104 106
[ 217.344][d][ffmpeg/video] h264: {15df9b21-06c4-47f1-841e-a67c97d7f312} 103 106
[ 217.344][d][ffmpeg/video] h264: {efd64d74-c9e8-41d7-a5e9-e9b0e39fa319} 103 106
[ 217.344][d][ffmpeg/video] h264: {ed418a9f-010d-4eda-9ae3-9a65358d8d2e} 103 106
[ 217.344][d][ffmpeg/video] h264: {9947ec6f-689b-11dc-a320-0019dbbc4184} 103 106
[ 217.344][d][ffmpeg/video] h264: {33fcfe41-de46-4a49-861b-ac71110649d5} 103 106 107
[ 217.345][d][ffmpeg/video] h264: {463707f8-a1d0-4585-876d-83aa6d60b89e} 103 106
[ 217.345][d][ffmpeg/video] h264: {a4c749ef-6ecf-48aa-8448-50a7a1165ff7} 104 106
[ 217.345][d][ffmpeg/video] h264: {dda19dc7-93b5-49f5-a9b3-2bda28a2ce6e} 104 106
[ 217.345][d][ffmpeg/video] h264: {b8be4ccb-cf53-46ba-8d59-d6b8a6da5d2a} 103 104 106
[ 217.345][d][ffmpeg/video] h264: {6affd11e-1d96-42b1-a215-93a31f09a53d} 103 106
[ 217.346][d][ffmpeg/video] h264: {914c84a3-4078-4fa9-984c-e2f262cb5c9c} 103 106
[ 217.346][d][ffmpeg/video] h264: {8a1a1031-29bc-46d0-a007-e9b092ca6767} 103 106
[ 217.346][d][ffmpeg/video] h264: Reinit context to 3840x2160, pix_fmt: d3d11
[ 217.353][i][vd] Using hardware decoding (d3d11va).
[ 217.353][v][vd] Decoder format: 3840x2160 d3d11[nv12] bt.709/bt.709/srgb/limited/auto CL=mpeg2/4/h264 crop=3840x2160+0+0 A=none
[ 217.353][v][vd] Using container aspect ratio.
[ 217.353][v][vf] [in] 3840x2160 d3d11[nv12] bt.709/bt.709/srgb/limited/display CL=mpeg2/4/h264 crop=3840x2160+0+0 A=none
[ 217.353][v][vf] [userdeint] 3840x2160 d3d11[nv12] bt.709/bt.709/srgb/limited/display CL=mpeg2/4/h264 crop=3840x2160+0+0 A=none
[ 217.353][v][vf] [userdeint] (disabled)
[ 217.353][v][vf] [autovflip] 3840x2160 d3d11[nv12] bt.709/bt.709/srgb/limited/display CL=mpeg2/4/h264 crop=3840x2160+0+0 A=none
[ 217.353][v][vf] [autovflip] (disabled)
[ 217.353][v][vf] [autorotate] 3840x2160 d3d11[nv12] bt.709/bt.709/srgb/limited/display CL=mpeg2/4/h264 crop=3840x2160+0+0 A=none
[ 217.353][v][vf] [autorotate] (disabled)
[ 217.353][v][vf] [convert] 3840x2160 d3d11[nv12] bt.709/bt.709/srgb/limited/display CL=mpeg2/4/h264 crop=3840x2160+0+0 A=none
[ 217.354][v][vo/gpu] Loading hwdec drivers for format: 'd3d11'
[ 217.354][v][vo/gpu] Loading hwdec driver 'd3d11-egl'
[ 217.354][v][vo/gpu] Loading failed.
[ 217.354][d][hwupload] looking at format d3d11/nv12
[ 217.354][d][hwupload]   supports: nv12 p010 bgra x2bgr10 rgbaf16 vuyx yuyv422 y210 xv30 y216 xv48 y212 xv36 yuv420p
[ 217.354][d][hwupload] looking at format d3d11/p010
[ 217.354][d][hwupload]   supports: nv12 p010 bgra x2bgr10 rgbaf16 vuyx yuyv422 y210 xv30 y216 xv48 y212 xv36 yuv420p
[ 217.354][d][hwupload] looking at format d3d11/bgra
[ 217.354][d][hwupload]   supports: nv12 p010 bgra x2bgr10 rgbaf16 vuyx yuyv422 y210 xv30 y216 xv48 y212 xv36 yuv420p
[ 217.354][d][hwupload] looking at format d3d11/x2bgr10
[ 217.354][d][hwupload]   supports: nv12 p010 bgra x2bgr10 rgbaf16 vuyx yuyv422 y210 xv30 y216 xv48 y212 xv36 yuv420p
[ 217.354][d][hwupload] looking at format d3d11/rgbaf16
[ 217.354][d][hwupload]   supports: nv12 p010 bgra x2bgr10 rgbaf16 vuyx yuyv422 y210 xv30 y216 xv48 y212 xv36 yuv420p
[ 217.354][d][hwupload] looking at format d3d11/vuyx
[ 217.354][d][hwupload]   supports: nv12 p010 bgra x2bgr10 rgbaf16 vuyx yuyv422 y210 xv30 y216 xv48 y212 xv36 yuv420p
[ 217.354][d][hwupload] looking at format d3d11/yuyv422
[ 217.354][d][hwupload]   not supported by VO
[ 217.354][d][hwupload] looking at format d3d11/y210
[ 217.354][d][hwupload]   not supported by VO
[ 217.354][d][hwupload] looking at format d3d11/xv30
[ 217.354][d][hwupload]   supports: nv12 p010 bgra x2bgr10 rgbaf16 vuyx yuyv422 y210 xv30 y216 xv48 y212 xv36 yuv420p
[ 217.354][d][hwupload] looking at format d3d11/y216
[ 217.354][d][hwupload]   not supported by VO
[ 217.354][d][hwupload] looking at format d3d11/xv48
[ 217.354][d][hwupload]   supports: nv12 p010 bgra x2bgr10 rgbaf16 vuyx yuyv422 y210 xv30 y216 xv48 y212 xv36 yuv420p
[ 217.354][d][hwupload] looking at format d3d11/y212
[ 217.354][d][hwupload]   not supported by VO
[ 217.354][d][hwupload] looking at format d3d11/xv36
[ 217.354][d][hwupload]   supports: nv12 p010 bgra x2bgr10 rgbaf16 vuyx yuyv422 y210 xv30 y216 xv48 y212 xv36 yuv420p
[ 217.354][d][hwupload] looking at format d3d11/yuv420p
[ 217.354][d][hwupload]   not supported by VO
[ 217.354][v][vf] [out] 3840x2160 d3d11[nv12] bt.709/bt.709/srgb/limited/display CL=mpeg2/4/h264 crop=3840x2160+0+0 A=none
[ 217.368][v][cplayer] first video frame after restart shown
[ 217.368][d][cplayer] starting video playback
[ 217.368][v][cplayer] playback restart complete @ 0.000000, audio=eof, video=playing (paused)
[ 222.348][v][ipc_120] Client connected
[ 222.348][v][cplayer] Set property: pause=true -> 1
[ 222.348][v][ipc_120] Client disconnected
[ 222.348][d][ipc_120] Destroying client handle...
[ 222.348][v][ipc_121] Client connected
[ 222.348][d][cplayer] Run command: loadfile, flags=64, args=[url="E:\\ВсякоеРазное\\Свалка\\Обои\\Wallsets\\Наборы\\Второй набор\\3475208945 — 🌟Mystical Sky🌟4K.mp4", flags="replace", index="-1", options=""]
[ 222.348][v][cplayer] EOF code: 3  
[ 222.348][d][vd] Uninit decoder.
[ 222.348][v][ipc_121] Client disconnected
[ 222.348][d][ipc_121] Destroying client handle...
[ 222.350][v][ipc_122] Client connected
[ 222.353][d][cplayer] Terminating demuxers...
[ 222.353][d][cplayer] Done terminating demuxers.
[ 222.353][v][cplayer] finished playback, success (reason 2)
[ 222.353][v][cplayer] Running hook: ytdl_hook/on_after_end_file
[ 222.353][v][ipc_122] Client disconnected
[ 222.353][d][ipc_122] Destroying client handle...
[ 222.353][d][cplayer] Run command: del, flags=64, args=[name="user-data/mpv/ytdl/json-subprocess-result"]
[ 222.353][v][ipc_123] Client connected
[ 222.354][d][global] state path: 'watch_later' -> '-'
[ 222.354][v][cplayer] Running hook: ytdl_hook/on_load
[ 222.354][v][ipc_123] Client disconnected
[ 222.354][d][ipc_123] Destroying client handle...
[ 222.354][v][cplayer] Running hook: ytdl_hook/on_load
[ 222.354][v][ytdl_hook] playlist hook
[ 222.355][v][ifo_dvda] Opening E:\ВсякоеРазное\Свалка\Обои\Wallsets\Наборы\Второй набор\3475208945 — 🌟Mystical Sky🌟4K.mp4
[ 222.355][v][ifo_dvdnav] Opening E:\ВсякоеРазное\Свалка\Обои\Wallsets\Наборы\Второй набор\3475208945 — 🌟Mystical Sky🌟4K.mp4
[ 222.355][v][bdmv/bluray] Opening E:\ВсякоеРазное\Свалка\Обои\Wallsets\Наборы\Второй набор\3475208945 — 🌟Mystical Sky🌟4K.mp4
[ 222.355][v][file] Opening E:\ВсякоеРазное\Свалка\Обои\Wallsets\Наборы\Второй набор\3475208945 — 🌟Mystical Sky🌟4K.mp4
[ 222.355][d][file] resize stream to 131072 bytes, drop 0 bytes
[ 222.355][d][file] Stream opened successfully.
[ 222.355][v][demux] Trying demuxers for level=normal.
[ 222.355][d][demux] Trying demuxer: directory (force-level: normal)
[ 222.355][d][demux] Trying demuxer: disc (force-level: normal)
[ 222.355][d][demux] Trying demuxer: edl (force-level: normal)
[ 222.355][d][demux] Trying demuxer: cue (force-level: normal)
[ 222.355][d][demux] Trying demuxer: rawaudio (force-level: normal)
[ 222.355][d][demux] Trying demuxer: rawvideo (force-level: normal)
[ 222.355][d][demux] Trying demuxer: mkv (force-level: normal)
[ 222.355][d][demux] Trying demuxer: libarchive (force-level: normal)
[ 222.355][d][demux] Trying demuxer: subrandr (force-level: normal)
[ 222.356][d][demux] Trying demuxer: lavf (force-level: normal)
[ 222.357][v][lavf] Found 'mov,mp4,m4a,3gp,3g2,mj2' at score=100 size=2048.
[ 222.359][v][file] stream level seek from 131072 to 152931949
[ 222.360][v][lavf] Could not set AVOption http_persistent='0'
[ 222.360][v][lavf] Could not set AVOption http_multiple='1'
[ 222.360][v][demux] Detected file format: mov,mp4,m4a,3gp,3g2,mj2 (libavformat)
[ 222.360][v][cplayer] Opening done: E:\ВсякоеРазное\Свалка\Обои\Wallsets\Наборы\Второй набор\3475208945 — 🌟Mystical Sky🌟4K.mp4
[ 222.360][v][find_files] Loading external files in E:\ВсякоеРазное\Свалка\Обои\Wallsets\Наборы\Второй набор\
[ 222.360][v][cplayer] Running hook: ytdl_hook/on_preloaded
[ 222.360][v][lavf] select track 0
[ 222.360][i][cplayer] ● Video  --vid=1  (h264 3840x2160 66.6786 fps 20085 kbps) [default]
[ 222.360][i][cplayer] ○ Audio  --aid=1  (aac 2ch 48000 Hz 228 kbps) [default]
[ 222.361][v][vd] Container reported FPS: 66.678638
[ 222.361][v][vd] Codec list:
[ 222.361][v][vd]     h264 - H.264 / AVC / MPEG-4 AVC / MPEG-4 part 10
[ 222.361][v][vd]     h264_qsv (h264) - H264 video (Intel Quick Sync Video acceleration)
[ 222.361][v][vd]     h264_amf (h264) - H264 AMD AMF video decoder
[ 222.361][v][vd]     h264_cuvid (h264) - Nvidia CUVID H264 decoder
[ 222.361][v][vd] Opening decoder h264
[ 222.361][v][vd] Looking at hwdec h264-d3d11va...
[ 222.361][v][vo/gpu] Loading hwdec drivers for format: 'd3d11'
[ 222.361][v][vo/gpu] Loading hwdec driver 'd3d11-egl'
[ 222.361][v][vo/gpu] Loading failed.
[ 222.361][v][vd] Trying hardware decoding via h264-d3d11va.
[ 222.361][v][vd] Requesting 4 threads for decoding.
[ 222.361][v][vd] Selected decoder: h264 - H.264 / AVC / MPEG-4 AVC / MPEG-4 part 10
[ 222.361][v][vf] User filter list:
[ 222.361][v][vf]   (empty)
[ 222.361][v][cplayer] Starting playback...
[ 222.361][v][file] stream level seek from 153037264 to 858
[ 222.363][v][vd] Pixel formats supported by decoder: vulkan cuda cuarray dxva2_vld d3d11va_vld d3d11 d3d12 vaapi yuv420p
[ 222.363][v][vd] Codec profile: High (0x64)
[ 222.365][v][vd] Allocated a fixed pool of 26 hw surfaces.
[ 222.365][v][vd] Requesting pixfmt 'd3d11' from decoder.
[ 222.365][d][ffmpeg/video] h264: Decoder GUIDs reported as supported:
[ 222.365][d][ffmpeg/video] h264: {86695f12-340e-4f04-9fd3-9253dd327460} 103 106
[ 222.366][d][ffmpeg/video] h264: {ee27417f-5e28-4e65-beea-1d26b508adc9} 103 106
[ 222.366][d][ffmpeg/video] h264: {6f3ec719-3735-42cc-8063-65cc3cb36616} 103 106
[ 222.366][d][ffmpeg/video] h264: {1b81bea4-a0c7-11d3-b984-00c04f2e73c5} 103 106
[ 222.366][d][ffmpeg/video] h264: {1b81bea3-a0c7-11d3-b984-00c04f2e73c5} 103 106
[ 222.366][d][ffmpeg/video] h264: {32fcfe3f-de46-4a49-861b-ac71110649d5} 103 106
[ 222.367][d][ffmpeg/video] h264: {d79be8da-0cf1-4c81-b82a-69a4e236f43d} 103 106
[ 222.367][d][ffmpeg/video] h264: {f9aaccbb-c2b6-4cfc-8779-5707b1760552} 103 106
[ 222.367][d][ffmpeg/video] h264: {1b81be68-a0c7-11d3-b984-00c04f2e73c5} 103 106
[ 222.367][d][ffmpeg/video] h264: {5b11d51b-2f4c-4452-bcc3-09f2a1160cc0} 103 106
[ 222.367][d][ffmpeg/video] h264: {107af0e0-ef1a-4d19-aba8-67a163073d13} 104 106
[ 222.368][d][ffmpeg/video] h264: {1a72925f-0c2c-4f15-96fb-b17d1473603f} 104 106
[ 222.368][d][ffmpeg/video] h264: {15df9b21-06c4-47f1-841e-a67c97d7f312} 103 106
[ 222.368][d][ffmpeg/video] h264: {efd64d74-c9e8-41d7-a5e9-e9b0e39fa319} 103 106
[ 222.368][d][ffmpeg/video] h264: {ed418a9f-010d-4eda-9ae3-9a65358d8d2e} 103 106
[ 222.368][d][ffmpeg/video] h264: {9947ec6f-689b-11dc-a320-0019dbbc4184} 103 106
[ 222.368][d][ffmpeg/video] h264: {33fcfe41-de46-4a49-861b-ac71110649d5} 103 106 107
[ 222.368][d][ffmpeg/video] h264: {463707f8-a1d0-4585-876d-83aa6d60b89e} 103 106
[ 222.369][d][ffmpeg/video] h264: {a4c749ef-6ecf-48aa-8448-50a7a1165ff7} 104 106
[ 222.369][d][ffmpeg/video] h264: {dda19dc7-93b5-49f5-a9b3-2bda28a2ce6e} 104 106
[ 222.369][d][ffmpeg/video] h264: {b8be4ccb-cf53-46ba-8d59-d6b8a6da5d2a} 103 104 106
[ 222.369][d][ffmpeg/video] h264: {6affd11e-1d96-42b1-a215-93a31f09a53d} 103 106
[ 222.369][d][ffmpeg/video] h264: {914c84a3-4078-4fa9-984c-e2f262cb5c9c} 103 106
[ 222.369][d][ffmpeg/video] h264: {8a1a1031-29bc-46d0-a007-e9b092ca6767} 103 106
[ 222.370][d][ffmpeg/video] h264: Reinit context to 3840x2160, pix_fmt: d3d11
[ 222.374][i][vd] Using hardware decoding (d3d11va).
[ 222.374][v][vd] Decoder format: 3840x2160 d3d11[nv12] auto/auto/auto/limited/auto CL=mpeg2/4/h264 crop=3840x2160+0+0 A=none
[ 222.374][v][vd] Using container aspect ratio.
[ 222.374][v][vf] [in] 3840x2160 d3d11[nv12] bt.709/bt.709/bt.1886/limited/display CL=mpeg2/4/h264 crop=3840x2160+0+0 A=none
[ 222.374][v][vf] [userdeint] 3840x2160 d3d11[nv12] bt.709/bt.709/bt.1886/limited/display CL=mpeg2/4/h264 crop=3840x2160+0+0 A=none
[ 222.374][v][vf] [userdeint] (disabled)
[ 222.374][v][vf] [autovflip] 3840x2160 d3d11[nv12] bt.709/bt.709/bt.1886/limited/display CL=mpeg2/4/h264 crop=3840x2160+0+0 A=none
[ 222.374][v][vf] [autovflip] (disabled)
[ 222.374][v][vf] [autorotate] 3840x2160 d3d11[nv12] bt.709/bt.709/bt.1886/limited/display CL=mpeg2/4/h264 crop=3840x2160+0+0 A=none
[ 222.374][v][vf] [autorotate] (disabled)
[ 222.374][v][vf] [convert] 3840x2160 d3d11[nv12] bt.709/bt.709/bt.1886/limited/display CL=mpeg2/4/h264 crop=3840x2160+0+0 A=none
[ 222.375][v][vo/gpu] Loading hwdec drivers for format: 'd3d11'
[ 222.375][v][vo/gpu] Loading hwdec driver 'd3d11-egl'
[ 222.375][v][vo/gpu] Loading failed.
[ 222.375][d][hwupload] looking at format d3d11/nv12
[ 222.375][d][hwupload]   supports: nv12 p010 bgra x2bgr10 rgbaf16 vuyx yuyv422 y210 xv30 y216 xv48 y212 xv36 yuv420p
[ 222.375][d][hwupload] looking at format d3d11/p010
[ 222.375][d][hwupload]   supports: nv12 p010 bgra x2bgr10 rgbaf16 vuyx yuyv422 y210 xv30 y216 xv48 y212 xv36 yuv420p
[ 222.375][d][hwupload] looking at format d3d11/bgra
[ 222.375][d][hwupload]   supports: nv12 p010 bgra x2bgr10 rgbaf16 vuyx yuyv422 y210 xv30 y216 xv48 y212 xv36 yuv420p
[ 222.375][d][hwupload] looking at format d3d11/x2bgr10
[ 222.375][d][hwupload]   supports: nv12 p010 bgra x2bgr10 rgbaf16 vuyx yuyv422 y210 xv30 y216 xv48 y212 xv36 yuv420p
[ 222.375][d][hwupload] looking at format d3d11/rgbaf16
[ 222.375][d][hwupload]   supports: nv12 p010 bgra x2bgr10 rgbaf16 vuyx yuyv422 y210 xv30 y216 xv48 y212 xv36 yuv420p
[ 222.375][d][hwupload] looking at format d3d11/vuyx
[ 222.375][d][hwupload]   supports: nv12 p010 bgra x2bgr10 rgbaf16 vuyx yuyv422 y210 xv30 y216 xv48 y212 xv36 yuv420p
[ 222.375][d][hwupload] looking at format d3d11/yuyv422
[ 222.375][d][hwupload]   not supported by VO
[ 222.375][d][hwupload] looking at format d3d11/y210
[ 222.375][d][hwupload]   not supported by VO
[ 222.375][d][hwupload] looking at format d3d11/xv30
[ 222.375][d][hwupload]   supports: nv12 p010 bgra x2bgr10 rgbaf16 vuyx yuyv422 y210 xv30 y216 xv48 y212 xv36 yuv420p
[ 222.375][d][hwupload] looking at format d3d11/y216
[ 222.375][d][hwupload]   not supported by VO
[ 222.375][d][hwupload] looking at format d3d11/xv48
[ 222.375][d][hwupload]   supports: nv12 p010 bgra x2bgr10 rgbaf16 vuyx yuyv422 y210 xv30 y216 xv48 y212 xv36 yuv420p
[ 222.375][d][hwupload] looking at format d3d11/y212
[ 222.375][d][hwupload]   not supported by VO
[ 222.375][d][hwupload] looking at format d3d11/xv36
[ 222.375][d][hwupload]   supports: nv12 p010 bgra x2bgr10 rgbaf16 vuyx yuyv422 y210 xv30 y216 xv48 y212 xv36 yuv420p
[ 222.375][d][hwupload] looking at format d3d11/yuv420p
[ 222.375][d][hwupload]   not supported by VO
[ 222.375][v][vf] [out] 3840x2160 d3d11[nv12] bt.709/bt.709/bt.1886/limited/display CL=mpeg2/4/h264 crop=3840x2160+0+0 A=none
[ 222.376][i][cplayer] VO: [gpu] 3840x2160 d3d11[nv12]
[ 222.376][v][cplayer] VO: Description: Shader-based GPU Renderer
[ 222.376][v][vo/gpu] reconfig to 3840x2160 d3d11[nv12] bt.709/bt.709/bt.1886/limited/display CL=mpeg2/4/h264 crop=3840x2160+0+0 A=none
[ 222.376][d][vo/gpu] max content size: 1920x1140
[ 222.376][d][vo/gpu] monitor size: 1920x1200
[ 222.376][v][vo/gpu] Resize: 1920x1200
[ 222.376][v][vo/gpu] Window size: 1920x1200 (Borders: l=0 t=0 r=0 b=0)
[ 222.376][v][vo/gpu] Video source: 3840x2160 (1:1)
[ 222.376][v][vo/gpu] Video display: (190, 0) 3458x2160 -> (0, 0) 1920x1200
[ 222.376][v][vo/gpu] Video scale: 0.555234/0.555556
[ 222.376][v][vo/gpu] OSD borders: l=-106 t=0 r=-107 b=0
[ 222.376][v][vo/gpu] Video borders: l=0 t=0 r=0 b=0
[ 222.376][v][vo/gpu] Reported display depth: 8
[ 222.376][v][vo/gpu] Testing FBO format rgba16hf
[ 222.376][d][vo/gpu] Resizing texture: 16x16
[ 222.377][v][vo/gpu] Using FBO format rgba16hf.
[ 222.377][v][vo/gpu] No advanced processing required. Enabling dumb mode.
[ 222.377][v][vo/gpu] Resize: 1920x1200
[ 222.377][v][vo/gpu] Window size: 1920x1200 (Borders: l=0 t=0 r=0 b=0)
[ 222.377][v][vo/gpu] Video source: 3840x2160 (1:1)
[ 222.377][v][vo/gpu] Video display: (190, 0) 3458x2160 -> (0, 0) 1920x1200
[ 222.377][v][vo/gpu] Video scale: 0.555234/0.555556
[ 222.377][v][vo/gpu] OSD borders: l=-106 t=0 r=-107 b=0
[ 222.377][v][vo/gpu] Video borders: l=0 t=0 r=0 b=0
[ 222.377][v][vo/gpu] Reported display depth: 8
[ 222.394][v][cplayer] first video frame after restart shown
[ 222.394][d][cplayer] starting video playback
[ 222.394][v][cplayer] playback restart complete @ 0.000000, audio=eof, video=playing (paused)
[ 227.358][v][ipc_124] Client connected
[ 227.358][v][cplayer] Set property: pause=true -> 1
[ 227.358][v][ipc_124] Client disconnected
[ 227.358][d][ipc_124] Destroying client handle...
[ 227.358][v][ipc_125] Client connected
[ 227.358][d][cplayer] Run command: loadfile, flags=64, args=[url="E:\\ВсякоеРазное\\Свалка\\Обои\\Wallsets\\Наборы\\Второй набор\\3715169108 — 异环樱花树.mp4", flags="replace", index="-1", options=""]
[ 227.358][v][cplayer] EOF code: 3  
[ 227.358][d][vd] Uninit decoder.
[ 227.359][v][ipc_125] Client disconnected
[ 227.359][d][ipc_125] Destroying client handle...
[ 227.360][v][ipc_126] Client connected
[ 227.362][d][cplayer] Terminating demuxers...
[ 227.362][v][ipc_126] Client disconnected
[ 227.362][d][ipc_126] Destroying client handle...
[ 227.362][d][cplayer] Done terminating demuxers.
[ 227.362][v][cplayer] finished playback, success (reason 2)
[ 227.362][v][cplayer] Running hook: ytdl_hook/on_after_end_file
[ 227.362][v][ipc_127] Client connected
[ 227.363][d][cplayer] Run command: del, flags=64, args=[name="user-data/mpv/ytdl/json-subprocess-result"]
[ 227.365][v][ipc_127] Client disconnected
[ 227.365][d][ipc_127] Destroying client handle...
[ 227.366][d][global] state path: 'watch_later' -> '-'
[ 227.366][v][cplayer] Running hook: ytdl_hook/on_load
[ 227.367][v][cplayer] Running hook: ytdl_hook/on_load
[ 227.367][v][ytdl_hook] playlist hook
[ 227.367][v][ifo_dvda] Opening E:\ВсякоеРазное\Свалка\Обои\Wallsets\Наборы\Второй набор\3715169108 — 异环樱花树.mp4
[ 227.367][v][ifo_dvdnav] Opening E:\ВсякоеРазное\Свалка\Обои\Wallsets\Наборы\Второй набор\3715169108 — 异环樱花树.mp4
[ 227.368][v][bdmv/bluray] Opening E:\ВсякоеРазное\Свалка\Обои\Wallsets\Наборы\Второй набор\3715169108 — 异环樱花树.mp4
[ 227.368][v][file] Opening E:\ВсякоеРазное\Свалка\Обои\Wallsets\Наборы\Второй набор\3715169108 — 异环樱花树.mp4
[ 227.368][d][file] resize stream to 131072 bytes, drop 0 bytes
[ 227.368][d][file] Stream opened successfully.
[ 227.368][v][demux] Trying demuxers for level=normal.
[ 227.368][d][demux] Trying demuxer: directory (force-level: normal)
[ 227.368][d][demux] Trying demuxer: disc (force-level: normal)
[ 227.368][d][demux] Trying demuxer: edl (force-level: normal)
[ 227.368][d][demux] Trying demuxer: cue (force-level: normal)
[ 227.368][d][demux] Trying demuxer: rawaudio (force-level: normal)
[ 227.368][d][demux] Trying demuxer: rawvideo (force-level: normal)
[ 227.368][d][demux] Trying demuxer: mkv (force-level: normal)
[ 227.368][d][demux] Trying demuxer: libarchive (force-level: normal)
[ 227.368][d][demux] Trying demuxer: subrandr (force-level: normal)
[ 227.368][d][demux] Trying demuxer: lavf (force-level: normal)
[ 227.370][v][lavf] Found 'mov,mp4,m4a,3gp,3g2,mj2' at score=100 size=2048.
[ 227.371][v][lavf] Could not set AVOption http_persistent='0'
[ 227.371][v][lavf] Could not set AVOption http_multiple='1'
[ 227.371][v][demux] Detected file format: mov,mp4,m4a,3gp,3g2,mj2 (libavformat)
[ 227.371][v][cplayer] Opening done: E:\ВсякоеРазное\Свалка\Обои\Wallsets\Наборы\Второй набор\3715169108 — 异环樱花树.mp4
[ 227.372][v][find_files] Loading external files in E:\ВсякоеРазное\Свалка\Обои\Wallsets\Наборы\Второй набор\
[ 227.372][v][cplayer] Running hook: ytdl_hook/on_preloaded
[ 227.373][v][lavf] select track 0
[ 227.373][i][cplayer] ● Video  --vid=1  (h264 4096x2160 30 fps 73371 kbps) [default]
[ 227.373][i][display-tags] File tags:
[ 227.373][i][display-tags]  Title: 异环樱花树
[ 227.373][v][vd] Container reported FPS: 30.000000
[ 227.373][v][vd] Codec list:
[ 227.373][v][vd]     h264 - H.264 / AVC / MPEG-4 AVC / MPEG-4 part 10
[ 227.373][v][vd]     h264_qsv (h264) - H264 video (Intel Quick Sync Video acceleration)
[ 227.373][v][vd]     h264_amf (h264) - H264 AMD AMF video decoder
[ 227.373][v][vd]     h264_cuvid (h264) - Nvidia CUVID H264 decoder
[ 227.373][v][vd] Opening decoder h264
[ 227.373][v][vd] Looking at hwdec h264-d3d11va...
[ 227.373][v][vo/gpu] Loading hwdec drivers for format: 'd3d11'
[ 227.373][v][vo/gpu] Loading hwdec driver 'd3d11-egl'
[ 227.373][v][vo/gpu] Loading failed.
[ 227.373][v][vd] Trying hardware decoding via h264-d3d11va.
[ 227.373][v][vd] Requesting 4 threads for decoding.
[ 227.373][v][vd] Selected decoder: h264 - H.264 / AVC / MPEG-4 AVC / MPEG-4 part 10
[ 227.373][v][vf] User filter list:
[ 227.373][v][vf]   (empty)
[ 227.373][v][cplayer] Starting playback...
[ 227.375][v][vd] Pixel formats supported by decoder: vulkan cuda cuarray dxva2_vld d3d11va_vld d3d11 d3d12 vaapi yuv420p
[ 227.375][v][vd] Codec profile: High (0x64)
[ 227.378][v][vd] Allocated a fixed pool of 26 hw surfaces.
[ 227.378][v][vd] Requesting pixfmt 'd3d11' from decoder.
[ 227.378][d][ffmpeg/video] h264: Decoder GUIDs reported as supported:
[ 227.378][d][ffmpeg/video] h264: {86695f12-340e-4f04-9fd3-9253dd327460} 103 106
[ 227.378][d][ffmpeg/video] h264: {ee27417f-5e28-4e65-beea-1d26b508adc9} 103 106
[ 227.379][d][ffmpeg/video] h264: {6f3ec719-3735-42cc-8063-65cc3cb36616} 103 106
[ 227.379][d][ffmpeg/video] h264: {1b81bea4-a0c7-11d3-b984-00c04f2e73c5} 103 106
[ 227.379][d][ffmpeg/video] h264: {1b81bea3-a0c7-11d3-b984-00c04f2e73c5} 103 106
[ 227.379][d][ffmpeg/video] h264: {32fcfe3f-de46-4a49-861b-ac71110649d5} 103 106
[ 227.379][d][ffmpeg/video] h264: {d79be8da-0cf1-4c81-b82a-69a4e236f43d} 103 106
[ 227.380][d][ffmpeg/video] h264: {f9aaccbb-c2b6-4cfc-8779-5707b1760552} 103 106
[ 227.380][d][ffmpeg/video] h264: {1b81be68-a0c7-11d3-b984-00c04f2e73c5} 103 106
[ 227.380][d][ffmpeg/video] h264: {5b11d51b-2f4c-4452-bcc3-09f2a1160cc0} 103 106
[ 227.380][d][ffmpeg/video] h264: {107af0e0-ef1a-4d19-aba8-67a163073d13} 104 106
[ 227.381][d][ffmpeg/video] h264: {1a72925f-0c2c-4f15-96fb-b17d1473603f} 104 106
[ 227.381][d][ffmpeg/video] h264: {15df9b21-06c4-47f1-841e-a67c97d7f312} 103 106
[ 227.381][d][ffmpeg/video] h264: {efd64d74-c9e8-41d7-a5e9-e9b0e39fa319} 103 106
[ 227.381][d][ffmpeg/video] h264: {ed418a9f-010d-4eda-9ae3-9a65358d8d2e} 103 106
[ 227.381][d][ffmpeg/video] h264: {9947ec6f-689b-11dc-a320-0019dbbc4184} 103 106
[ 227.381][d][ffmpeg/video] h264: {33fcfe41-de46-4a49-861b-ac71110649d5} 103 106 107
[ 227.382][d][ffmpeg/video] h264: {463707f8-a1d0-4585-876d-83aa6d60b89e} 103 106
[ 227.382][d][ffmpeg/video] h264: {a4c749ef-6ecf-48aa-8448-50a7a1165ff7} 104 106
[ 227.382][d][ffmpeg/video] h264: {dda19dc7-93b5-49f5-a9b3-2bda28a2ce6e} 104 106
[ 227.382][d][ffmpeg/video] h264: {b8be4ccb-cf53-46ba-8d59-d6b8a6da5d2a} 103 104 106
[ 227.382][d][ffmpeg/video] h264: {6affd11e-1d96-42b1-a215-93a31f09a53d} 103 106
[ 227.382][d][ffmpeg/video] h264: {914c84a3-4078-4fa9-984c-e2f262cb5c9c} 103 106
[ 227.383][d][ffmpeg/video] h264: {8a1a1031-29bc-46d0-a007-e9b092ca6767} 103 106
[ 227.383][d][ffmpeg/video] h264: Reinit context to 4096x2160, pix_fmt: d3d11
[ 227.397][i][vd] Using hardware decoding (d3d11va).
[ 227.397][v][vd] Decoder format: 4096x2160 d3d11[nv12] bt.709/bt.709/srgb/limited/auto CL=mpeg2/4/h264 crop=4096x2160+0+0 A=none
[ 227.397][v][vd] Using container aspect ratio.
[ 227.397][v][vf] [in] 4096x2160 d3d11[nv12] bt.709/bt.709/srgb/limited/display CL=mpeg2/4/h264 crop=4096x2160+0+0 A=none
[ 227.397][v][vf] [userdeint] 4096x2160 d3d11[nv12] bt.709/bt.709/srgb/limited/display CL=mpeg2/4/h264 crop=4096x2160+0+0 A=none
[ 227.397][v][vf] [userdeint] (disabled)
[ 227.397][v][vf] [autovflip] 4096x2160 d3d11[nv12] bt.709/bt.709/srgb/limited/display CL=mpeg2/4/h264 crop=4096x2160+0+0 A=none
[ 227.397][v][vf] [autovflip] (disabled)
[ 227.397][v][vf] [autorotate] 4096x2160 d3d11[nv12] bt.709/bt.709/srgb/limited/display CL=mpeg2/4/h264 crop=4096x2160+0+0 A=none
[ 227.397][v][vf] [autorotate] (disabled)
[ 227.397][v][vf] [convert] 4096x2160 d3d11[nv12] bt.709/bt.709/srgb/limited/display CL=mpeg2/4/h264 crop=4096x2160+0+0 A=none
[ 227.397][v][vo/gpu] Loading hwdec drivers for format: 'd3d11'
[ 227.397][v][vo/gpu] Loading hwdec driver 'd3d11-egl'
[ 227.397][v][vo/gpu] Loading failed.
[ 227.397][d][hwupload] looking at format d3d11/nv12
[ 227.397][d][hwupload]   supports: nv12 p010 bgra x2bgr10 rgbaf16 vuyx yuyv422 y210 xv30 y216 xv48 y212 xv36 yuv420p
[ 227.397][d][hwupload] looking at format d3d11/p010
[ 227.397][d][hwupload]   supports: nv12 p010 bgra x2bgr10 rgbaf16 vuyx yuyv422 y210 xv30 y216 xv48 y212 xv36 yuv420p
[ 227.397][d][hwupload] looking at format d3d11/bgra
[ 227.397][d][hwupload]   supports: nv12 p010 bgra x2bgr10 rgbaf16 vuyx yuyv422 y210 xv30 y216 xv48 y212 xv36 yuv420p
[ 227.397][d][hwupload] looking at format d3d11/x2bgr10
[ 227.397][d][hwupload]   supports: nv12 p010 bgra x2bgr10 rgbaf16 vuyx yuyv422 y210 xv30 y216 xv48 y212 xv36 yuv420p
[ 227.397][d][hwupload] looking at format d3d11/rgbaf16
[ 227.397][d][hwupload]   supports: nv12 p010 bgra x2bgr10 rgbaf16 vuyx yuyv422 y210 xv30 y216 xv48 y212 xv36 yuv420p
[ 227.397][d][hwupload] looking at format d3d11/vuyx
[ 227.397][d][hwupload]   supports: nv12 p010 bgra x2bgr10 rgbaf16 vuyx yuyv422 y210 xv30 y216 xv48 y212 xv36 yuv420p
[ 227.397][d][hwupload] looking at format d3d11/yuyv422
[ 227.397][d][hwupload]   not supported by VO
[ 227.397][d][hwupload] looking at format d3d11/y210
[ 227.397][d][hwupload]   not supported by VO
[ 227.397][d][hwupload] looking at format d3d11/xv30
[ 227.397][d][hwupload]   supports: nv12 p010 bgra x2bgr10 rgbaf16 vuyx yuyv422 y210 xv30 y216 xv48 y212 xv36 yuv420p
[ 227.397][d][hwupload] looking at format d3d11/y216
[ 227.397][d][hwupload]   not supported by VO
[ 227.397][d][hwupload] looking at format d3d11/xv48
[ 227.397][d][hwupload]   supports: nv12 p010 bgra x2bgr10 rgbaf16 vuyx yuyv422 y210 xv30 y216 xv48 y212 xv36 yuv420p
[ 227.397][d][hwupload] looking at format d3d11/y212
[ 227.397][d][hwupload]   not supported by VO
[ 227.397][d][hwupload] looking at format d3d11/xv36
[ 227.397][d][hwupload]   supports: nv12 p010 bgra x2bgr10 rgbaf16 vuyx yuyv422 y210 xv30 y216 xv48 y212 xv36 yuv420p
[ 227.397][d][hwupload] looking at format d3d11/yuv420p
[ 227.397][d][hwupload]   not supported by VO
[ 227.397][v][vf] [out] 4096x2160 d3d11[nv12] bt.709/bt.709/srgb/limited/display CL=mpeg2/4/h264 crop=4096x2160+0+0 A=none
[ 227.399][i][cplayer] VO: [gpu] 4096x2160 d3d11[nv12]
[ 227.399][v][cplayer] VO: Description: Shader-based GPU Renderer
[ 227.399][v][vo/gpu] reconfig to 4096x2160 d3d11[nv12] bt.709/bt.709/srgb/limited/display CL=mpeg2/4/h264 crop=4096x2160+0+0 A=none
[ 227.399][d][vo/gpu] max content size: 1920x1140
[ 227.399][d][vo/gpu] monitor size: 1920x1200
[ 227.400][v][vo/gpu] Resize: 1920x1200
[ 227.400][v][vo/gpu] Window size: 1920x1200 (Borders: l=0 t=0 r=0 b=0)
[ 227.400][v][vo/gpu] Video source: 4096x2160 (1:1)
[ 227.400][v][vo/gpu] Video display: (320, 0) 3456x2160 -> (0, 0) 1920x1200
[ 227.400][v][vo/gpu] Video scale: 0.555556/0.555556
[ 227.400][v][vo/gpu] OSD borders: l=-178 t=0 r=-178 b=0
[ 227.400][v][vo/gpu] Video borders: l=0 t=0 r=0 b=0
[ 227.400][v][vo/gpu] Reported display depth: 8
[ 227.400][v][vo/gpu] Testing FBO format rgba16hf
[ 227.400][d][vo/gpu] Resizing texture: 16x16
[ 227.400][v][vo/gpu] Using FBO format rgba16hf.
[ 227.400][v][vo/gpu] No advanced processing required. Enabling dumb mode.
[ 227.401][v][vo/gpu] Resize: 1920x1200
[ 227.401][v][vo/gpu] Window size: 1920x1200 (Borders: l=0 t=0 r=0 b=0)
[ 227.401][v][vo/gpu] Video source: 4096x2160 (1:1)
[ 227.401][v][vo/gpu] Video display: (320, 0) 3456x2160 -> (0, 0) 1920x1200
[ 227.401][v][vo/gpu] Video scale: 0.555556/0.555556
[ 227.401][v][vo/gpu] OSD borders: l=-178 t=0 r=-178 b=0
[ 227.401][v][vo/gpu] Video borders: l=0 t=0 r=0 b=0
[ 227.401][v][vo/gpu] Reported display depth: 8
[ 227.415][v][cplayer] first video frame after restart shown
[ 227.415][d][cplayer] starting video playback
[ 227.415][v][cplayer] playback restart complete @ 0.000000, audio=eof, video=playing (paused)
[ 232.401][v][ipc_128] Client connected
[ 232.401][v][cplayer] Set property: pause=true -> 1
[ 232.401][v][ipc_128] Client disconnected
[ 232.401][d][ipc_128] Destroying client handle...
[ 232.401][v][ipc_129] Client connected
[ 232.401][d][cplayer] Run command: loadfile, flags=64, args=[url="E:\\ВсякоеРазное\\Свалка\\Обои\\Wallsets\\Наборы\\Второй набор\\3724138840 — 夏日西瓜-AlanGaller.mp4", flags="replace", index="-1", options=""]
[ 232.401][v][cplayer] EOF code: 3  
[ 232.401][d][vd] Uninit decoder.
[ 232.401][v][ipc_129] Client disconnected
[ 232.401][d][ipc_129] Destroying client handle...
[ 232.403][v][ipc_130] Client connected
[ 232.405][d][cplayer] Terminating demuxers...
[ 232.405][v][ipc_130] Client disconnected
[ 232.405][d][ipc_130] Destroying client handle...
[ 232.405][v][ipc_131] Client connected
[ 232.405][d][cplayer] Done terminating demuxers.
[ 232.405][v][cplayer] finished playback, success (reason 2)
[ 232.405][v][cplayer] Running hook: ytdl_hook/on_after_end_file
[ 232.406][v][ipc_131] Client disconnected
[ 232.406][d][ipc_131] Destroying client handle...
[ 232.406][d][cplayer] Run command: del, flags=64, args=[name="user-data/mpv/ytdl/json-subprocess-result"]
[ 232.406][d][global] state path: 'watch_later' -> '-'
[ 232.406][v][cplayer] Running hook: ytdl_hook/on_load
[ 232.407][v][cplayer] Running hook: ytdl_hook/on_load
[ 232.407][v][ytdl_hook] playlist hook
[ 232.407][v][ifo_dvda] Opening E:\ВсякоеРазное\Свалка\Обои\Wallsets\Наборы\Второй набор\3724138840 — 夏日西瓜-AlanGaller.mp4
[ 232.408][v][ifo_dvdnav] Opening E:\ВсякоеРазное\Свалка\Обои\Wallsets\Наборы\Второй набор\3724138840 — 夏日西瓜-AlanGaller.mp4
[ 232.408][v][bdmv/bluray] Opening E:\ВсякоеРазное\Свалка\Обои\Wallsets\Наборы\Второй набор\3724138840 — 夏日西瓜-AlanGaller.mp4
[ 232.408][v][file] Opening E:\ВсякоеРазное\Свалка\Обои\Wallsets\Наборы\Второй набор\3724138840 — 夏日西瓜-AlanGaller.mp4
[ 232.408][d][file] resize stream to 131072 bytes, drop 0 bytes
[ 232.408][d][file] Stream opened successfully.
[ 232.408][v][demux] Trying demuxers for level=normal.
[ 232.408][d][demux] Trying demuxer: directory (force-level: normal)
[ 232.409][d][demux] Trying demuxer: disc (force-level: normal)
[ 232.409][d][demux] Trying demuxer: edl (force-level: normal)
[ 232.409][d][demux] Trying demuxer: cue (force-level: normal)
[ 232.409][d][demux] Trying demuxer: rawaudio (force-level: normal)
[ 232.409][d][demux] Trying demuxer: rawvideo (force-level: normal)
[ 232.409][d][demux] Trying demuxer: mkv (force-level: normal)
[ 232.409][d][demux] Trying demuxer: libarchive (force-level: normal)
[ 232.409][d][demux] Trying demuxer: subrandr (force-level: normal)
[ 232.409][d][demux] Trying demuxer: lavf (force-level: normal)
[ 232.411][v][lavf] Found 'mov,mp4,m4a,3gp,3g2,mj2' at score=100 size=2048.
[ 232.411][v][lavf] Could not set AVOption http_persistent='0'
[ 232.411][v][lavf] Could not set AVOption http_multiple='1'
[ 232.412][v][demux] Detected file format: mov,mp4,m4a,3gp,3g2,mj2 (libavformat)
[ 232.412][v][cplayer] Opening done: E:\ВсякоеРазное\Свалка\Обои\Wallsets\Наборы\Второй набор\3724138840 — 夏日西瓜-AlanGaller.mp4
[ 232.412][v][find_files] Loading external files in E:\ВсякоеРазное\Свалка\Обои\Wallsets\Наборы\Второй набор\
[ 232.414][v][cplayer] Running hook: ytdl_hook/on_preloaded
[ 232.414][v][lavf] select track 0
[ 232.414][i][cplayer] ● Video  --vid=1  --vlang=eng  (h264 3840x2160 60 fps 39049 kbps) [default]
[ 232.414][i][cplayer] ○ Audio  --aid=1  --alang=eng  (aac 2ch 48000 Hz 317 kbps) [default]
[ 232.414][v][vd] Container reported FPS: 60.000000
[ 232.414][v][vd] Codec list:
[ 232.414][v][vd]     h264 - H.264 / AVC / MPEG-4 AVC / MPEG-4 part 10
[ 232.414][v][vd]     h264_qsv (h264) - H264 video (Intel Quick Sync Video acceleration)
[ 232.414][v][vd]     h264_amf (h264) - H264 AMD AMF video decoder
[ 232.414][v][vd]     h264_cuvid (h264) - Nvidia CUVID H264 decoder
[ 232.414][v][vd] Opening decoder h264
[ 232.414][v][vd] Looking at hwdec h264-d3d11va...
[ 232.414][v][vo/gpu] Loading hwdec drivers for format: 'd3d11'
[ 232.414][v][vo/gpu] Loading hwdec driver 'd3d11-egl'
[ 232.414][v][vo/gpu] Loading failed.
[ 232.414][v][vd] Trying hardware decoding via h264-d3d11va.
[ 232.414][v][vd] Requesting 4 threads for decoding.
[ 232.415][v][vd] Selected decoder: h264 - H.264 / AVC / MPEG-4 AVC / MPEG-4 part 10
[ 232.415][v][vf] User filter list:
[ 232.415][v][vf]   (empty)
[ 232.415][v][cplayer] Starting playback...
[ 232.416][v][vd] Pixel formats supported by decoder: vulkan cuda cuarray dxva2_vld d3d11va_vld d3d11 d3d12 vaapi yuv420p
[ 232.416][v][vd] Codec profile: Main (0x4d)
[ 232.419][v][vd] Allocated a fixed pool of 26 hw surfaces.
[ 232.419][v][vd] Requesting pixfmt 'd3d11' from decoder.
[ 232.419][d][ffmpeg/video] h264: Decoder GUIDs reported as supported:
[ 232.419][d][ffmpeg/video] h264: {86695f12-340e-4f04-9fd3-9253dd327460} 103 106
[ 232.419][d][ffmpeg/video] h264: {ee27417f-5e28-4e65-beea-1d26b508adc9} 103 106
[ 232.419][d][ffmpeg/video] h264: {6f3ec719-3735-42cc-8063-65cc3cb36616} 103 106
[ 232.419][d][ffmpeg/video] h264: {1b81bea4-a0c7-11d3-b984-00c04f2e73c5} 103 106
[ 232.419][d][ffmpeg/video] h264: {1b81bea3-a0c7-11d3-b984-00c04f2e73c5} 103 106
[ 232.420][d][ffmpeg/video] h264: {32fcfe3f-de46-4a49-861b-ac71110649d5} 103 106
[ 232.420][d][ffmpeg/video] h264: {d79be8da-0cf1-4c81-b82a-69a4e236f43d} 103 106
[ 232.420][d][ffmpeg/video] h264: {f9aaccbb-c2b6-4cfc-8779-5707b1760552} 103 106
[ 232.420][d][ffmpeg/video] h264: {1b81be68-a0c7-11d3-b984-00c04f2e73c5} 103 106
[ 232.420][d][ffmpeg/video] h264: {5b11d51b-2f4c-4452-bcc3-09f2a1160cc0} 103 106
[ 232.421][d][ffmpeg/video] h264: {107af0e0-ef1a-4d19-aba8-67a163073d13} 104 106
[ 232.421][d][ffmpeg/video] h264: {1a72925f-0c2c-4f15-96fb-b17d1473603f} 104 106
[ 232.421][d][ffmpeg/video] h264: {15df9b21-06c4-47f1-841e-a67c97d7f312} 103 106
[ 232.421][d][ffmpeg/video] h264: {efd64d74-c9e8-41d7-a5e9-e9b0e39fa319} 103 106
[ 232.421][d][ffmpeg/video] h264: {ed418a9f-010d-4eda-9ae3-9a65358d8d2e} 103 106
[ 232.421][d][ffmpeg/video] h264: {9947ec6f-689b-11dc-a320-0019dbbc4184} 103 106
[ 232.422][d][ffmpeg/video] h264: {33fcfe41-de46-4a49-861b-ac71110649d5} 103 106 107
[ 232.422][d][ffmpeg/video] h264: {463707f8-a1d0-4585-876d-83aa6d60b89e} 103 106
[ 232.422][d][ffmpeg/video] h264: {a4c749ef-6ecf-48aa-8448-50a7a1165ff7} 104 106
[ 232.422][d][ffmpeg/video] h264: {dda19dc7-93b5-49f5-a9b3-2bda28a2ce6e} 104 106
[ 232.422][d][ffmpeg/video] h264: {b8be4ccb-cf53-46ba-8d59-d6b8a6da5d2a} 103 104 106
[ 232.422][d][ffmpeg/video] h264: {6affd11e-1d96-42b1-a215-93a31f09a53d} 103 106
[ 232.422][d][ffmpeg/video] h264: {914c84a3-4078-4fa9-984c-e2f262cb5c9c} 103 106
[ 232.423][d][ffmpeg/video] h264: {8a1a1031-29bc-46d0-a007-e9b092ca6767} 103 106
[ 232.423][d][ffmpeg/video] h264: Reinit context to 3840x2160, pix_fmt: d3d11
[ 232.428][i][vd] Using hardware decoding (d3d11va).
[ 232.428][v][vd] Decoder format: 3840x2160 d3d11[nv12] auto/auto/auto/auto/auto CL=mpeg2/4/h264 crop=3840x2160+0+0 A=none
[ 232.428][v][vf] [in] 3840x2160 d3d11[nv12] bt.709/bt.709/bt.1886/limited/display CL=mpeg2/4/h264 crop=3840x2160+0+0 A=none
[ 232.428][v][vf] [userdeint] 3840x2160 d3d11[nv12] bt.709/bt.709/bt.1886/limited/display CL=mpeg2/4/h264 crop=3840x2160+0+0 A=none
[ 232.428][v][vf] [userdeint] (disabled)
[ 232.428][v][vf] [autovflip] 3840x2160 d3d11[nv12] bt.709/bt.709/bt.1886/limited/display CL=mpeg2/4/h264 crop=3840x2160+0+0 A=none
[ 232.428][v][vf] [autovflip] (disabled)
[ 232.428][v][vf] [autorotate] 3840x2160 d3d11[nv12] bt.709/bt.709/bt.1886/limited/display CL=mpeg2/4/h264 crop=3840x2160+0+0 A=none
[ 232.428][v][vf] [autorotate] (disabled)
[ 232.428][v][vf] [convert] 3840x2160 d3d11[nv12] bt.709/bt.709/bt.1886/limited/display CL=mpeg2/4/h264 crop=3840x2160+0+0 A=none
[ 232.428][v][vo/gpu] Loading hwdec drivers for format: 'd3d11'
[ 232.428][v][vo/gpu] Loading hwdec driver 'd3d11-egl'
[ 232.428][v][vo/gpu] Loading failed.
[ 232.428][d][hwupload] looking at format d3d11/nv12
[ 232.428][d][hwupload]   supports: nv12 p010 bgra x2bgr10 rgbaf16 vuyx yuyv422 y210 xv30 y216 xv48 y212 xv36 yuv420p
[ 232.428][d][hwupload] looking at format d3d11/p010
[ 232.428][d][hwupload]   supports: nv12 p010 bgra x2bgr10 rgbaf16 vuyx yuyv422 y210 xv30 y216 xv48 y212 xv36 yuv420p
[ 232.428][d][hwupload] looking at format d3d11/bgra
[ 232.428][d][hwupload]   supports: nv12 p010 bgra x2bgr10 rgbaf16 vuyx yuyv422 y210 xv30 y216 xv48 y212 xv36 yuv420p
[ 232.428][d][hwupload] looking at format d3d11/x2bgr10
[ 232.428][d][hwupload]   supports: nv12 p010 bgra x2bgr10 rgbaf16 vuyx yuyv422 y210 xv30 y216 xv48 y212 xv36 yuv420p
[ 232.428][d][hwupload] looking at format d3d11/rgbaf16
[ 232.428][d][hwupload]   supports: nv12 p010 bgra x2bgr10 rgbaf16 vuyx yuyv422 y210 xv30 y216 xv48 y212 xv36 yuv420p
[ 232.428][d][hwupload] looking at format d3d11/vuyx
[ 232.428][d][hwupload]   supports: nv12 p010 bgra x2bgr10 rgbaf16 vuyx yuyv422 y210 xv30 y216 xv48 y212 xv36 yuv420p
[ 232.428][d][hwupload] looking at format d3d11/yuyv422
[ 232.428][d][hwupload]   not supported by VO
[ 232.428][d][hwupload] looking at format d3d11/y210
[ 232.428][d][hwupload]   not supported by VO
[ 232.428][d][hwupload] looking at format d3d11/xv30
[ 232.428][d][hwupload]   supports: nv12 p010 bgra x2bgr10 rgbaf16 vuyx yuyv422 y210 xv30 y216 xv48 y212 xv36 yuv420p
[ 232.428][d][hwupload] looking at format d3d11/y216
[ 232.428][d][hwupload]   not supported by VO
[ 232.428][d][hwupload] looking at format d3d11/xv48
[ 232.428][d][hwupload]   supports: nv12 p010 bgra x2bgr10 rgbaf16 vuyx yuyv422 y210 xv30 y216 xv48 y212 xv36 yuv420p
[ 232.428][d][hwupload] looking at format d3d11/y212
[ 232.428][d][hwupload]   not supported by VO
[ 232.428][d][hwupload] looking at format d3d11/xv36
[ 232.428][d][hwupload]   supports: nv12 p010 bgra x2bgr10 rgbaf16 vuyx yuyv422 y210 xv30 y216 xv48 y212 xv36 yuv420p
[ 232.428][d][hwupload] looking at format d3d11/yuv420p
[ 232.428][d][hwupload]   not supported by VO
[ 232.428][v][vf] [out] 3840x2160 d3d11[nv12] bt.709/bt.709/bt.1886/limited/display CL=mpeg2/4/h264 crop=3840x2160+0+0 A=none
[ 232.429][i][cplayer] VO: [gpu] 3840x2160 d3d11[nv12]
[ 232.429][v][cplayer] VO: Description: Shader-based GPU Renderer
[ 232.429][v][vo/gpu] reconfig to 3840x2160 d3d11[nv12] bt.709/bt.709/bt.1886/limited/display CL=mpeg2/4/h264 crop=3840x2160+0+0 A=none
[ 232.429][d][vo/gpu] max content size: 1920x1140
[ 232.429][d][vo/gpu] monitor size: 1920x1200
[ 232.430][v][vo/gpu] Resize: 1920x1200
[ 232.430][v][vo/gpu] Window size: 1920x1200 (Borders: l=0 t=0 r=0 b=0)
[ 232.430][v][vo/gpu] Video source: 3840x2160 (1:1)
[ 232.430][v][vo/gpu] Video display: (190, 0) 3458x2160 -> (0, 0) 1920x1200
[ 232.430][v][vo/gpu] Video scale: 0.555234/0.555556
[ 232.430][v][vo/gpu] OSD borders: l=-106 t=0 r=-107 b=0
[ 232.430][v][vo/gpu] Video borders: l=0 t=0 r=0 b=0
[ 232.430][v][vo/gpu] Reported display depth: 8
[ 232.430][v][vo/gpu] Testing FBO format rgba16hf
[ 232.430][d][vo/gpu] Resizing texture: 16x16
[ 232.431][v][vo/gpu] Using FBO format rgba16hf.
[ 232.431][v][vo/gpu] No advanced processing required. Enabling dumb mode.
[ 232.431][v][vo/gpu] Resize: 1920x1200
[ 232.431][v][vo/gpu] Window size: 1920x1200 (Borders: l=0 t=0 r=0 b=0)
[ 232.431][v][vo/gpu] Video source: 3840x2160 (1:1)
[ 232.431][v][vo/gpu] Video display: (190, 0) 3458x2160 -> (0, 0) 1920x1200
[ 232.431][v][vo/gpu] Video scale: 0.555234/0.555556
[ 232.431][v][vo/gpu] OSD borders: l=-106 t=0 r=-107 b=0
[ 232.431][v][vo/gpu] Video borders: l=0 t=0 r=0 b=0
[ 232.431][v][vo/gpu] Reported display depth: 8
[ 232.455][v][cplayer] first video frame after restart shown
[ 232.455][d][cplayer] starting video playback
[ 232.455][v][cplayer] playback restart complete @ 0.000000, audio=eof, video=playing (paused)
[ 237.456][v][ipc_132] Client connected
[ 237.456][v][cplayer] Set property: pause=true -> 1
[ 237.457][v][ipc_132] Client disconnected
[ 237.457][d][ipc_132] Destroying client handle...
[ 237.457][v][ipc_133] Client connected
[ 237.457][d][cplayer] Run command: loadfile, flags=64, args=[url="E:\\ВсякоеРазное\\Свалка\\Обои\\Wallsets\\Наборы\\Второй набор\\3755207948 — Varado Mirando Las Estrellas.mp4", flags="replace", index="-1", options=""]
[ 237.457][v][cplayer] EOF code: 3  
[ 237.457][d][vd] Uninit decoder.
[ 237.457][v][ipc_133] Client disconnected
[ 237.457][d][ipc_133] Destroying client handle...
[ 237.458][v][ipc_134] Client connected
[ 237.460][d][cplayer] Terminating demuxers...
[ 237.460][d][cplayer] Done terminating demuxers.
[ 237.460][v][cplayer] finished playback, success (reason 2)
[ 237.460][v][cplayer] Running hook: ytdl_hook/on_after_end_file
[ 237.461][v][ipc_134] Client disconnected
[ 237.461][d][ipc_134] Destroying client handle...
[ 237.461][v][ipc_135] Client connected
[ 237.462][v][ipc_135] Client disconnected
[ 237.462][d][ipc_135] Destroying client handle...
[ 237.463][d][cplayer] Run command: del, flags=64, args=[name="user-data/mpv/ytdl/json-subprocess-result"]
[ 237.463][d][global] state path: 'watch_later' -> '-'
[ 237.463][v][cplayer] Running hook: ytdl_hook/on_load
[ 237.467][v][cplayer] Running hook: ytdl_hook/on_load
[ 237.467][v][ytdl_hook] playlist hook
[ 237.467][v][ifo_dvda] Opening E:\ВсякоеРазное\Свалка\Обои\Wallsets\Наборы\Второй набор\3755207948 — Varado Mirando Las Estrellas.mp4
[ 237.467][v][ifo_dvdnav] Opening E:\ВсякоеРазное\Свалка\Обои\Wallsets\Наборы\Второй набор\3755207948 — Varado Mirando Las Estrellas.mp4
[ 237.467][v][bdmv/bluray] Opening E:\ВсякоеРазное\Свалка\Обои\Wallsets\Наборы\Второй набор\3755207948 — Varado Mirando Las Estrellas.mp4
[ 237.468][v][file] Opening E:\ВсякоеРазное\Свалка\Обои\Wallsets\Наборы\Второй набор\3755207948 — Varado Mirando Las Estrellas.mp4
[ 237.468][d][file] resize stream to 131072 bytes, drop 0 bytes
[ 237.468][d][file] Stream opened successfully.
[ 237.468][v][demux] Trying demuxers for level=normal.
[ 237.468][d][demux] Trying demuxer: directory (force-level: normal)
[ 237.469][d][demux] Trying demuxer: disc (force-level: normal)
[ 237.469][d][demux] Trying demuxer: edl (force-level: normal)
[ 237.469][d][demux] Trying demuxer: cue (force-level: normal)
[ 237.469][d][demux] Trying demuxer: rawaudio (force-level: normal)
[ 237.469][d][demux] Trying demuxer: rawvideo (force-level: normal)
[ 237.469][d][demux] Trying demuxer: mkv (force-level: normal)
[ 237.469][d][demux] Trying demuxer: libarchive (force-level: normal)
[ 237.469][d][demux] Trying demuxer: subrandr (force-level: normal)
[ 237.469][d][demux] Trying demuxer: lavf (force-level: normal)
[ 237.471][v][lavf] Found 'mov,mp4,m4a,3gp,3g2,mj2' at score=100 size=2048.
[ 237.473][v][lavf] Could not set AVOption http_persistent='0'
[ 237.473][v][lavf] Could not set AVOption http_multiple='1'
[ 237.473][v][demux] Detected file format: mov,mp4,m4a,3gp,3g2,mj2 (libavformat)
[ 237.473][v][cplayer] Opening done: E:\ВсякоеРазное\Свалка\Обои\Wallsets\Наборы\Второй набор\3755207948 — Varado Mirando Las Estrellas.mp4
[ 237.473][v][find_files] Loading external files in E:\ВсякоеРазное\Свалка\Обои\Wallsets\Наборы\Второй набор\
[ 237.474][v][cplayer] Running hook: ytdl_hook/on_preloaded
[ 237.474][v][lavf] select track 0
[ 237.474][i][cplayer] ● Video  --vid=1  (h264 4128x2592 30 fps 53881 kbps) [default]
[ 237.474][i][display-tags] File tags:
[ 237.474][i][display-tags]  Title: Varado Mirando Las Estrellas
[ 237.474][v][vd] Container reported FPS: 30.000000
[ 237.474][v][vd] Codec list:
[ 237.474][v][vd]     h264 - H.264 / AVC / MPEG-4 AVC / MPEG-4 part 10
[ 237.474][v][vd]     h264_qsv (h264) - H264 video (Intel Quick Sync Video acceleration)
[ 237.474][v][vd]     h264_amf (h264) - H264 AMD AMF video decoder
[ 237.474][v][vd]     h264_cuvid (h264) - Nvidia CUVID H264 decoder
[ 237.474][v][vd] Opening decoder h264
[ 237.474][v][vd] Looking at hwdec h264-d3d11va...
[ 237.474][v][vo/gpu] Loading hwdec drivers for format: 'd3d11'
[ 237.474][v][vo/gpu] Loading hwdec driver 'd3d11-egl'
[ 237.474][v][vo/gpu] Loading failed.
[ 237.474][v][vd] Trying hardware decoding via h264-d3d11va.
[ 237.474][v][vd] Requesting 4 threads for decoding.
[ 237.475][v][vd] Selected decoder: h264 - H.264 / AVC / MPEG-4 AVC / MPEG-4 part 10
[ 237.475][v][vf] User filter list:
[ 237.475][v][vf]   (empty)
[ 237.475][v][cplayer] Starting playback...
[ 237.477][v][vd] Pixel formats supported by decoder: vulkan cuda cuarray dxva2_vld d3d11va_vld d3d11 d3d12 vaapi yuv420p
[ 237.477][v][vd] Codec profile: High (0x64)
[ 237.479][v][vd] Allocated a fixed pool of 26 hw surfaces.
[ 237.479][v][vd] Requesting pixfmt 'd3d11' from decoder.
[ 237.479][d][ffmpeg/video] h264: Decoder GUIDs reported as supported:
[ 237.479][d][ffmpeg/video] h264: {86695f12-340e-4f04-9fd3-9253dd327460} 103 106
[ 237.480][d][ffmpeg/video] h264: {ee27417f-5e28-4e65-beea-1d26b508adc9} 103 106
[ 237.480][d][ffmpeg/video] h264: {6f3ec719-3735-42cc-8063-65cc3cb36616} 103 106
[ 237.480][d][ffmpeg/video] h264: {1b81bea4-a0c7-11d3-b984-00c04f2e73c5} 103 106
[ 237.480][d][ffmpeg/video] h264: {1b81bea3-a0c7-11d3-b984-00c04f2e73c5} 103 106
[ 237.480][d][ffmpeg/video] h264: {32fcfe3f-de46-4a49-861b-ac71110649d5} 103 106
[ 237.481][d][ffmpeg/video] h264: {d79be8da-0cf1-4c81-b82a-69a4e236f43d} 103 106
[ 237.481][d][ffmpeg/video] h264: {f9aaccbb-c2b6-4cfc-8779-5707b1760552} 103 106
[ 237.482][d][ffmpeg/video] h264: {1b81be68-a0c7-11d3-b984-00c04f2e73c5} 103 106
[ 237.482][d][ffmpeg/video] h264: {5b11d51b-2f4c-4452-bcc3-09f2a1160cc0} 103 106
[ 237.482][d][ffmpeg/video] h264: {107af0e0-ef1a-4d19-aba8-67a163073d13} 104 106
[ 237.482][d][ffmpeg/video] h264: {1a72925f-0c2c-4f15-96fb-b17d1473603f} 104 106
[ 237.482][d][ffmpeg/video] h264: {15df9b21-06c4-47f1-841e-a67c97d7f312} 103 106
[ 237.483][d][ffmpeg/video] h264: {efd64d74-c9e8-41d7-a5e9-e9b0e39fa319} 103 106
[ 237.483][d][ffmpeg/video] h264: {ed418a9f-010d-4eda-9ae3-9a65358d8d2e} 103 106
[ 237.483][d][ffmpeg/video] h264: {9947ec6f-689b-11dc-a320-0019dbbc4184} 103 106
[ 237.483][d][ffmpeg/video] h264: {33fcfe41-de46-4a49-861b-ac71110649d5} 103 106 107
[ 237.484][d][ffmpeg/video] h264: {463707f8-a1d0-4585-876d-83aa6d60b89e} 103 106
[ 237.484][d][ffmpeg/video] h264: {a4c749ef-6ecf-48aa-8448-50a7a1165ff7} 104 106
[ 237.484][d][ffmpeg/video] h264: {dda19dc7-93b5-49f5-a9b3-2bda28a2ce6e} 104 106
[ 237.484][d][ffmpeg/video] h264: {b8be4ccb-cf53-46ba-8d59-d6b8a6da5d2a} 103 104 106
[ 237.484][d][ffmpeg/video] h264: {6affd11e-1d96-42b1-a215-93a31f09a53d} 103 106
[ 237.485][d][ffmpeg/video] h264: {914c84a3-4078-4fa9-984c-e2f262cb5c9c} 103 106
[ 237.485][d][ffmpeg/video] h264: {8a1a1031-29bc-46d0-a007-e9b092ca6767} 103 106
[ 237.485][d][ffmpeg/video] h264: No valid decoder configuration available
[ 237.485][e][ffmpeg/video] h264: Failed setup for format d3d11: hwaccel initialisation returned error.
[ 237.485][v][vd] Pixel formats supported by decoder: vulkan cuda cuarray dxva2_vld d3d11va_vld d3d12 vaapi yuv420p yuv420p
[ 237.485][v][vd] Codec profile: High (0x64)
[ 237.485][v][vd] Requesting pixfmt '-' from decoder.
[ 237.485][e][ffmpeg/video] h264: no frame!
[ 237.485][v][vd] Pixel formats supported by decoder: vulkan cuda cuarray dxva2_vld d3d11va_vld d3d11 d3d12 vaapi yuv420p
[ 237.485][v][vd] Codec profile: High (0x64)
[ 237.485][v][vd] Requesting pixfmt 'd3d11' from decoder.
[ 237.485][d][ffmpeg/video] h264: Decoder GUIDs reported as supported:
[ 237.485][d][ffmpeg/video] h264: {86695f12-340e-4f04-9fd3-9253dd327460} 103 106
[ 237.485][d][ffmpeg/video] h264: {ee27417f-5e28-4e65-beea-1d26b508adc9} 103 106
[ 237.485][d][ffmpeg/video] h264: {6f3ec719-3735-42cc-8063-65cc3cb36616} 103 106
[ 237.486][d][ffmpeg/video] h264: {1b81bea4-a0c7-11d3-b984-00c04f2e73c5} 103 106
[ 237.486][d][ffmpeg/video] h264: {1b81bea3-a0c7-11d3-b984-00c04f2e73c5} 103 106
[ 237.486][d][ffmpeg/video] h264: {32fcfe3f-de46-4a49-861b-ac71110649d5} 103 106
[ 237.486][d][ffmpeg/video] h264: {d79be8da-0cf1-4c81-b82a-69a4e236f43d} 103 106
[ 237.486][d][ffmpeg/video] h264: {f9aaccbb-c2b6-4cfc-8779-5707b1760552} 103 106
[ 237.486][d][ffmpeg/video] h264: {1b81be68-a0c7-11d3-b984-00c04f2e73c5} 103 106
[ 237.487][d][ffmpeg/video] h264: {5b11d51b-2f4c-4452-bcc3-09f2a1160cc0} 103 106
[ 237.487][d][ffmpeg/video] h264: {107af0e0-ef1a-4d19-aba8-67a163073d13} 104 106
[ 237.487][d][ffmpeg/video] h264: {1a72925f-0c2c-4f15-96fb-b17d1473603f} 104 106
[ 237.487][d][ffmpeg/video] h264: {15df9b21-06c4-47f1-841e-a67c97d7f312} 103 106
[ 237.487][d][ffmpeg/video] h264: {efd64d74-c9e8-41d7-a5e9-e9b0e39fa319} 103 106
[ 237.488][d][ffmpeg/video] h264: {ed418a9f-010d-4eda-9ae3-9a65358d8d2e} 103 106
[ 237.488][d][ffmpeg/video] h264: {9947ec6f-689b-11dc-a320-0019dbbc4184} 103 106
[ 237.488][d][ffmpeg/video] h264: {33fcfe41-de46-4a49-861b-ac71110649d5} 103 106 107
[ 237.488][d][ffmpeg/video] h264: {463707f8-a1d0-4585-876d-83aa6d60b89e} 103 106
[ 237.488][d][ffmpeg/video] h264: {a4c749ef-6ecf-48aa-8448-50a7a1165ff7} 104 106
[ 237.488][d][ffmpeg/video] h264: {dda19dc7-93b5-49f5-a9b3-2bda28a2ce6e} 104 106
[ 237.489][d][ffmpeg/video] h264: {b8be4ccb-cf53-46ba-8d59-d6b8a6da5d2a} 103 104 106
[ 237.489][d][ffmpeg/video] h264: {6affd11e-1d96-42b1-a215-93a31f09a53d} 103 106
[ 237.489][d][ffmpeg/video] h264: {914c84a3-4078-4fa9-984c-e2f262cb5c9c} 103 106
[ 237.489][d][ffmpeg/video] h264: {8a1a1031-29bc-46d0-a007-e9b092ca6767} 103 106
[ 237.489][d][ffmpeg/video] h264: No valid decoder configuration available
[ 237.489][e][ffmpeg/video] h264: Failed setup for format d3d11: hwaccel initialisation returned error.
[ 237.489][v][vd] Pixel formats supported by decoder: vulkan cuda cuarray dxva2_vld d3d11va_vld d3d12 vaapi yuv420p yuv420p
[ 237.489][v][vd] Codec profile: High (0x64)
[ 237.489][v][vd] Requesting pixfmt '-' from decoder.
[ 237.489][e][ffmpeg/video] h264: no frame!
[ 237.490][v][vd] Attempting next decoding method after failure of h264-d3d11va.
[ 237.490][d][vd] Skipping previously attempted hwdec: h264-d3d11va
[ 237.490][v][vd] Looking at hwdec h264-nvdec...
[ 237.490][v][vo/gpu] Loading hwdec drivers for format: 'cuda'
[ 237.490][v][vo/gpu] Loading hwdec driver 'cuda'
[ 237.490][v][vo/gpu/cuda] CUDA hwdec only works with OpenGL or Vulkan backends.
[ 237.490][v][vo/gpu] Loading failed.
[ 237.490][v][vd] Could not create device.
[ 237.490][d][vd] Skipping previously attempted hwdec: h264-nvdec
[ 237.490][v][vd] Looking at hwdec h264-vaapi...
[ 237.490][v][vo/gpu] Loading hwdec drivers for format: 'vaapi'
[ 237.490][v][vo/gpu] Loading hwdec driver 'vaapi'
[ 237.490][v][vo/gpu/vaapi] VAAPI hwdec only works with OpenGL or Vulkan backends.
[ 237.490][v][vo/gpu] Loading failed.
[ 237.490][v][vd] Could not create device.
[ 237.490][v][vd] Looking at hwdec h264-d3d11va-copy...
[ 237.565][v][vd] Trying hardware decoding via h264-d3d11va-copy.
[ 237.565][v][vd] Requesting 4 threads for decoding.
[ 237.567][v][vd] Pixel formats supported by decoder: vulkan cuda cuarray dxva2_vld d3d11va_vld d3d11 d3d12 vaapi yuv420p
[ 237.567][v][vd] Codec profile: High (0x64)
[ 237.567][v][vd] Requesting pixfmt 'd3d11' from decoder.
[ 237.569][d][ffmpeg/video] h264: Decoder GUIDs reported as supported:
[ 237.569][d][ffmpeg/video] h264: {86695f12-340e-4f04-9fd3-9253dd327460} 103 106
[ 237.569][d][ffmpeg/video] h264: {ee27417f-5e28-4e65-beea-1d26b508adc9} 103 106
[ 237.570][d][ffmpeg/video] h264: {6f3ec719-3735-42cc-8063-65cc3cb36616} 103 106
[ 237.570][d][ffmpeg/video] h264: {1b81bea4-a0c7-11d3-b984-00c04f2e73c5} 103 106
[ 237.570][d][ffmpeg/video] h264: {1b81bea3-a0c7-11d3-b984-00c04f2e73c5} 103 106
[ 237.570][d][ffmpeg/video] h264: {32fcfe3f-de46-4a49-861b-ac71110649d5} 103 106
[ 237.570][d][ffmpeg/video] h264: {d79be8da-0cf1-4c81-b82a-69a4e236f43d} 103 106
[ 237.571][d][ffmpeg/video] h264: {f9aaccbb-c2b6-4cfc-8779-5707b1760552} 103 106
[ 237.571][d][ffmpeg/video] h264: {1b81be68-a0c7-11d3-b984-00c04f2e73c5} 103 106
[ 237.571][d][ffmpeg/video] h264: {5b11d51b-2f4c-4452-bcc3-09f2a1160cc0} 103 106
[ 237.571][d][ffmpeg/video] h264: {107af0e0-ef1a-4d19-aba8-67a163073d13} 104 106
[ 237.571][d][ffmpeg/video] h264: {1a72925f-0c2c-4f15-96fb-b17d1473603f} 104 106
[ 237.572][d][ffmpeg/video] h264: {15df9b21-06c4-47f1-841e-a67c97d7f312} 103 106
[ 237.572][d][ffmpeg/video] h264: {efd64d74-c9e8-41d7-a5e9-e9b0e39fa319} 103 106
[ 237.572][d][ffmpeg/video] h264: {ed418a9f-010d-4eda-9ae3-9a65358d8d2e} 103 106
[ 237.572][d][ffmpeg/video] h264: {9947ec6f-689b-11dc-a320-0019dbbc4184} 103 106
[ 237.572][d][ffmpeg/video] h264: {33fcfe41-de46-4a49-861b-ac71110649d5} 103 106 107
[ 237.573][d][ffmpeg/video] h264: {463707f8-a1d0-4585-876d-83aa6d60b89e} 103 106
[ 237.573][d][ffmpeg/video] h264: {a4c749ef-6ecf-48aa-8448-50a7a1165ff7} 104 106
[ 237.573][d][ffmpeg/video] h264: {dda19dc7-93b5-49f5-a9b3-2bda28a2ce6e} 104 106
[ 237.573][d][ffmpeg/video] h264: {b8be4ccb-cf53-46ba-8d59-d6b8a6da5d2a} 103 104 106
[ 237.573][d][ffmpeg/video] h264: {6affd11e-1d96-42b1-a215-93a31f09a53d} 103 106
[ 237.574][d][ffmpeg/video] h264: {914c84a3-4078-4fa9-984c-e2f262cb5c9c} 103 106
[ 237.574][d][ffmpeg/video] h264: {8a1a1031-29bc-46d0-a007-e9b092ca6767} 103 106
[ 237.574][d][ffmpeg/video] h264: No valid decoder configuration available
[ 237.574][e][ffmpeg/video] h264: Failed setup for format d3d11: hwaccel initialisation returned error.
[ 237.574][v][vd] Pixel formats supported by decoder: vulkan cuda cuarray dxva2_vld d3d11va_vld d3d12 vaapi yuv420p yuv420p
[ 237.574][v][vd] Codec profile: High (0x64)
[ 237.574][v][vd] Requesting pixfmt '-' from decoder.
[ 237.574][e][ffmpeg/video] h264: no frame!
[ 237.574][v][vd] Pixel formats supported by decoder: vulkan cuda cuarray dxva2_vld d3d11va_vld d3d11 d3d12 vaapi yuv420p
[ 237.574][v][vd] Codec profile: High (0x64)
[ 237.574][v][vd] Requesting pixfmt 'd3d11' from decoder.
[ 237.577][d][ffmpeg/video] h264: Decoder GUIDs reported as supported:
[ 237.577][d][ffmpeg/video] h264: {86695f12-340e-4f04-9fd3-9253dd327460} 103 106
[ 237.577][d][ffmpeg/video] h264: {ee27417f-5e28-4e65-beea-1d26b508adc9} 103 106
[ 237.577][d][ffmpeg/video] h264: {6f3ec719-3735-42cc-8063-65cc3cb36616} 103 106
[ 237.577][d][ffmpeg/video] h264: {1b81bea4-a0c7-11d3-b984-00c04f2e73c5} 103 106
[ 237.577][d][ffmpeg/video] h264: {1b81bea3-a0c7-11d3-b984-00c04f2e73c5} 103 106
[ 237.578][d][ffmpeg/video] h264: {32fcfe3f-de46-4a49-861b-ac71110649d5} 103 106
[ 237.578][d][ffmpeg/video] h264: {d79be8da-0cf1-4c81-b82a-69a4e236f43d} 103 106
[ 237.578][d][ffmpeg/video] h264: {f9aaccbb-c2b6-4cfc-8779-5707b1760552} 103 106
[ 237.578][d][ffmpeg/video] h264: {1b81be68-a0c7-11d3-b984-00c04f2e73c5} 103 106
[ 237.578][d][ffmpeg/video] h264: {5b11d51b-2f4c-4452-bcc3-09f2a1160cc0} 103 106
[ 237.579][d][ffmpeg/video] h264: {107af0e0-ef1a-4d19-aba8-67a163073d13} 104 106
[ 237.579][d][ffmpeg/video] h264: {1a72925f-0c2c-4f15-96fb-b17d1473603f} 104 106
[ 237.579][d][ffmpeg/video] h264: {15df9b21-06c4-47f1-841e-a67c97d7f312} 103 106
[ 237.579][d][ffmpeg/video] h264: {efd64d74-c9e8-41d7-a5e9-e9b0e39fa319} 103 106
[ 237.579][d][ffmpeg/video] h264: {ed418a9f-010d-4eda-9ae3-9a65358d8d2e} 103 106
[ 237.579][d][ffmpeg/video] h264: {9947ec6f-689b-11dc-a320-0019dbbc4184} 103 106
[ 237.579][d][ffmpeg/video] h264: {33fcfe41-de46-4a49-861b-ac71110649d5} 103 106 107
[ 237.580][d][ffmpeg/video] h264: {463707f8-a1d0-4585-876d-83aa6d60b89e} 103 106
[ 237.580][d][ffmpeg/video] h264: {a4c749ef-6ecf-48aa-8448-50a7a1165ff7} 104 106
[ 237.580][d][ffmpeg/video] h264: {dda19dc7-93b5-49f5-a9b3-2bda28a2ce6e} 104 106
[ 237.580][d][ffmpeg/video] h264: {b8be4ccb-cf53-46ba-8d59-d6b8a6da5d2a} 103 104 106
[ 237.580][d][ffmpeg/video] h264: {6affd11e-1d96-42b1-a215-93a31f09a53d} 103 106
[ 237.580][d][ffmpeg/video] h264: {914c84a3-4078-4fa9-984c-e2f262cb5c9c} 103 106
[ 237.581][d][ffmpeg/video] h264: {8a1a1031-29bc-46d0-a007-e9b092ca6767} 103 106
[ 237.581][d][ffmpeg/video] h264: No valid decoder configuration available
[ 237.581][e][ffmpeg/video] h264: Failed setup for format d3d11: hwaccel initialisation returned error.
[ 237.581][v][vd] Pixel formats supported by decoder: vulkan cuda cuarray dxva2_vld d3d11va_vld d3d12 vaapi yuv420p yuv420p
[ 237.581][v][vd] Codec profile: High (0x64)
[ 237.581][v][vd] Requesting pixfmt '-' from decoder.
[ 237.581][e][ffmpeg/video] h264: no frame!
[ 237.601][v][vd] Attempting next decoding method after failure of h264-d3d11va-copy.
[ 237.601][d][vd] Skipping previously attempted hwdec: h264-d3d11va
[ 237.601][d][vd] Skipping previously attempted hwdec: h264-nvdec
[ 237.601][d][vd] Skipping previously attempted hwdec: h264-nvdec
[ 237.601][d][vd] Skipping previously attempted hwdec: h264-vaapi
[ 237.601][d][vd] Skipping previously attempted hwdec: h264-d3d11va-copy
[ 237.601][v][vd] Looking at hwdec h264-dxva2-copy...
[ 237.693][v][vd] Trying hardware decoding via h264-dxva2-copy.
[ 237.693][v][vd] Requesting 4 threads for decoding.
[ 237.694][v][vd] Pixel formats supported by decoder: vulkan cuda cuarray dxva2_vld d3d11va_vld d3d11 d3d12 vaapi yuv420p
[ 237.694][v][vd] Codec profile: High (0x64)
[ 237.694][v][vd] Requesting pixfmt 'dxva2_vld' from decoder.
[ 237.697][d][ffmpeg/video] h264: Decoder GUIDs reported as supported:
[ 237.697][d][ffmpeg/video] h264: {86695f12-340e-4f04-9fd3-9253dd327460} 0
[ 237.697][d][ffmpeg/video] h264: {ee27417f-5e28-4e65-beea-1d26b508adc9} 0
[ 237.697][d][ffmpeg/video] h264: {6f3ec719-3735-42cc-8063-65cc3cb36616} 0
[ 237.697][d][ffmpeg/video] h264: {1b81bea4-a0c7-11d3-b984-00c04f2e73c5} 0
[ 237.697][d][ffmpeg/video] h264: {1b81bea3-a0c7-11d3-b984-00c04f2e73c5} 0
[ 237.697][d][ffmpeg/video] h264: {32fcfe3f-de46-4a49-861b-ac71110649d5} 0
[ 237.697][d][ffmpeg/video] h264: {d79be8da-0cf1-4c81-b82a-69a4e236f43d} 0
[ 237.697][d][ffmpeg/video] h264: {f9aaccbb-c2b6-4cfc-8779-5707b1760552} 0
[ 237.697][d][ffmpeg/video] h264: {1b81be68-a0c7-11d3-b984-00c04f2e73c5} 0
[ 237.697][d][ffmpeg/video] h264: {5b11d51b-2f4c-4452-bcc3-09f2a1160cc0} 0
[ 237.697][d][ffmpeg/video] h264: {107af0e0-ef1a-4d19-aba8-67a163073d13} 1
[ 237.697][d][ffmpeg/video] h264: {1a72925f-0c2c-4f15-96fb-b17d1473603f} 1
[ 237.697][d][ffmpeg/video] h264: {15df9b21-06c4-47f1-841e-a67c97d7f312} 0
[ 237.697][d][ffmpeg/video] h264: {efd64d74-c9e8-41d7-a5e9-e9b0e39fa319} 0
[ 237.697][d][ffmpeg/video] h264: {ed418a9f-010d-4eda-9ae3-9a65358d8d2e} 0
[ 237.697][d][ffmpeg/video] h264: {9947ec6f-689b-11dc-a320-0019dbbc4184} 0
[ 237.697][d][ffmpeg/video] h264: {33fcfe41-de46-4a49-861b-ac71110649d5} 0
[ 237.697][d][ffmpeg/video] h264: {463707f8-a1d0-4585-876d-83aa6d60b89e} 0
[ 237.697][d][ffmpeg/video] h264: {a4c749ef-6ecf-48aa-8448-50a7a1165ff7} 1
[ 237.697][d][ffmpeg/video] h264: {dda19dc7-93b5-49f5-a9b3-2bda28a2ce6e} 1
[ 237.697][d][ffmpeg/video] h264: {b8be4ccb-cf53-46ba-8d59-d6b8a6da5d2a} 0 1
[ 237.697][d][ffmpeg/video] h264: {6affd11e-1d96-42b1-a215-93a31f09a53d} 0
[ 237.697][d][ffmpeg/video] h264: {914c84a3-4078-4fa9-984c-e2f262cb5c9c} 0
[ 237.697][d][ffmpeg/video] h264: {8a1a1031-29bc-46d0-a007-e9b092ca6767} 0
[ 237.697][e][ffmpeg/video] h264: Unable to retrieve decoder configurations
[ 237.697][e][ffmpeg/video] h264: Failed setup for format dxva2_vld: hwaccel initialisation returned error.
[ 237.698][v][vd] Pixel formats supported by decoder: vulkan cuda cuarray d3d11va_vld d3d11 d3d12 vaapi yuv420p yuv420p
[ 237.698][v][vd] Codec profile: High (0x64)
[ 237.698][v][vd] Requesting pixfmt '-' from decoder.
[ 237.698][e][ffmpeg/video] h264: no frame!
[ 237.698][v][vd] Pixel formats supported by decoder: vulkan cuda cuarray dxva2_vld d3d11va_vld d3d11 d3d12 vaapi yuv420p
[ 237.698][v][vd] Codec profile: High (0x64)
[ 237.698][v][vd] Requesting pixfmt 'dxva2_vld' from decoder.
[ 237.700][d][ffmpeg/video] h264: Decoder GUIDs reported as supported:
[ 237.700][d][ffmpeg/video] h264: {86695f12-340e-4f04-9fd3-9253dd327460} 0
[ 237.700][d][ffmpeg/video] h264: {ee27417f-5e28-4e65-beea-1d26b508adc9} 0
[ 237.700][d][ffmpeg/video] h264: {6f3ec719-3735-42cc-8063-65cc3cb36616} 0
[ 237.700][d][ffmpeg/video] h264: {1b81bea4-a0c7-11d3-b984-00c04f2e73c5} 0
[ 237.700][d][ffmpeg/video] h264: {1b81bea3-a0c7-11d3-b984-00c04f2e73c5} 0
[ 237.700][d][ffmpeg/video] h264: {32fcfe3f-de46-4a49-861b-ac71110649d5} 0
[ 237.700][d][ffmpeg/video] h264: {d79be8da-0cf1-4c81-b82a-69a4e236f43d} 0
[ 237.700][d][ffmpeg/video] h264: {f9aaccbb-c2b6-4cfc-8779-5707b1760552} 0
[ 237.700][d][ffmpeg/video] h264: {1b81be68-a0c7-11d3-b984-00c04f2e73c5} 0
[ 237.700][d][ffmpeg/video] h264: {5b11d51b-2f4c-4452-bcc3-09f2a1160cc0} 0
[ 237.700][d][ffmpeg/video] h264: {107af0e0-ef1a-4d19-aba8-67a163073d13} 1
[ 237.700][d][ffmpeg/video] h264: {1a72925f-0c2c-4f15-96fb-b17d1473603f} 1
[ 237.700][d][ffmpeg/video] h264: {15df9b21-06c4-47f1-841e-a67c97d7f312} 0
[ 237.700][d][ffmpeg/video] h264: {efd64d74-c9e8-41d7-a5e9-e9b0e39fa319} 0
[ 237.700][d][ffmpeg/video] h264: {ed418a9f-010d-4eda-9ae3-9a65358d8d2e} 0
[ 237.700][d][ffmpeg/video] h264: {9947ec6f-689b-11dc-a320-0019dbbc4184} 0
[ 237.700][d][ffmpeg/video] h264: {33fcfe41-de46-4a49-861b-ac71110649d5} 0
[ 237.700][d][ffmpeg/video] h264: {463707f8-a1d0-4585-876d-83aa6d60b89e} 0
[ 237.700][d][ffmpeg/video] h264: {a4c749ef-6ecf-48aa-8448-50a7a1165ff7} 1
[ 237.700][d][ffmpeg/video] h264: {dda19dc7-93b5-49f5-a9b3-2bda28a2ce6e} 1
[ 237.700][d][ffmpeg/video] h264: {b8be4ccb-cf53-46ba-8d59-d6b8a6da5d2a} 0 1
[ 237.700][d][ffmpeg/video] h264: {6affd11e-1d96-42b1-a215-93a31f09a53d} 0
[ 237.700][d][ffmpeg/video] h264: {914c84a3-4078-4fa9-984c-e2f262cb5c9c} 0
[ 237.700][d][ffmpeg/video] h264: {8a1a1031-29bc-46d0-a007-e9b092ca6767} 0
[ 237.700][e][ffmpeg/video] h264: Unable to retrieve decoder configurations
[ 237.700][e][ffmpeg/video] h264: Failed setup for format dxva2_vld: hwaccel initialisation returned error.
[ 237.702][v][vd] Pixel formats supported by decoder: vulkan cuda cuarray d3d11va_vld d3d11 d3d12 vaapi yuv420p yuv420p
[ 237.702][v][vd] Codec profile: High (0x64)
[ 237.702][v][vd] Requesting pixfmt '-' from decoder.
[ 237.702][e][ffmpeg/video] h264: no frame!
[ 237.706][v][vd] Attempting next decoding method after failure of h264-dxva2-copy.
[ 237.706][d][vd] Skipping previously attempted hwdec: h264-d3d11va
[ 237.706][d][vd] Skipping previously attempted hwdec: h264-nvdec
[ 237.706][d][vd] Skipping previously attempted hwdec: h264-nvdec
[ 237.706][d][vd] Skipping previously attempted hwdec: h264-vaapi
[ 237.706][d][vd] Skipping previously attempted hwdec: h264-d3d11va-copy
[ 237.706][d][vd] Skipping previously attempted hwdec: h264-dxva2-copy
[ 237.706][v][vd] Looking at hwdec h264-nvdec-copy...
[ 237.804][v][vd] Trying hardware decoding via h264-nvdec-copy.
[ 237.804][v][vd] Requesting 4 threads for decoding.
[ 237.805][v][vd] Pixel formats supported by decoder: vulkan cuda cuarray dxva2_vld d3d11va_vld d3d11 d3d12 vaapi yuv420p
[ 237.805][v][vd] Codec profile: High (0x64)
[ 237.805][v][vd] Requesting pixfmt 'cuda' from decoder.
[ 237.816][d][ffmpeg/video] h264: NVDEC capabilities:
[ 237.816][d][ffmpeg/video] h264: format supported: yes, max_mb_count: 65536
[ 237.816][d][ffmpeg/video] h264: min_width: 48, max_width: 4096
[ 237.816][d][ffmpeg/video] h264: min_height: 16, max_height: 4096
[ 237.816][e][ffmpeg/video] h264: Video width 4128 not within range from 48 to 4096
[ 237.816][e][ffmpeg/video] h264: Failed setup for format cuda: hwaccel initialisation returned error.
[ 237.816][v][vd] Pixel formats supported by decoder: vulkan cuarray dxva2_vld d3d11va_vld d3d11 d3d12 vaapi yuv420p yuv420p
[ 237.816][v][vd] Codec profile: High (0x64)
[ 237.816][v][vd] Requesting pixfmt '-' from decoder.
[ 237.816][e][ffmpeg/video] h264: no frame!
[ 237.816][v][vd] Pixel formats supported by decoder: vulkan cuda cuarray dxva2_vld d3d11va_vld d3d11 d3d12 vaapi yuv420p
[ 237.816][v][vd] Codec profile: High (0x64)
[ 237.816][v][vd] Requesting pixfmt 'cuda' from decoder.
[ 237.819][d][ffmpeg/video] h264: NVDEC capabilities:
[ 237.819][d][ffmpeg/video] h264: format supported: yes, max_mb_count: 65536
[ 237.819][d][ffmpeg/video] h264: min_width: 48, max_width: 4096
[ 237.819][d][ffmpeg/video] h264: min_height: 16, max_height: 4096
[ 237.819][e][ffmpeg/video] h264: Video width 4128 not within range from 48 to 4096
[ 237.819][e][ffmpeg/video] h264: Failed setup for format cuda: hwaccel initialisation returned error.
[ 237.819][v][vd] Pixel formats supported by decoder: vulkan cuarray dxva2_vld d3d11va_vld d3d11 d3d12 vaapi yuv420p yuv420p
[ 237.819][v][vd] Codec profile: High (0x64)
[ 237.819][v][vd] Requesting pixfmt '-' from decoder.
[ 237.819][e][ffmpeg/video] h264: no frame!
[ 237.833][v][vd] Attempting next decoding method after failure of h264-nvdec-copy.
[ 237.833][d][vd] Skipping previously attempted hwdec: h264-d3d11va
[ 237.833][d][vd] Skipping previously attempted hwdec: h264-nvdec
[ 237.833][d][vd] Skipping previously attempted hwdec: h264-nvdec
[ 237.833][d][vd] Skipping previously attempted hwdec: h264-vaapi
[ 237.833][d][vd] Skipping previously attempted hwdec: h264-d3d11va-copy
[ 237.833][d][vd] Skipping previously attempted hwdec: h264-dxva2-copy
[ 237.833][d][vd] Skipping previously attempted hwdec: h264-nvdec-copy
[ 237.833][d][vd] Skipping previously attempted hwdec: h264-nvdec-copy
[ 237.833][v][vd] Looking at hwdec h264-vaapi-copy...
[ 237.833][v][vaapi] libva: VA-API version 1.25.0
[ 237.833][v][vaapi] libva: Trying to open /__w/mpv-winbuild-cmake/mpv-winbuild-cmake/build_x86_64/x86_64-w64-mingw32/bin\vaon12_drv_video.dll
[ 237.834][v][vaapi] libva: va_openDriver() returns -1
[ 237.834][v][vd] Could not create device.
[ 237.834][v][vd] Using software decoding.
[ 237.834][v][vd] Detected 24 logical cores.
[ 237.834][v][vd] Requesting 16 threads for decoding.
[ 237.835][d][ffmpeg/video] h264: Reinit context to 4128x2592, pix_fmt: yuv420p
[ 237.835][d][vd] DR parameter change to 4128x2594 yuv420p align=64
[ 237.835][d][vd] Allocating new (host-cached) DR image...
[ 237.835][d][vd] ...failed..
[ 237.835][v][vd] DR failed - disabling.
[ 237.995][v][vd] Using software decoding.
[ 237.995][v][vd] Decoder format: 4128x2592 yuv420p bt.709/bt.709/srgb/limited/auto CL=mpeg2/4/h264 crop=4128x2592+0+0 A=none
[ 237.995][v][vd] Using container aspect ratio.
[ 237.995][v][vf] [in] 4128x2592 yuv420p bt.709/bt.709/srgb/limited/display CL=mpeg2/4/h264 crop=4128x2592+0+0 A=none
[ 237.995][v][vf] [userdeint] 4128x2592 yuv420p bt.709/bt.709/srgb/limited/display CL=mpeg2/4/h264 crop=4128x2592+0+0 A=none
[ 237.995][v][vf] [userdeint] (disabled)
[ 237.995][v][vf] [autovflip] 4128x2592 yuv420p bt.709/bt.709/srgb/limited/display CL=mpeg2/4/h264 crop=4128x2592+0+0 A=none
[ 237.995][v][vf] [autovflip] (disabled)
[ 237.995][v][vf] [autorotate] 4128x2592 yuv420p bt.709/bt.709/srgb/limited/display CL=mpeg2/4/h264 crop=4128x2592+0+0 A=none
[ 237.995][v][vf] [autorotate] (disabled)
[ 237.995][v][vf] [convert] 4128x2592 yuv420p bt.709/bt.709/srgb/limited/display CL=mpeg2/4/h264 crop=4128x2592+0+0 A=none
[ 237.995][v][vf] [convert] (disabled)
[ 237.995][v][vf] [out] 4128x2592 yuv420p bt.709/bt.709/srgb/limited/display CL=mpeg2/4/h264 crop=4128x2592+0+0 A=none
[ 238.002][i][cplayer] VO: [gpu] 4128x2592 yuv420p
[ 238.002][v][cplayer] VO: Description: Shader-based GPU Renderer
[ 238.002][v][vo/gpu] reconfig to 4128x2592 yuv420p bt.709/bt.709/srgb/limited/display CL=mpeg2/4/h264 crop=4128x2592+0+0 A=none
[ 238.002][d][vo/gpu] max content size: 1920x1140
[ 238.002][d][vo/gpu] monitor size: 1920x1200
[ 238.003][v][vo/gpu] Resize: 1920x1200
[ 238.003][v][vo/gpu] Window size: 1920x1200 (Borders: l=0 t=0 r=0 b=0)
[ 238.003][v][vo/gpu] Video source: 4128x2592 (1:1)
[ 238.003][v][vo/gpu] Video display: (0, 4) 4128x2582 -> (0, 0) 1920x1200
[ 238.003][v][vo/gpu] Video scale: 0.465116/0.464756
[ 238.003][v][vo/gpu] OSD borders: l=0 t=-2 r=0 b=-3
[ 238.003][v][vo/gpu] Video borders: l=0 t=0 r=0 b=0
[ 238.003][v][vo/gpu] Reported display depth: 8
[ 238.003][v][vo/gpu] Texture for plane 0: 4128x2592
[ 238.004][v][vo/gpu] Texture for plane 1: 2064x1296
[ 238.004][v][vo/gpu] Texture for plane 2: 2064x1296
[ 238.004][v][vo/gpu] Testing FBO format rgba16hf
[ 238.004][d][vo/gpu] Resizing texture: 16x16
[ 238.004][v][vo/gpu] Using FBO format rgba16hf.
[ 238.004][v][vo/gpu] No advanced processing required. Enabling dumb mode.
[ 238.005][v][vo/gpu] Resize: 1920x1200
[ 238.005][v][vo/gpu] Window size: 1920x1200 (Borders: l=0 t=0 r=0 b=0)
[ 238.005][v][vo/gpu] Video source: 4128x2592 (1:1)
[ 238.005][v][vo/gpu] Video display: (0, 4) 4128x2582 -> (0, 0) 1920x1200
[ 238.005][v][vo/gpu] Video scale: 0.465116/0.464756
[ 238.005][v][vo/gpu] OSD borders: l=0 t=-2 r=0 b=-3
[ 238.005][v][vo/gpu] Video borders: l=0 t=0 r=0 b=0
[ 238.005][v][vo/gpu] Reported display depth: 8
[ 238.014][v][vo/gpu/d3d11] shaderc compile status 'success' (0 errors, 0 warnings)
[ 238.016][v][vo/gpu/d3d11] Compiled a vertex shader in 3518800ns
[ 238.016][v][vo/gpu/d3d11] shaderc: 1891600ns, SPIRV-Cross: 178900ns, D3DCompile: 1448300ns
[ 238.016][d][vo/gpu/d3d11] GLSL source:
[ 238.016][d][vo/gpu/d3d11] [  1] #version 450
[ 238.016][d][vo/gpu/d3d11] [  2] #define tex1D texture
[ 238.016][d][vo/gpu/d3d11] [  3] #define tex3D texture
[ 238.016][d][vo/gpu/d3d11] [  4] #define LUT_POS(x, lut_size) mix(0.5 / (lut_size), 1.0 - 0.5 / (lut_size), (x))
[ 238.016][d][vo/gpu/d3d11] [  5] layout(location=0) in vec2 vertex_position;
[ 238.016][d][vo/gpu/d3d11] [  6] layout(location=1) in vec2 vertex_texcoord0;
[ 238.016][d][vo/gpu/d3d11] [  7] layout(location=1) out vec2 texcoord0;
[ 238.016][d][vo/gpu/d3d11] [  8] layout(location=2) in vec2 vertex_texcoord1;
[ 238.016][d][vo/gpu/d3d11] [  9] layout(location=2) out vec2 texcoord1;
[ 238.016][d][vo/gpu/d3d11] [ 10] layout(location=3) in vec2 vertex_texcoord2;
[ 238.016][d][vo/gpu/d3d11] [ 11] layout(location=3) out vec2 texcoord2;
[ 238.016][d][vo/gpu/d3d11] [ 12] void main() {
[ 238.016][d][vo/gpu/d3d11] [ 13] gl_Position = vec4(vertex_position, 1.0, 1.0);
[ 238.016][d][vo/gpu/d3d11] [ 14] texcoord0 = vertex_texcoord0;
[ 238.016][d][vo/gpu/d3d11] [ 15] texcoord1 = vertex_texcoord1;
[ 238.016][d][vo/gpu/d3d11] [ 16] texcoord2 = vertex_texcoord2;
[ 238.016][d][vo/gpu/d3d11] [ 17] }
[ 238.016][d][vo/gpu/d3d11] HLSL source:
[ 238.016][d][vo/gpu/d3d11] [  1] static float4 gl_Position;
[ 238.016][d][vo/gpu/d3d11] [  2] static float2 _18;
[ 238.016][d][vo/gpu/d3d11] [  3] static float2 _27;
[ 238.016][d][vo/gpu/d3d11] [  4] static float2 _28;
[ 238.016][d][vo/gpu/d3d11] [  5] static float2 _30;
[ 238.016][d][vo/gpu/d3d11] [  6] static float2 _31;
[ 238.016][d][vo/gpu/d3d11] [  7] static float2 _33;
[ 238.016][d][vo/gpu/d3d11] [  8] static float2 _34;
[ 238.016][d][vo/gpu/d3d11] [  9] 
[ 238.016][d][vo/gpu/d3d11] [ 10] struct SPIRV_Cross_Input
[ 238.016][d][vo/gpu/d3d11] [ 11] {
[ 238.016][d][vo/gpu/d3d11] [ 12]     float2 _18 : TEXCOORD0;
[ 238.016][d][vo/gpu/d3d11] [ 13]     float2 _28 : TEXCOORD1;
[ 238.016][d][vo/gpu/d3d11] [ 14]     float2 _31 : TEXCOORD2;
[ 238.016][d][vo/gpu/d3d11] [ 15]     float2 _34 : TEXCOORD3;
[ 238.016][d][vo/gpu/d3d11] [ 16] };
[ 238.016][d][vo/gpu/d3d11] [ 17] 
[ 238.016][d][vo/gpu/d3d11] [ 18] struct SPIRV_Cross_Output
[ 238.016][d][vo/gpu/d3d11] [ 19] {
[ 238.016][d][vo/gpu/d3d11] [ 20]     float2 _27 : TEXCOORD1;
[ 238.016][d][vo/gpu/d3d11] [ 21]     float2 _30 : TEXCOORD2;
[ 238.016][d][vo/gpu/d3d11] [ 22]     float2 _33 : TEXCOORD3;
[ 238.016][d][vo/gpu/d3d11] [ 23]     float4 gl_Position : SV_Position;
[ 238.016][d][vo/gpu/d3d11] [ 24] };
[ 238.016][d][vo/gpu/d3d11] [ 25] 
[ 238.016][d][vo/gpu/d3d11] [ 26] void vert_main()
[ 238.016][d][vo/gpu/d3d11] [ 27] {
[ 238.016][d][vo/gpu/d3d11] [ 28]     gl_Position = float4(_18, 1.0f, 1.0f);
[ 238.016][d][vo/gpu/d3d11] [ 29]     _27 = _28;
[ 238.016][d][vo/gpu/d3d11] [ 30]     _30 = _31;
[ 238.016][d][vo/gpu/d3d11] [ 31]     _33 = _34;
[ 238.016][d][vo/gpu/d3d11] [ 32]     gl_Position.y = -gl_Position.y;
[ 238.016][d][vo/gpu/d3d11] [ 33] }
[ 238.016][d][vo/gpu/d3d11] [ 34] 
[ 238.016][d][vo/gpu/d3d11] [ 35] SPIRV_Cross_Output main(SPIRV_Cross_Input stage_input)
[ 238.016][d][vo/gpu/d3d11] [ 36] {
[ 238.016][d][vo/gpu/d3d11] [ 37]     _18 = stage_input._18;
[ 238.016][d][vo/gpu/d3d11] [ 38]     _28 = stage_input._28;
[ 238.016][d][vo/gpu/d3d11] [ 39]     _31 = stage_input._31;
[ 238.016][d][vo/gpu/d3d11] [ 40]     _34 = stage_input._34;
[ 238.016][d][vo/gpu/d3d11] [ 41]     vert_main();
[ 238.016][d][vo/gpu/d3d11] [ 42]     SPIRV_Cross_Output stage_output;
[ 238.016][d][vo/gpu/d3d11] [ 43]     stage_output.gl_Position = gl_Position;
[ 238.016][d][vo/gpu/d3d11] [ 44]     stage_output._27 = _27;
[ 238.016][d][vo/gpu/d3d11] [ 45]     stage_output._30 = _30;
[ 238.016][d][vo/gpu/d3d11] [ 46]     stage_output._33 = _33;
[ 238.016][d][vo/gpu/d3d11] [ 47]     return stage_output;
[ 238.016][d][vo/gpu/d3d11] [ 48] }
[ 238.018][v][vo/gpu/d3d11] shaderc compile status 'success' (0 errors, 0 warnings)
[ 238.021][v][vo/gpu/d3d11] Compiled a fragment shader in 4900700ns
[ 238.021][v][vo/gpu/d3d11] shaderc: 2383600ns, SPIRV-Cross: 220500ns, D3DCompile: 2296600ns
[ 238.021][d][vo/gpu/d3d11] GLSL source:
[ 238.021][d][vo/gpu/d3d11] [  1] #version 450
[ 238.021][d][vo/gpu/d3d11] [  2] #define tex1D texture
[ 238.021][d][vo/gpu/d3d11] [  3] #define tex3D texture
[ 238.021][d][vo/gpu/d3d11] [  4] #define LUT_POS(x, lut_size) mix(0.5 / (lut_size), 1.0 - 0.5 / (lut_size), (x))
[ 238.021][d][vo/gpu/d3d11] [  5] layout(location=0) out vec4 out_color;
[ 238.021][d][vo/gpu/d3d11] [  6] layout(location=1) in vec2 texcoord0;
[ 238.021][d][vo/gpu/d3d11] [  7] layout(location=2) in vec2 texcoord1;
[ 238.021][d][vo/gpu/d3d11] [  8] layout(location=3) in vec2 texcoord2;
[ 238.021][d][vo/gpu/d3d11] [  9] layout(std140, binding=0) uniform UBO {
[ 238.021][d][vo/gpu/d3d11] [ 10] layout(offset=0) mat3 colormatrix;
[ 238.021][d][vo/gpu/d3d11] [ 11] layout(offset=48) vec3 colormatrix_c;
[ 238.021][d][vo/gpu/d3d11] [ 12] layout(offset=64) vec3 src_luma;
[ 238.021][d][vo/gpu/d3d11] [ 13] layout(offset=80) vec3 dst_luma;
[ 238.021][d][vo/gpu/d3d11] [ 14] layout(offset=96) vec2 texture_size0;
[ 238.021][d][vo/gpu/d3d11] [ 15] layout(offset=112) mat2 texture_rot0;
[ 238.021][d][vo/gpu/d3d11] [ 16] layout(offset=144) vec2 texture_off0;
[ 238.021][d][vo/gpu/d3d11] [ 17] layout(offset=152) vec2 pixel_size0;
[ 238.021][d][vo/gpu/d3d11] [ 18] layout(offset=160) vec2 texture_size1;
[ 238.021][d][vo/gpu/d3d11] [ 19] layout(offset=176) mat2 texture_rot1;
[ 238.021][d][vo/gpu/d3d11] [ 20] layout(offset=208) vec2 texture_off1;
[ 238.021][d][vo/gpu/d3d11] [ 21] layout(offset=216) vec2 pixel_size1;
[ 238.021][d][vo/gpu/d3d11] [ 22] layout(offset=224) vec2 texture_size2;
[ 238.021][d][vo/gpu/d3d11] [ 23] layout(offset=240) mat2 texture_rot2;
[ 238.021][d][vo/gpu/d3d11] [ 24] layout(offset=272) vec2 texture_off2;
[ 238.021][d][vo/gpu/d3d11] [ 25] layout(offset=280) vec2 pixel_size2;
[ 238.021][d][vo/gpu/d3d11] [ 26] };
[ 238.021][d][vo/gpu/d3d11] [ 27] layout(binding=0) uniform sampler2D texture0;
[ 238.021][d][vo/gpu/d3d11] [ 28] layout(binding=1) uniform sampler2D texture1;
[ 238.021][d][vo/gpu/d3d11] [ 29] layout(binding=2) uniform sampler2D texture2;
[ 238.021][d][vo/gpu/d3d11] [ 30] void main() {
[ 238.021][d][vo/gpu/d3d11] [ 31] vec4 color = vec4(0.0, 0.0, 0.0, 1.0);
[ 238.021][d][vo/gpu/d3d11] [ 32] color.r = 1.000000 * vec4(texture(texture0, texcoord0)).r;
[ 238.021][d][vo/gpu/d3d11] [ 33] color.g = 1.000000 * vec4(texture(texture1, texcoord1)).r;
[ 238.021][d][vo/gpu/d3d11] [ 34] color.b = 1.000000 * vec4(texture(texture2, texcoord2)).r;
[ 238.021][d][vo/gpu/d3d11] [ 35] color = color.rgbr;
[ 238.021][d][vo/gpu/d3d11] [ 36] color.rgb = mat3(colormatrix) * color.rgb + colormatrix_c;
[ 238.021][d][vo/gpu/d3d11] [ 37] color.a = 1.0;
[ 238.021][d][vo/gpu/d3d11] [ 38] // color mapping
[ 238.021][d][vo/gpu/d3d11] [ 39] color.rgb *= vec3(1.000000);
[ 238.021][d][vo/gpu/d3d11] [ 40] color.rgb *= vec3(1.000000);
[ 238.021][d][vo/gpu/d3d11] [ 41] out_color = color;
[ 238.021][d][vo/gpu/d3d11] [ 42] }
[ 238.021][d][vo/gpu/d3d11] HLSL source:
[ 238.021][d][vo/gpu/d3d11] [  1] static float4 _130;
[ 238.021][d][vo/gpu/d3d11] [  2] 
[ 238.021][d][vo/gpu/d3d11] [  3] cbuffer _52_54 : register(b0)
[ 238.021][d][vo/gpu/d3d11] [  4] {
[ 238.021][d][vo/gpu/d3d11] [  5]     row_major float3x3 _54_m0 : packoffset(c0);
[ 238.021][d][vo/gpu/d3d11] [  6]     float3 _54_m1 : packoffset(c3);
[ 238.021][d][vo/gpu/d3d11] [  7]     float3 _54_m2 : packoffset(c4);
[ 238.021][d][vo/gpu/d3d11] [  8]     float3 _54_m3 : packoffset(c5);
[ 238.021][d][vo/gpu/d3d11] [  9]     float2 _54_m4 : packoffset(c6);
[ 238.021][d][vo/gpu/d3d11] [ 10]     row_major float2x2 _54_m5 : packoffset(c7);
[ 238.021][d][vo/gpu/d3d11] [ 11]     float2 _54_m6 : packoffset(c9);
[ 238.021][d][vo/gpu/d3d11] [ 12]     float2 _54_m7 : packoffset(c9.z);
[ 238.021][d][vo/gpu/d3d11] [ 13]     float2 _54_m8 : packoffset(c10);
[ 238.021][d][vo/gpu/d3d11] [ 14]     row_major float2x2 _54_m9 : packoffset(c11);
[ 238.021][d][vo/gpu/d3d11] [ 15]     float2 _54_m10 : packoffset(c13);
[ 238.021][d][vo/gpu/d3d11] [ 16]     float2 _54_m11 : packoffset(c13.z);
[ 238.021][d][vo/gpu/d3d11] [ 17]     float2 _54_m12 : packoffset(c14);
[ 238.021][d][vo/gpu/d3d11] [ 18]     row_major float2x2 _54_m13 : packoffset(c15);
[ 238.021][d][vo/gpu/d3d11] [ 19]     float2 _54_m14 : packoffset(c17);
[ 238.021][d][vo/gpu/d3d11] [ 20]     float2 _54_m15 : packoffset(c17.z);
[ 238.021][d][vo/gpu/d3d11] [ 21] };
[ 238.021][d][vo/gpu/d3d11] [ 22] 
[ 238.021][d][vo/gpu/d3d11] [ 23] Texture2D<float4> _16 : register(t0);
[ 238.021][d][vo/gpu/d3d11] [ 24] SamplerState __16_sampler : register(s0);
[ 238.021][d][vo/gpu/d3d11] [ 25] Texture2D<float4> _29 : register(t1);
[ 238.021][d][vo/gpu/d3d11] [ 26] SamplerState __29_sampler : register(s1);
[ 238.021][d][vo/gpu/d3d11] [ 27] Texture2D<float4> _38 : register(t2);
[ 238.021][d][vo/gpu/d3d11] [ 28] SamplerState __38_sampler : register(s2);
[ 238.021][d][vo/gpu/d3d11] [ 29] 
[ 238.021][d][vo/gpu/d3d11] [ 30] static float2 _20;
[ 238.021][d][vo/gpu/d3d11] [ 31] static float2 _31;
[ 238.021][d][vo/gpu/d3d11] [ 32] static float2 _40;
[ 238.021][d][vo/gpu/d3d11] [ 33] static float4 _100;
[ 238.021][d][vo/gpu/d3d11] [ 34] 
[ 238.021][d][vo/gpu/d3d11] [ 35] struct SPIRV_Cross_Input
[ 238.021][d][vo/gpu/d3d11] [ 36] {
[ 238.021][d][vo/gpu/d3d11] [ 37]     float2 _20 : TEXCOORD1;
[ 238.021][d][vo/gpu/d3d11] [ 38]     float2 _31 : TEXCOORD2;
[ 238.021][d][vo/gpu/d3d11] [ 39]     float2 _40 : TEXCOORD3;
[ 238.021][d][vo/gpu/d3d11] [ 40] };
[ 238.021][d][vo/gpu/d3d11] [ 41] 
[ 238.021][d][vo/gpu/d3d11] [ 42] struct SPIRV_Cross_Output
[ 238.021][d][vo/gpu/d3d11] [ 43] {
[ 238.021][d][vo/gpu/d3d11] [ 44]     float4 _100 : SV_Target0;
[ 238.021][d][vo/gpu/d3d11] [ 45] };
[ 238.021][d][vo/gpu/d3d11] [ 46] 
[ 238.021][d][vo/gpu/d3d11] [ 47] void frag_main()
[ 238.021][d][vo/gpu/d3d11] [ 48] {
[ 238.021][d][vo/gpu/d3d11] [ 49]     float4 _103;
[ 238.021][d][vo/gpu/d3d11] [ 50]     _103.x = _16.Sample(__16_sampler, _20).x;
[ 238.021][d][vo/gpu/d3d11] [ 51]     _103.y = _29.Sample(__29_sampler, _31).x;
[ 238.021][d][vo/gpu/d3d11] [ 52]     _103.z = _38.Sample(__38_sampler, _40).x;
[ 238.021][d][vo/gpu/d3d11] [ 53]     float3 _71 = mul(_103.xyz, _54_m0) + _54_m1;
[ 238.021][d][vo/gpu/d3d11] [ 54]     float _73 = _71.x;
[ 238.021][d][vo/gpu/d3d11] [ 55]     float4 _129 = float4(_73, _71.yz, 1.0f);
[ 238.021][d][vo/gpu/d3d11] [ 56]     _129.x = _73;
[ 238.021][d][vo/gpu/d3d11] [ 57]     _129.y = _71.y;
[ 238.021][d][vo/gpu/d3d11] [ 58]     _129.z = _71.z;
[ 238.021][d][vo/gpu/d3d11] [ 59]     _100 = _129;
[ 238.021][d][vo/gpu/d3d11] [ 60] }
[ 238.021][d][vo/gpu/d3d11] [ 61] 
[ 238.021][d][vo/gpu/d3d11] [ 62] SPIRV_Cross_Output main(SPIRV_Cross_Input stage_input)
[ 238.021][d][vo/gpu/d3d11] [ 63] {
[ 238.021][d][vo/gpu/d3d11] [ 64]     _20 = stage_input._20;
[ 238.021][d][vo/gpu/d3d11] [ 65]     _31 = stage_input._31;
[ 238.021][d][vo/gpu/d3d11] [ 66]     _40 = stage_input._40;
[ 238.021][d][vo/gpu/d3d11] [ 67]     frag_main();
[ 238.021][d][vo/gpu/d3d11] [ 68]     SPIRV_Cross_Output stage_output;
[ 238.021][d][vo/gpu/d3d11] [ 69]     stage_output._100 = _100;
[ 238.021][d][vo/gpu/d3d11] [ 70]     return stage_output;
[ 238.021][d][vo/gpu/d3d11] [ 71] }
[ 238.022][v][cplayer] first video frame after restart shown
[ 238.022][d][cplayer] starting video playback
[ 238.022][v][cplayer] playback restart complete @ 0.000000, audio=eof, video=playing (paused)
[ 242.472][v][ipc_136] Client connected
[ 242.472][v][cplayer] Set property: pause=true -> 1
[ 242.472][v][ipc_136] Client disconnected
[ 242.472][d][ipc_136] Destroying client handle...
[ 242.472][v][ipc_137] Client connected
[ 242.472][d][cplayer] Run command: loadfile, flags=64, args=[url="E:\\ВсякоеРазное\\Свалка\\Обои\\Wallsets\\Наборы\\Второй набор\\3765081478 — Misty Sea _ Seyul.mp4", flags="replace", index="-1", options=""]
[ 242.472][v][cplayer] EOF code: 3  
[ 242.472][d][vd] Uninit decoder.
[ 242.472][v][ipc_137] Client disconnected
[ 242.472][d][ipc_137] Destroying client handle...
[ 242.473][v][ipc_138] Client connected
[ 242.499][d][cplayer] Terminating demuxers...
[ 242.500][v][ipc_138] Client disconnected
[ 242.500][d][ipc_138] Destroying client handle...
[ 242.500][d][cplayer] Done terminating demuxers.
[ 242.500][v][cplayer] finished playback, success (reason 2)
[ 242.500][v][cplayer] Running hook: ytdl_hook/on_after_end_file
[ 242.500][v][ipc_139] Client connected
[ 242.501][v][ipc_139] Client disconnected
[ 242.501][d][ipc_139] Destroying client handle...
[ 242.501][d][cplayer] Run command: del, flags=64, args=[name="user-data/mpv/ytdl/json-subprocess-result"]
[ 242.501][d][global] state path: 'watch_later' -> '-'
[ 242.501][v][cplayer] Running hook: ytdl_hook/on_load
[ 242.502][v][cplayer] Running hook: ytdl_hook/on_load
[ 242.502][v][ytdl_hook] playlist hook
[ 242.503][v][ifo_dvda] Opening E:\ВсякоеРазное\Свалка\Обои\Wallsets\Наборы\Второй набор\3765081478 — Misty Sea _ Seyul.mp4
[ 242.503][v][ifo_dvdnav] Opening E:\ВсякоеРазное\Свалка\Обои\Wallsets\Наборы\Второй набор\3765081478 — Misty Sea _ Seyul.mp4
[ 242.503][v][bdmv/bluray] Opening E:\ВсякоеРазное\Свалка\Обои\Wallsets\Наборы\Второй набор\3765081478 — Misty Sea _ Seyul.mp4
[ 242.503][v][file] Opening E:\ВсякоеРазное\Свалка\Обои\Wallsets\Наборы\Второй набор\3765081478 — Misty Sea _ Seyul.mp4
[ 242.503][d][file] resize stream to 131072 bytes, drop 0 bytes
[ 242.503][d][file] Stream opened successfully.
[ 242.503][v][demux] Trying demuxers for level=normal.
[ 242.503][d][demux] Trying demuxer: directory (force-level: normal)
[ 242.504][d][demux] Trying demuxer: disc (force-level: normal)
[ 242.504][d][demux] Trying demuxer: edl (force-level: normal)
[ 242.504][d][demux] Trying demuxer: cue (force-level: normal)
[ 242.504][d][demux] Trying demuxer: rawaudio (force-level: normal)
[ 242.504][d][demux] Trying demuxer: rawvideo (force-level: normal)
[ 242.504][d][demux] Trying demuxer: mkv (force-level: normal)
[ 242.504][d][demux] Trying demuxer: libarchive (force-level: normal)
[ 242.504][d][demux] Trying demuxer: subrandr (force-level: normal)
[ 242.504][d][demux] Trying demuxer: lavf (force-level: normal)
[ 242.506][v][lavf] Found 'mov,mp4,m4a,3gp,3g2,mj2' at score=100 size=2048.
[ 242.508][v][lavf] Could not set AVOption http_persistent='0'
[ 242.508][v][lavf] Could not set AVOption http_multiple='1'
[ 242.508][v][demux] Detected file format: mov,mp4,m4a,3gp,3g2,mj2 (libavformat)
[ 242.508][v][cplayer] Opening done: E:\ВсякоеРазное\Свалка\Обои\Wallsets\Наборы\Второй набор\3765081478 — Misty Sea _ Seyul.mp4
[ 242.508][v][find_files] Loading external files in E:\ВсякоеРазное\Свалка\Обои\Wallsets\Наборы\Второй набор\
[ 242.509][v][cplayer] Running hook: ytdl_hook/on_preloaded
[ 242.509][v][lavf] select track 0
[ 242.509][i][cplayer] ● Video  --vid=1  (h264 3840x2160 30 fps 38671 kbps) [default]
[ 242.509][i][cplayer] ○ Audio  --aid=1  (aac 2ch 44100 Hz 346 kbps) [default]
[ 242.509][i][display-tags] File tags:
[ 242.509][i][display-tags]  Title: Misty Sea | Seyul
[ 242.509][v][vd] Container reported FPS: 30.000000
[ 242.509][v][vd] Codec list:
[ 242.509][v][vd]     h264 - H.264 / AVC / MPEG-4 AVC / MPEG-4 part 10
[ 242.509][v][vd]     h264_qsv (h264) - H264 video (Intel Quick Sync Video acceleration)
[ 242.509][v][vd]     h264_amf (h264) - H264 AMD AMF video decoder
[ 242.509][v][vd]     h264_cuvid (h264) - Nvidia CUVID H264 decoder
[ 242.509][v][vd] Opening decoder h264
[ 242.509][v][vd] Looking at hwdec h264-d3d11va...
[ 242.509][v][vo/gpu] Loading hwdec drivers for format: 'd3d11'
[ 242.509][v][vo/gpu] Loading hwdec driver 'd3d11-egl'
[ 242.509][v][vo/gpu] Loading failed.
[ 242.509][v][vd] Trying hardware decoding via h264-d3d11va.
[ 242.509][v][vd] Requesting 4 threads for decoding.
[ 242.510][v][vd] Selected decoder: h264 - H.264 / AVC / MPEG-4 AVC / MPEG-4 part 10
[ 242.510][v][vf] User filter list:
[ 242.510][v][vf]   (empty)
[ 242.510][v][cplayer] Starting playback...
[ 242.511][v][vd] Pixel formats supported by decoder: vulkan cuda cuarray dxva2_vld d3d11va_vld d3d11 d3d12 vaapi yuv420p
[ 242.511][v][vd] Codec profile: High (0x64)
[ 242.513][v][vd] Allocated a fixed pool of 26 hw surfaces.
[ 242.514][v][vd] Requesting pixfmt 'd3d11' from decoder.
[ 242.514][d][ffmpeg/video] h264: Decoder GUIDs reported as supported:
[ 242.514][d][ffmpeg/video] h264: {86695f12-340e-4f04-9fd3-9253dd327460} 103 106
[ 242.514][d][ffmpeg/video] h264: {ee27417f-5e28-4e65-beea-1d26b508adc9} 103 106
[ 242.514][d][ffmpeg/video] h264: {6f3ec719-3735-42cc-8063-65cc3cb36616} 103 106
[ 242.514][d][ffmpeg/video] h264: {1b81bea4-a0c7-11d3-b984-00c04f2e73c5} 103 106
[ 242.514][d][ffmpeg/video] h264: {1b81bea3-a0c7-11d3-b984-00c04f2e73c5} 103 106
[ 242.515][d][ffmpeg/video] h264: {32fcfe3f-de46-4a49-861b-ac71110649d5} 103 106
[ 242.515][d][ffmpeg/video] h264: {d79be8da-0cf1-4c81-b82a-69a4e236f43d} 103 106
[ 242.515][d][ffmpeg/video] h264: {f9aaccbb-c2b6-4cfc-8779-5707b1760552} 103 106
[ 242.515][d][ffmpeg/video] h264: {1b81be68-a0c7-11d3-b984-00c04f2e73c5} 103 106
[ 242.515][d][ffmpeg/video] h264: {5b11d51b-2f4c-4452-bcc3-09f2a1160cc0} 103 106
[ 242.515][d][ffmpeg/video] h264: {107af0e0-ef1a-4d19-aba8-67a163073d13} 104 106
[ 242.516][d][ffmpeg/video] h264: {1a72925f-0c2c-4f15-96fb-b17d1473603f} 104 106
[ 242.516][d][ffmpeg/video] h264: {15df9b21-06c4-47f1-841e-a67c97d7f312} 103 106
[ 242.516][d][ffmpeg/video] h264: {efd64d74-c9e8-41d7-a5e9-e9b0e39fa319} 103 106
[ 242.516][d][ffmpeg/video] h264: {ed418a9f-010d-4eda-9ae3-9a65358d8d2e} 103 106
[ 242.516][d][ffmpeg/video] h264: {9947ec6f-689b-11dc-a320-0019dbbc4184} 103 106
[ 242.516][d][ffmpeg/video] h264: {33fcfe41-de46-4a49-861b-ac71110649d5} 103 106 107
[ 242.517][d][ffmpeg/video] h264: {463707f8-a1d0-4585-876d-83aa6d60b89e} 103 106
[ 242.517][d][ffmpeg/video] h264: {a4c749ef-6ecf-48aa-8448-50a7a1165ff7} 104 106
[ 242.517][d][ffmpeg/video] h264: {dda19dc7-93b5-49f5-a9b3-2bda28a2ce6e} 104 106
[ 242.517][d][ffmpeg/video] h264: {b8be4ccb-cf53-46ba-8d59-d6b8a6da5d2a} 103 104 106
[ 242.517][d][ffmpeg/video] h264: {6affd11e-1d96-42b1-a215-93a31f09a53d} 103 106
[ 242.517][d][ffmpeg/video] h264: {914c84a3-4078-4fa9-984c-e2f262cb5c9c} 103 106
[ 242.517][d][ffmpeg/video] h264: {8a1a1031-29bc-46d0-a007-e9b092ca6767} 103 106
[ 242.518][d][ffmpeg/video] h264: Reinit context to 3840x2160, pix_fmt: d3d11
[ 242.536][i][vd] Using hardware decoding (d3d11va).
[ 242.536][v][vd] Decoder format: 3840x2160 d3d11[nv12] bt.709/bt.709/srgb/limited/auto CL=mpeg2/4/h264 crop=3840x2160+0+0 A=none
[ 242.536][v][vd] Using container aspect ratio.
[ 242.536][v][vf] [in] 3840x2160 d3d11[nv12] bt.709/bt.709/srgb/limited/display CL=mpeg2/4/h264 crop=3840x2160+0+0 A=none
[ 242.536][v][vf] [userdeint] 3840x2160 d3d11[nv12] bt.709/bt.709/srgb/limited/display CL=mpeg2/4/h264 crop=3840x2160+0+0 A=none
[ 242.536][v][vf] [userdeint] (disabled)
[ 242.536][v][vf] [autovflip] 3840x2160 d3d11[nv12] bt.709/bt.709/srgb/limited/display CL=mpeg2/4/h264 crop=3840x2160+0+0 A=none
[ 242.536][v][vf] [autovflip] (disabled)
[ 242.536][v][vf] [autorotate] 3840x2160 d3d11[nv12] bt.709/bt.709/srgb/limited/display CL=mpeg2/4/h264 crop=3840x2160+0+0 A=none
[ 242.536][v][vf] [autorotate] (disabled)
[ 242.536][v][vf] [convert] 3840x2160 d3d11[nv12] bt.709/bt.709/srgb/limited/display CL=mpeg2/4/h264 crop=3840x2160+0+0 A=none
[ 242.536][v][vo/gpu] Loading hwdec drivers for format: 'd3d11'
[ 242.536][v][vo/gpu] Loading hwdec driver 'd3d11-egl'
[ 242.536][v][vo/gpu] Loading failed.
[ 242.536][d][hwupload] looking at format d3d11/nv12
[ 242.536][d][hwupload]   supports: nv12 p010 bgra x2bgr10 rgbaf16 vuyx yuyv422 y210 xv30 y216 xv48 y212 xv36 yuv420p
[ 242.536][d][hwupload] looking at format d3d11/p010
[ 242.536][d][hwupload]   supports: nv12 p010 bgra x2bgr10 rgbaf16 vuyx yuyv422 y210 xv30 y216 xv48 y212 xv36 yuv420p
[ 242.536][d][hwupload] looking at format d3d11/bgra
[ 242.536][d][hwupload]   supports: nv12 p010 bgra x2bgr10 rgbaf16 vuyx yuyv422 y210 xv30 y216 xv48 y212 xv36 yuv420p
[ 242.536][d][hwupload] looking at format d3d11/x2bgr10
[ 242.536][d][hwupload]   supports: nv12 p010 bgra x2bgr10 rgbaf16 vuyx yuyv422 y210 xv30 y216 xv48 y212 xv36 yuv420p
[ 242.536][d][hwupload] looking at format d3d11/rgbaf16
[ 242.536][d][hwupload]   supports: nv12 p010 bgra x2bgr10 rgbaf16 vuyx yuyv422 y210 xv30 y216 xv48 y212 xv36 yuv420p
[ 242.536][d][hwupload] looking at format d3d11/vuyx
[ 242.536][d][hwupload]   supports: nv12 p010 bgra x2bgr10 rgbaf16 vuyx yuyv422 y210 xv30 y216 xv48 y212 xv36 yuv420p
[ 242.536][d][hwupload] looking at format d3d11/yuyv422
[ 242.536][d][hwupload]   not supported by VO
[ 242.536][d][hwupload] looking at format d3d11/y210
[ 242.536][d][hwupload]   not supported by VO
[ 242.536][d][hwupload] looking at format d3d11/xv30
[ 242.536][d][hwupload]   supports: nv12 p010 bgra x2bgr10 rgbaf16 vuyx yuyv422 y210 xv30 y216 xv48 y212 xv36 yuv420p
[ 242.536][d][hwupload] looking at format d3d11/y216
[ 242.536][d][hwupload]   not supported by VO
[ 242.536][d][hwupload] looking at format d3d11/xv48
[ 242.536][d][hwupload]   supports: nv12 p010 bgra x2bgr10 rgbaf16 vuyx yuyv422 y210 xv30 y216 xv48 y212 xv36 yuv420p
[ 242.536][d][hwupload] looking at format d3d11/y212
[ 242.536][d][hwupload]   not supported by VO
[ 242.536][d][hwupload] looking at format d3d11/xv36
[ 242.536][d][hwupload]   supports: nv12 p010 bgra x2bgr10 rgbaf16 vuyx yuyv422 y210 xv30 y216 xv48 y212 xv36 yuv420p
[ 242.536][d][hwupload] looking at format d3d11/yuv420p
[ 242.536][d][hwupload]   not supported by VO
[ 242.536][v][vf] [out] 3840x2160 d3d11[nv12] bt.709/bt.709/srgb/limited/display CL=mpeg2/4/h264 crop=3840x2160+0+0 A=none
[ 242.537][i][cplayer] VO: [gpu] 3840x2160 d3d11[nv12]
[ 242.537][v][cplayer] VO: Description: Shader-based GPU Renderer
[ 242.537][v][vo/gpu] reconfig to 3840x2160 d3d11[nv12] bt.709/bt.709/srgb/limited/display CL=mpeg2/4/h264 crop=3840x2160+0+0 A=none
[ 242.537][d][vo/gpu] max content size: 1920x1140
[ 242.537][d][vo/gpu] monitor size: 1920x1200
[ 242.542][v][vo/gpu] Resize: 1920x1200
[ 242.542][v][vo/gpu] Window size: 1920x1200 (Borders: l=0 t=0 r=0 b=0)
[ 242.542][v][vo/gpu] Video source: 3840x2160 (1:1)
[ 242.542][v][vo/gpu] Video display: (190, 0) 3458x2160 -> (0, 0) 1920x1200
[ 242.542][v][vo/gpu] Video scale: 0.555234/0.555556
[ 242.542][v][vo/gpu] OSD borders: l=-106 t=0 r=-107 b=0
[ 242.542][v][vo/gpu] Video borders: l=0 t=0 r=0 b=0
[ 242.542][v][vo/gpu] Reported display depth: 8
[ 242.542][v][vo/gpu] Testing FBO format rgba16hf
[ 242.542][d][vo/gpu] Resizing texture: 16x16
[ 242.542][v][vo/gpu] Using FBO format rgba16hf.
[ 242.542][v][vo/gpu] No advanced processing required. Enabling dumb mode.
[ 242.544][v][vo/gpu] Resize: 1920x1200
[ 242.544][v][vo/gpu] Window size: 1920x1200 (Borders: l=0 t=0 r=0 b=0)
[ 242.544][v][vo/gpu] Video source: 3840x2160 (1:1)
[ 242.544][v][vo/gpu] Video display: (190, 0) 3458x2160 -> (0, 0) 1920x1200
[ 242.544][v][vo/gpu] Video scale: 0.555234/0.555556
[ 242.544][v][vo/gpu] OSD borders: l=-106 t=0 r=-107 b=0
[ 242.544][v][vo/gpu] Video borders: l=0 t=0 r=0 b=0
[ 242.544][v][vo/gpu] Reported display depth: 8
[ 242.544][v][cplayer] first video frame after restart shown
[ 242.544][d][cplayer] starting video playback
[ 242.544][v][cplayer] playback restart complete @ 0.000000, audio=eof, video=playing (paused)
[ 247.490][v][ipc_140] Client connected
[ 247.490][v][cplayer] Set property: pause=true -> 1
[ 247.490][v][ipc_140] Client disconnected
[ 247.490][d][ipc_140] Destroying client handle...
[ 247.491][v][ipc_141] Client connected
[ 247.491][d][cplayer] Run command: loadfile, flags=64, args=[url="E:\\ВсякоеРазное\\Свалка\\Обои\\Wallsets\\Наборы\\Второй набор\\3782170906 — Blue sky.mp4", flags="replace", index="-1", options=""]
[ 247.491][v][ipc_141] Client disconnected
[ 247.491][v][cplayer] EOF code: 3  
[ 247.491][d][vd] Uninit decoder.
[ 247.491][d][ipc_141] Destroying client handle...
[ 247.493][v][ipc_142] Client connected
[ 247.494][d][cplayer] Terminating demuxers...
[ 247.494][v][ipc_142] Client disconnected
[ 247.494][d][ipc_142] Destroying client handle...
[ 247.494][d][cplayer] Done terminating demuxers.
[ 247.494][v][cplayer] finished playback, success (reason 2)
[ 247.494][v][cplayer] Running hook: ytdl_hook/on_after_end_file
[ 247.495][v][ipc_143] Client connected
[ 247.495][v][ipc_143] Client disconnected
[ 247.495][d][ipc_143] Destroying client handle...
[ 247.496][d][cplayer] Run command: del, flags=64, args=[name="user-data/mpv/ytdl/json-subprocess-result"]
[ 247.496][d][global] state path: 'watch_later' -> '-'
[ 247.496][v][cplayer] Running hook: ytdl_hook/on_load
[ 247.497][v][cplayer] Running hook: ytdl_hook/on_load
[ 247.497][v][ytdl_hook] playlist hook
[ 247.498][v][ifo_dvda] Opening E:\ВсякоеРазное\Свалка\Обои\Wallsets\Наборы\Второй набор\3782170906 — Blue sky.mp4
[ 247.498][v][ifo_dvdnav] Opening E:\ВсякоеРазное\Свалка\Обои\Wallsets\Наборы\Второй набор\3782170906 — Blue sky.mp4
[ 247.498][v][bdmv/bluray] Opening E:\ВсякоеРазное\Свалка\Обои\Wallsets\Наборы\Второй набор\3782170906 — Blue sky.mp4
[ 247.498][v][file] Opening E:\ВсякоеРазное\Свалка\Обои\Wallsets\Наборы\Второй набор\3782170906 — Blue sky.mp4
[ 247.498][d][file] resize stream to 131072 bytes, drop 0 bytes
[ 247.498][d][file] Stream opened successfully.
[ 247.498][v][demux] Trying demuxers for level=normal.
[ 247.498][d][demux] Trying demuxer: directory (force-level: normal)
[ 247.498][d][demux] Trying demuxer: disc (force-level: normal)
[ 247.498][d][demux] Trying demuxer: edl (force-level: normal)
[ 247.498][d][demux] Trying demuxer: cue (force-level: normal)
[ 247.498][d][demux] Trying demuxer: rawaudio (force-level: normal)
[ 247.498][d][demux] Trying demuxer: rawvideo (force-level: normal)
[ 247.498][d][demux] Trying demuxer: mkv (force-level: normal)
[ 247.498][d][demux] Trying demuxer: libarchive (force-level: normal)
[ 247.498][d][demux] Trying demuxer: subrandr (force-level: normal)
[ 247.498][d][demux] Trying demuxer: lavf (force-level: normal)
[ 247.500][v][lavf] Found 'mov,mp4,m4a,3gp,3g2,mj2' at score=100 size=2048.
[ 247.502][v][lavf] Could not set AVOption http_persistent='0'
[ 247.502][v][lavf] Could not set AVOption http_multiple='1'
[ 247.502][v][demux] Detected file format: mov,mp4,m4a,3gp,3g2,mj2 (libavformat)
[ 247.502][v][cplayer] Opening done: E:\ВсякоеРазное\Свалка\Обои\Wallsets\Наборы\Второй набор\3782170906 — Blue sky.mp4
[ 247.502][v][find_files] Loading external files in E:\ВсякоеРазное\Свалка\Обои\Wallsets\Наборы\Второй набор\
[ 247.503][v][cplayer] Running hook: ytdl_hook/on_preloaded
[ 247.503][v][lavf] select track 0
[ 247.503][i][cplayer] ● Video  --vid=1  (h264 1920x1080 30 fps 5417 kbps) [default]
[ 247.503][i][cplayer] ○ Audio  --aid=1  (aac 2ch 44100 Hz 192 kbps) [default]
[ 247.503][i][display-tags] File tags:
[ 247.503][i][display-tags]  Title: Blue sky
[ 247.504][v][vd] Container reported FPS: 30.000000
[ 247.504][v][vd] Codec list:
[ 247.504][v][vd]     h264 - H.264 / AVC / MPEG-4 AVC / MPEG-4 part 10
[ 247.504][v][vd]     h264_qsv (h264) - H264 video (Intel Quick Sync Video acceleration)
[ 247.504][v][vd]     h264_amf (h264) - H264 AMD AMF video decoder
[ 247.504][v][vd]     h264_cuvid (h264) - Nvidia CUVID H264 decoder
[ 247.504][v][vd] Opening decoder h264
[ 247.504][v][vd] Looking at hwdec h264-d3d11va...
[ 247.504][v][vo/gpu] Loading hwdec drivers for format: 'd3d11'
[ 247.504][v][vo/gpu] Loading hwdec driver 'd3d11-egl'
[ 247.504][v][vo/gpu] Loading failed.
[ 247.504][v][vd] Trying hardware decoding via h264-d3d11va.
[ 247.504][v][vd] Requesting 4 threads for decoding.
[ 247.504][v][vd] Selected decoder: h264 - H.264 / AVC / MPEG-4 AVC / MPEG-4 part 10
[ 247.504][v][vf] User filter list:
[ 247.504][v][vf]   (empty)
[ 247.504][v][cplayer] Starting playback...
[ 247.506][v][vd] Pixel formats supported by decoder: vulkan cuda cuarray dxva2_vld d3d11va_vld d3d11 d3d12 vaapi yuv420p
[ 247.506][v][vd] Codec profile: High (0x64)
[ 247.508][v][vd] Allocated a fixed pool of 26 hw surfaces.
[ 247.508][v][vd] Requesting pixfmt 'd3d11' from decoder.
[ 247.508][d][ffmpeg/video] h264: Decoder GUIDs reported as supported:
[ 247.508][d][ffmpeg/video] h264: {86695f12-340e-4f04-9fd3-9253dd327460} 103 106
[ 247.508][d][ffmpeg/video] h264: {ee27417f-5e28-4e65-beea-1d26b508adc9} 103 106
[ 247.508][d][ffmpeg/video] h264: {6f3ec719-3735-42cc-8063-65cc3cb36616} 103 106
[ 247.508][d][ffmpeg/video] h264: {1b81bea4-a0c7-11d3-b984-00c04f2e73c5} 103 106
[ 247.509][d][ffmpeg/video] h264: {1b81bea3-a0c7-11d3-b984-00c04f2e73c5} 103 106
[ 247.509][d][ffmpeg/video] h264: {32fcfe3f-de46-4a49-861b-ac71110649d5} 103 106
[ 247.509][d][ffmpeg/video] h264: {d79be8da-0cf1-4c81-b82a-69a4e236f43d} 103 106
[ 247.509][d][ffmpeg/video] h264: {f9aaccbb-c2b6-4cfc-8779-5707b1760552} 103 106
[ 247.509][d][ffmpeg/video] h264: {1b81be68-a0c7-11d3-b984-00c04f2e73c5} 103 106
[ 247.510][d][ffmpeg/video] h264: {5b11d51b-2f4c-4452-bcc3-09f2a1160cc0} 103 106
[ 247.510][d][ffmpeg/video] h264: {107af0e0-ef1a-4d19-aba8-67a163073d13} 104 106
[ 247.510][d][ffmpeg/video] h264: {1a72925f-0c2c-4f15-96fb-b17d1473603f} 104 106
[ 247.510][d][ffmpeg/video] h264: {15df9b21-06c4-47f1-841e-a67c97d7f312} 103 106
[ 247.510][d][ffmpeg/video] h264: {efd64d74-c9e8-41d7-a5e9-e9b0e39fa319} 103 106
[ 247.511][d][ffmpeg/video] h264: {ed418a9f-010d-4eda-9ae3-9a65358d8d2e} 103 106
[ 247.511][d][ffmpeg/video] h264: {9947ec6f-689b-11dc-a320-0019dbbc4184} 103 106
[ 247.511][d][ffmpeg/video] h264: {33fcfe41-de46-4a49-861b-ac71110649d5} 103 106 107
[ 247.511][d][ffmpeg/video] h264: {463707f8-a1d0-4585-876d-83aa6d60b89e} 103 106
[ 247.512][d][ffmpeg/video] h264: {a4c749ef-6ecf-48aa-8448-50a7a1165ff7} 104 106
[ 247.512][d][ffmpeg/video] h264: {dda19dc7-93b5-49f5-a9b3-2bda28a2ce6e} 104 106
[ 247.512][d][ffmpeg/video] h264: {b8be4ccb-cf53-46ba-8d59-d6b8a6da5d2a} 103 104 106
[ 247.512][d][ffmpeg/video] h264: {6affd11e-1d96-42b1-a215-93a31f09a53d} 103 106
[ 247.513][d][ffmpeg/video] h264: {914c84a3-4078-4fa9-984c-e2f262cb5c9c} 103 106
[ 247.513][d][ffmpeg/video] h264: {8a1a1031-29bc-46d0-a007-e9b092ca6767} 103 106
[ 247.514][d][ffmpeg/video] h264: Reinit context to 1920x1088, pix_fmt: d3d11
[ 247.523][i][vd] Using hardware decoding (d3d11va).
[ 247.523][v][vd] Decoder format: 1920x1080 d3d11[nv12] bt.709/bt.709/srgb/limited/auto CL=mpeg2/4/h264 crop=1920x1080+0+0 A=none
[ 247.523][v][vd] Using container aspect ratio.
[ 247.523][v][vf] [in] 1920x1080 d3d11[nv12] bt.709/bt.709/srgb/limited/display CL=mpeg2/4/h264 crop=1920x1080+0+0 A=none
[ 247.523][v][vf] [userdeint] 1920x1080 d3d11[nv12] bt.709/bt.709/srgb/limited/display CL=mpeg2/4/h264 crop=1920x1080+0+0 A=none
[ 247.523][v][vf] [userdeint] (disabled)
[ 247.523][v][vf] [autovflip] 1920x1080 d3d11[nv12] bt.709/bt.709/srgb/limited/display CL=mpeg2/4/h264 crop=1920x1080+0+0 A=none
[ 247.523][v][vf] [autovflip] (disabled)
[ 247.523][v][vf] [autorotate] 1920x1080 d3d11[nv12] bt.709/bt.709/srgb/limited/display CL=mpeg2/4/h264 crop=1920x1080+0+0 A=none
[ 247.523][v][vf] [autorotate] (disabled)
[ 247.523][v][vf] [convert] 1920x1080 d3d11[nv12] bt.709/bt.709/srgb/limited/display CL=mpeg2/4/h264 crop=1920x1080+0+0 A=none
[ 247.523][v][vo/gpu] Loading hwdec drivers for format: 'd3d11'
[ 247.523][v][vo/gpu] Loading hwdec driver 'd3d11-egl'
[ 247.523][v][vo/gpu] Loading failed.
[ 247.523][d][hwupload] looking at format d3d11/nv12
[ 247.523][d][hwupload]   supports: nv12 p010 bgra x2bgr10 rgbaf16 vuyx yuyv422 y210 xv30 y216 xv48 y212 xv36 yuv420p
[ 247.523][d][hwupload] looking at format d3d11/p010
[ 247.523][d][hwupload]   supports: nv12 p010 bgra x2bgr10 rgbaf16 vuyx yuyv422 y210 xv30 y216 xv48 y212 xv36 yuv420p
[ 247.523][d][hwupload] looking at format d3d11/bgra
[ 247.523][d][hwupload]   supports: nv12 p010 bgra x2bgr10 rgbaf16 vuyx yuyv422 y210 xv30 y216 xv48 y212 xv36 yuv420p
[ 247.523][d][hwupload] looking at format d3d11/x2bgr10
[ 247.523][d][hwupload]   supports: nv12 p010 bgra x2bgr10 rgbaf16 vuyx yuyv422 y210 xv30 y216 xv48 y212 xv36 yuv420p
[ 247.523][d][hwupload] looking at format d3d11/rgbaf16
[ 247.523][d][hwupload]   supports: nv12 p010 bgra x2bgr10 rgbaf16 vuyx yuyv422 y210 xv30 y216 xv48 y212 xv36 yuv420p
[ 247.523][d][hwupload] looking at format d3d11/vuyx
[ 247.523][d][hwupload]   supports: nv12 p010 bgra x2bgr10 rgbaf16 vuyx yuyv422 y210 xv30 y216 xv48 y212 xv36 yuv420p
[ 247.523][d][hwupload] looking at format d3d11/yuyv422
[ 247.523][d][hwupload]   not supported by VO
[ 247.523][d][hwupload] looking at format d3d11/y210
[ 247.523][d][hwupload]   not supported by VO
[ 247.523][d][hwupload] looking at format d3d11/xv30
[ 247.523][d][hwupload]   supports: nv12 p010 bgra x2bgr10 rgbaf16 vuyx yuyv422 y210 xv30 y216 xv48 y212 xv36 yuv420p
[ 247.523][d][hwupload] looking at format d3d11/y216
[ 247.523][d][hwupload]   not supported by VO
[ 247.523][d][hwupload] looking at format d3d11/xv48
[ 247.523][d][hwupload]   supports: nv12 p010 bgra x2bgr10 rgbaf16 vuyx yuyv422 y210 xv30 y216 xv48 y212 xv36 yuv420p
[ 247.523][d][hwupload] looking at format d3d11/y212
[ 247.523][d][hwupload]   not supported by VO
[ 247.523][d][hwupload] looking at format d3d11/xv36
[ 247.523][d][hwupload]   supports: nv12 p010 bgra x2bgr10 rgbaf16 vuyx yuyv422 y210 xv30 y216 xv48 y212 xv36 yuv420p
[ 247.523][d][hwupload] looking at format d3d11/yuv420p
[ 247.523][d][hwupload]   not supported by VO
[ 247.523][v][vf] [out] 1920x1080 d3d11[nv12] bt.709/bt.709/srgb/limited/display CL=mpeg2/4/h264 crop=1920x1080+0+0 A=none
[ 247.524][i][cplayer] VO: [gpu] 1920x1080 d3d11[nv12]
[ 247.524][v][cplayer] VO: Description: Shader-based GPU Renderer
[ 247.524][v][vo/gpu] reconfig to 1920x1080 d3d11[nv12] bt.709/bt.709/srgb/limited/display CL=mpeg2/4/h264 crop=1920x1080+0+0 A=none
[ 247.524][d][vo/gpu] max content size: 1920x1140
[ 247.524][d][vo/gpu] monitor size: 1920x1200
[ 247.525][v][vo/gpu] Resize: 1920x1200
[ 247.525][v][vo/gpu] Window size: 1920x1200 (Borders: l=0 t=0 r=0 b=0)
[ 247.525][v][vo/gpu] Video source: 1920x1080 (1:1)
[ 247.525][v][vo/gpu] Video display: (95, 0) 1729x1080 -> (0, 0) 1920x1200
[ 247.525][v][vo/gpu] Video scale: 1.110468/1.111111
[ 247.525][v][vo/gpu] OSD borders: l=-106 t=0 r=-107 b=0
[ 247.525][v][vo/gpu] Video borders: l=0 t=0 r=0 b=0
[ 247.525][v][vo/gpu] Reported display depth: 8
[ 247.525][v][vo/gpu] Testing FBO format rgba16hf
[ 247.525][d][vo/gpu] Resizing texture: 16x16
[ 247.525][v][vo/gpu] Using FBO format rgba16hf.
[ 247.525][v][vo/gpu] No advanced processing required. Enabling dumb mode.
[ 247.526][v][vo/gpu] Resize: 1920x1200
[ 247.526][v][vo/gpu] Window size: 1920x1200 (Borders: l=0 t=0 r=0 b=0)
[ 247.526][v][vo/gpu] Video source: 1920x1080 (1:1)
[ 247.526][v][vo/gpu] Video display: (95, 0) 1729x1080 -> (0, 0) 1920x1200
[ 247.526][v][vo/gpu] Video scale: 1.110468/1.111111
[ 247.526][v][vo/gpu] OSD borders: l=-106 t=0 r=-107 b=0
[ 247.526][v][vo/gpu] Video borders: l=0 t=0 r=0 b=0
[ 247.526][v][vo/gpu] Reported display depth: 8
[ 247.529][v][cplayer] first video frame after restart shown
[ 247.529][d][cplayer] starting video playback
[ 247.529][v][cplayer] playback restart complete @ 0.000000, audio=eof, video=playing (paused)
[ 252.483][v][ipc_144] Client connected
[ 252.483][v][cplayer] Set property: pause=true -> 1
[ 252.484][v][ipc_144] Client disconnected
[ 252.484][d][ipc_144] Destroying client handle...
[ 252.484][v][ipc_145] Client connected
[ 252.484][d][cplayer] Run command: loadfile, flags=64, args=[url="E:\\ВсякоеРазное\\Свалка\\Обои\\Wallsets\\Наборы\\Второй набор\\archangel-michael_134837d2b8 — Archangel Michael.mp4", flags="replace", index="-1", options=""]
[ 252.484][v][cplayer] EOF code: 3  
[ 252.484][d][vd] Uninit decoder.
[ 252.484][v][ipc_145] Client disconnected
[ 252.484][d][ipc_145] Destroying client handle...
[ 252.485][v][ipc_146] Client connected
[ 252.486][d][cplayer] Terminating demuxers...
[ 252.487][d][cplayer] Done terminating demuxers.
[ 252.487][v][cplayer] finished playback, success (reason 2)
[ 252.487][v][cplayer] Running hook: ytdl_hook/on_after_end_file
[ 252.487][v][ipc_146] Client disconnected
[ 252.487][d][ipc_146] Destroying client handle...
[ 252.487][d][cplayer] Run command: del, flags=64, args=[name="user-data/mpv/ytdl/json-subprocess-result"]
[ 252.487][v][ipc_147] Client connected
[ 252.487][v][ipc_147] Client disconnected
[ 252.487][d][ipc_147] Destroying client handle...
[ 252.488][d][global] state path: 'watch_later' -> '-'
[ 252.488][v][cplayer] Running hook: ytdl_hook/on_load
[ 252.490][v][cplayer] Running hook: ytdl_hook/on_load
[ 252.490][v][ytdl_hook] playlist hook
[ 252.490][v][ifo_dvda] Opening E:\ВсякоеРазное\Свалка\Обои\Wallsets\Наборы\Второй набор\archangel-michael_134837d2b8 — Archangel Michael.mp4
[ 252.491][v][ifo_dvdnav] Opening E:\ВсякоеРазное\Свалка\Обои\Wallsets\Наборы\Второй набор\archangel-michael_134837d2b8 — Archangel Michael.mp4
[ 252.491][v][bdmv/bluray] Opening E:\ВсякоеРазное\Свалка\Обои\Wallsets\Наборы\Второй набор\archangel-michael_134837d2b8 — Archangel Michael.mp4
[ 252.491][v][file] Opening E:\ВсякоеРазное\Свалка\Обои\Wallsets\Наборы\Второй набор\archangel-michael_134837d2b8 — Archangel Michael.mp4
[ 252.491][d][file] resize stream to 131072 bytes, drop 0 bytes
[ 252.491][d][file] Stream opened successfully.
[ 252.491][v][demux] Trying demuxers for level=normal.
[ 252.491][d][demux] Trying demuxer: directory (force-level: normal)
[ 252.491][d][demux] Trying demuxer: disc (force-level: normal)
[ 252.491][d][demux] Trying demuxer: edl (force-level: normal)
[ 252.491][d][demux] Trying demuxer: cue (force-level: normal)
[ 252.491][d][demux] Trying demuxer: rawaudio (force-level: normal)
[ 252.491][d][demux] Trying demuxer: rawvideo (force-level: normal)
[ 252.491][d][demux] Trying demuxer: mkv (force-level: normal)
[ 252.491][d][demux] Trying demuxer: libarchive (force-level: normal)
[ 252.491][d][demux] Trying demuxer: subrandr (force-level: normal)
[ 252.491][d][demux] Trying demuxer: lavf (force-level: normal)
[ 252.493][v][lavf] Found 'mov,mp4,m4a,3gp,3g2,mj2' at score=100 size=2048.
[ 252.494][v][file] stream level seek from 131072 to 119047378
[ 252.494][v][lavf] Could not set AVOption http_persistent='0'
[ 252.494][v][lavf] Could not set AVOption http_multiple='1'
[ 252.494][v][demux] Detected file format: mov,mp4,m4a,3gp,3g2,mj2 (libavformat)
[ 252.494][v][cplayer] Opening done: E:\ВсякоеРазное\Свалка\Обои\Wallsets\Наборы\Второй набор\archangel-michael_134837d2b8 — Archangel Michael.mp4
[ 252.495][v][find_files] Loading external files in E:\ВсякоеРазное\Свалка\Обои\Wallsets\Наборы\Второй набор\
[ 252.497][v][cplayer] Running hook: ytdl_hook/on_preloaded
[ 252.497][v][lavf] select track 0
[ 252.497][i][cplayer] ● Video  --vid=1  (h264 1920x1080 29.97 fps 6974 kbps) [default]
[ 252.497][i][cplayer] ○ Audio  --aid=1  (aac 2ch 48000 Hz 195 kbps) [default]
[ 252.497][v][vd] Container reported FPS: 29.970023
[ 252.497][v][vd] Codec list:
[ 252.497][v][vd]     h264 - H.264 / AVC / MPEG-4 AVC / MPEG-4 part 10
[ 252.497][v][vd]     h264_qsv (h264) - H264 video (Intel Quick Sync Video acceleration)
[ 252.497][v][vd]     h264_amf (h264) - H264 AMD AMF video decoder
[ 252.497][v][vd]     h264_cuvid (h264) - Nvidia CUVID H264 decoder
[ 252.497][v][vd] Opening decoder h264
[ 252.497][v][vd] Looking at hwdec h264-d3d11va...
[ 252.497][v][vo/gpu] Loading hwdec drivers for format: 'd3d11'
[ 252.497][v][vo/gpu] Loading hwdec driver 'd3d11-egl'
[ 252.497][v][vo/gpu] Loading failed.
[ 252.497][v][vd] Trying hardware decoding via h264-d3d11va.
[ 252.497][v][vd] Requesting 4 threads for decoding.
[ 252.497][v][vd] Selected decoder: h264 - H.264 / AVC / MPEG-4 AVC / MPEG-4 part 10
[ 252.497][v][vf] User filter list:
[ 252.497][v][vf]   (empty)
[ 252.498][v][cplayer] Starting playback...
[ 252.498][v][file] stream level seek from 119097371 to 79
[ 252.499][v][vd] Pixel formats supported by decoder: vulkan cuda cuarray dxva2_vld d3d11va_vld d3d11 d3d12 vaapi yuv420p
[ 252.499][v][vd] Codec profile: Constrained Baseline (0x242)
[ 252.500][v][vd] Allocated a fixed pool of 26 hw surfaces.
[ 252.500][v][vd] Requesting pixfmt 'd3d11' from decoder.
[ 252.500][d][ffmpeg/video] h264: Decoder GUIDs reported as supported:
[ 252.500][d][ffmpeg/video] h264: {86695f12-340e-4f04-9fd3-9253dd327460} 103 106
[ 252.501][d][ffmpeg/video] h264: {ee27417f-5e28-4e65-beea-1d26b508adc9} 103 106
[ 252.501][d][ffmpeg/video] h264: {6f3ec719-3735-42cc-8063-65cc3cb36616} 103 106
[ 252.501][d][ffmpeg/video] h264: {1b81bea4-a0c7-11d3-b984-00c04f2e73c5} 103 106
[ 252.501][d][ffmpeg/video] h264: {1b81bea3-a0c7-11d3-b984-00c04f2e73c5} 103 106
[ 252.502][d][ffmpeg/video] h264: {32fcfe3f-de46-4a49-861b-ac71110649d5} 103 106
[ 252.502][d][ffmpeg/video] h264: {d79be8da-0cf1-4c81-b82a-69a4e236f43d} 103 106
[ 252.502][d][ffmpeg/video] h264: {f9aaccbb-c2b6-4cfc-8779-5707b1760552} 103 106
[ 252.502][d][ffmpeg/video] h264: {1b81be68-a0c7-11d3-b984-00c04f2e73c5} 103 106
[ 252.503][d][ffmpeg/video] h264: {5b11d51b-2f4c-4452-bcc3-09f2a1160cc0} 103 106
[ 252.503][d][ffmpeg/video] h264: {107af0e0-ef1a-4d19-aba8-67a163073d13} 104 106
[ 252.503][d][ffmpeg/video] h264: {1a72925f-0c2c-4f15-96fb-b17d1473603f} 104 106
[ 252.503][d][ffmpeg/video] h264: {15df9b21-06c4-47f1-841e-a67c97d7f312} 103 106
[ 252.503][d][ffmpeg/video] h264: {efd64d74-c9e8-41d7-a5e9-e9b0e39fa319} 103 106
[ 252.504][d][ffmpeg/video] h264: {ed418a9f-010d-4eda-9ae3-9a65358d8d2e} 103 106
[ 252.504][d][ffmpeg/video] h264: {9947ec6f-689b-11dc-a320-0019dbbc4184} 103 106
[ 252.504][d][ffmpeg/video] h264: {33fcfe41-de46-4a49-861b-ac71110649d5} 103 106 107
[ 252.504][d][ffmpeg/video] h264: {463707f8-a1d0-4585-876d-83aa6d60b89e} 103 106
[ 252.504][d][ffmpeg/video] h264: {a4c749ef-6ecf-48aa-8448-50a7a1165ff7} 104 106
[ 252.504][d][ffmpeg/video] h264: {dda19dc7-93b5-49f5-a9b3-2bda28a2ce6e} 104 106
[ 252.505][d][ffmpeg/video] h264: {b8be4ccb-cf53-46ba-8d59-d6b8a6da5d2a} 103 104 106
[ 252.505][d][ffmpeg/video] h264: {6affd11e-1d96-42b1-a215-93a31f09a53d} 103 106
[ 252.505][d][ffmpeg/video] h264: {914c84a3-4078-4fa9-984c-e2f262cb5c9c} 103 106
[ 252.505][d][ffmpeg/video] h264: {8a1a1031-29bc-46d0-a007-e9b092ca6767} 103 106
[ 252.506][d][ffmpeg/video] h264: Reinit context to 1920x1088, pix_fmt: d3d11
[ 252.508][i][vd] Using hardware decoding (d3d11va).
[ 252.508][v][vd] Decoder format: 1920x1080 [0:1] d3d11[nv12] auto/auto/auto/auto/auto CL=mpeg2/4/h264 crop=1920x1080+0+0 A=none
[ 252.508][v][vf] [in] 1920x1080 d3d11[nv12] bt.709/bt.709/bt.1886/limited/display CL=mpeg2/4/h264 crop=1920x1080+0+0 A=none
[ 252.508][v][vf] [userdeint] 1920x1080 d3d11[nv12] bt.709/bt.709/bt.1886/limited/display CL=mpeg2/4/h264 crop=1920x1080+0+0 A=none
[ 252.508][v][vf] [userdeint] (disabled)
[ 252.508][v][vf] [autovflip] 1920x1080 d3d11[nv12] bt.709/bt.709/bt.1886/limited/display CL=mpeg2/4/h264 crop=1920x1080+0+0 A=none
[ 252.508][v][vf] [autovflip] (disabled)
[ 252.508][v][vf] [autorotate] 1920x1080 d3d11[nv12] bt.709/bt.709/bt.1886/limited/display CL=mpeg2/4/h264 crop=1920x1080+0+0 A=none
[ 252.508][v][vf] [autorotate] (disabled)
[ 252.508][v][vf] [convert] 1920x1080 d3d11[nv12] bt.709/bt.709/bt.1886/limited/display CL=mpeg2/4/h264 crop=1920x1080+0+0 A=none
[ 252.508][v][vo/gpu] Loading hwdec drivers for format: 'd3d11'
[ 252.508][v][vo/gpu] Loading hwdec driver 'd3d11-egl'
[ 252.508][v][vo/gpu] Loading failed.
[ 252.508][d][hwupload] looking at format d3d11/nv12
[ 252.508][d][hwupload]   supports: nv12 p010 bgra x2bgr10 rgbaf16 vuyx yuyv422 y210 xv30 y216 xv48 y212 xv36 yuv420p
[ 252.508][d][hwupload] looking at format d3d11/p010
[ 252.508][d][hwupload]   supports: nv12 p010 bgra x2bgr10 rgbaf16 vuyx yuyv422 y210 xv30 y216 xv48 y212 xv36 yuv420p
[ 252.508][d][hwupload] looking at format d3d11/bgra
[ 252.508][d][hwupload]   supports: nv12 p010 bgra x2bgr10 rgbaf16 vuyx yuyv422 y210 xv30 y216 xv48 y212 xv36 yuv420p
[ 252.508][d][hwupload] looking at format d3d11/x2bgr10
[ 252.508][d][hwupload]   supports: nv12 p010 bgra x2bgr10 rgbaf16 vuyx yuyv422 y210 xv30 y216 xv48 y212 xv36 yuv420p
[ 252.508][d][hwupload] looking at format d3d11/rgbaf16
[ 252.508][d][hwupload]   supports: nv12 p010 bgra x2bgr10 rgbaf16 vuyx yuyv422 y210 xv30 y216 xv48 y212 xv36 yuv420p
[ 252.508][d][hwupload] looking at format d3d11/vuyx
[ 252.508][d][hwupload]   supports: nv12 p010 bgra x2bgr10 rgbaf16 vuyx yuyv422 y210 xv30 y216 xv48 y212 xv36 yuv420p
[ 252.508][d][hwupload] looking at format d3d11/yuyv422
[ 252.508][d][hwupload]   not supported by VO
[ 252.508][d][hwupload] looking at format d3d11/y210
[ 252.508][d][hwupload]   not supported by VO
[ 252.508][d][hwupload] looking at format d3d11/xv30
[ 252.508][d][hwupload]   supports: nv12 p010 bgra x2bgr10 rgbaf16 vuyx yuyv422 y210 xv30 y216 xv48 y212 xv36 yuv420p
[ 252.508][d][hwupload] looking at format d3d11/y216
[ 252.508][d][hwupload]   not supported by VO
[ 252.508][d][hwupload] looking at format d3d11/xv48
[ 252.508][d][hwupload]   supports: nv12 p010 bgra x2bgr10 rgbaf16 vuyx yuyv422 y210 xv30 y216 xv48 y212 xv36 yuv420p
[ 252.508][d][hwupload] looking at format d3d11/y212
[ 252.508][d][hwupload]   not supported by VO
[ 252.508][d][hwupload] looking at format d3d11/xv36
[ 252.508][d][hwupload]   supports: nv12 p010 bgra x2bgr10 rgbaf16 vuyx yuyv422 y210 xv30 y216 xv48 y212 xv36 yuv420p
[ 252.508][d][hwupload] looking at format d3d11/yuv420p
[ 252.508][d][hwupload]   not supported by VO
[ 252.508][v][vf] [out] 1920x1080 d3d11[nv12] bt.709/bt.709/bt.1886/limited/display CL=mpeg2/4/h264 crop=1920x1080+0+0 A=none
[ 252.509][i][cplayer] VO: [gpu] 1920x1080 d3d11[nv12]
[ 252.509][v][cplayer] VO: Description: Shader-based GPU Renderer
[ 252.509][v][vo/gpu] reconfig to 1920x1080 d3d11[nv12] bt.709/bt.709/bt.1886/limited/display CL=mpeg2/4/h264 crop=1920x1080+0+0 A=none
[ 252.509][d][vo/gpu] max content size: 1920x1140
[ 252.509][d][vo/gpu] monitor size: 1920x1200
[ 252.510][v][vo/gpu] Resize: 1920x1200
[ 252.510][v][vo/gpu] Window size: 1920x1200 (Borders: l=0 t=0 r=0 b=0)
[ 252.510][v][vo/gpu] Video source: 1920x1080 (1:1)
[ 252.510][v][vo/gpu] Video display: (95, 0) 1729x1080 -> (0, 0) 1920x1200
[ 252.510][v][vo/gpu] Video scale: 1.110468/1.111111
[ 252.510][v][vo/gpu] OSD borders: l=-106 t=0 r=-107 b=0
[ 252.510][v][vo/gpu] Video borders: l=0 t=0 r=0 b=0
[ 252.510][v][vo/gpu] Reported display depth: 8
[ 252.510][v][vo/gpu] Testing FBO format rgba16hf
[ 252.510][d][vo/gpu] Resizing texture: 16x16
[ 252.510][v][vo/gpu] Using FBO format rgba16hf.
[ 252.510][v][vo/gpu] No advanced processing required. Enabling dumb mode.
[ 252.511][v][vo/gpu] Resize: 1920x1200
[ 252.511][v][vo/gpu] Window size: 1920x1200 (Borders: l=0 t=0 r=0 b=0)
[ 252.511][v][vo/gpu] Video source: 1920x1080 (1:1)
[ 252.511][v][vo/gpu] Video display: (95, 0) 1729x1080 -> (0, 0) 1920x1200
[ 252.511][v][vo/gpu] Video scale: 1.110468/1.111111
[ 252.511][v][vo/gpu] OSD borders: l=-106 t=0 r=-107 b=0
[ 252.511][v][vo/gpu] Video borders: l=0 t=0 r=0 b=0
[ 252.511][v][vo/gpu] Reported display depth: 8
[ 252.515][v][cplayer] first video frame after restart shown
[ 252.515][d][cplayer] starting video playback
[ 252.515][v][cplayer] playback restart complete @ 0.000000, audio=eof, video=playing (paused)
[ 257.490][v][ipc_148] Client connected
[ 257.490][v][cplayer] Set property: pause=true -> 1
[ 257.490][v][ipc_148] Client disconnected
[ 257.490][d][ipc_148] Destroying client handle...
[ 257.490][v][ipc_149] Client connected
[ 257.490][d][cplayer] Run command: loadfile, flags=64, args=[url="E:\\ВсякоеРазное\\Свалка\\Обои\\Wallsets\\Наборы\\Второй набор\\house-forest_dce9720c16 — House Forest.mp4", flags="replace", index="-1", options=""]
[ 257.490][v][cplayer] EOF code: 3  
[ 257.490][d][vd] Uninit decoder.
[ 257.491][v][ipc_149] Client disconnected
[ 257.491][d][ipc_149] Destroying client handle...
[ 257.492][v][ipc_150] Client connected
[ 257.492][d][cplayer] Terminating demuxers...
[ 257.492][v][ipc_150] Client disconnected
[ 257.493][d][ipc_150] Destroying client handle...
[ 257.493][d][cplayer] Done terminating demuxers.
[ 257.493][v][cplayer] finished playback, success (reason 2)
[ 257.493][v][cplayer] Running hook: ytdl_hook/on_after_end_file
[ 257.493][v][ipc_151] Client connected
[ 257.494][v][ipc_151] Client disconnected
[ 257.494][d][ipc_151] Destroying client handle...
[ 257.495][d][cplayer] Run command: del, flags=64, args=[name="user-data/mpv/ytdl/json-subprocess-result"]
[ 257.495][d][global] state path: 'watch_later' -> '-'
[ 257.495][v][cplayer] Running hook: ytdl_hook/on_load
[ 257.496][v][cplayer] Running hook: ytdl_hook/on_load
[ 257.496][v][ytdl_hook] playlist hook
[ 257.496][v][ifo_dvda] Opening E:\ВсякоеРазное\Свалка\Обои\Wallsets\Наборы\Второй набор\house-forest_dce9720c16 — House Forest.mp4
[ 257.497][v][ifo_dvdnav] Opening E:\ВсякоеРазное\Свалка\Обои\Wallsets\Наборы\Второй набор\house-forest_dce9720c16 — House Forest.mp4
[ 257.497][v][bdmv/bluray] Opening E:\ВсякоеРазное\Свалка\Обои\Wallsets\Наборы\Второй набор\house-forest_dce9720c16 — House Forest.mp4
[ 257.497][v][file] Opening E:\ВсякоеРазное\Свалка\Обои\Wallsets\Наборы\Второй набор\house-forest_dce9720c16 — House Forest.mp4
[ 257.497][d][file] resize stream to 131072 bytes, drop 0 bytes
[ 257.497][d][file] Stream opened successfully.
[ 257.497][v][demux] Trying demuxers for level=normal.
[ 257.497][d][demux] Trying demuxer: directory (force-level: normal)
[ 257.497][d][demux] Trying demuxer: disc (force-level: normal)
[ 257.497][d][demux] Trying demuxer: edl (force-level: normal)
[ 257.497][d][demux] Trying demuxer: cue (force-level: normal)
[ 257.497][d][demux] Trying demuxer: rawaudio (force-level: normal)
[ 257.497][d][demux] Trying demuxer: rawvideo (force-level: normal)
[ 257.497][d][demux] Trying demuxer: mkv (force-level: normal)
[ 257.497][d][demux] Trying demuxer: libarchive (force-level: normal)
[ 257.497][d][demux] Trying demuxer: subrandr (force-level: normal)
[ 257.497][d][demux] Trying demuxer: lavf (force-level: normal)
[ 257.499][v][lavf] Found 'mov,mp4,m4a,3gp,3g2,mj2' at score=100 size=2048.
[ 257.500][v][lavf] Could not set AVOption http_persistent='0'
[ 257.500][v][lavf] Could not set AVOption http_multiple='1'
[ 257.500][v][demux] Detected file format: mov,mp4,m4a,3gp,3g2,mj2 (libavformat)
[ 257.500][v][cplayer] Opening done: E:\ВсякоеРазное\Свалка\Обои\Wallsets\Наборы\Второй набор\house-forest_dce9720c16 — House Forest.mp4
[ 257.500][v][find_files] Loading external files in E:\ВсякоеРазное\Свалка\Обои\Wallsets\Наборы\Второй набор\
[ 257.501][v][cplayer] Running hook: ytdl_hook/on_preloaded
[ 257.501][v][lavf] select track 0
[ 257.501][i][cplayer] ● Video  --vid=1  --vlang=eng  (h264 1920x1080 29.97 fps 15765 kbps) [default]
[ 257.501][v][vd] Container reported FPS: 29.970030
[ 257.501][v][vd] Codec list:
[ 257.501][v][vd]     h264 - H.264 / AVC / MPEG-4 AVC / MPEG-4 part 10
[ 257.501][v][vd]     h264_qsv (h264) - H264 video (Intel Quick Sync Video acceleration)
[ 257.501][v][vd]     h264_amf (h264) - H264 AMD AMF video decoder
[ 257.501][v][vd]     h264_cuvid (h264) - Nvidia CUVID H264 decoder
[ 257.501][v][vd] Opening decoder h264
[ 257.501][v][vd] Looking at hwdec h264-d3d11va...
[ 257.501][v][vo/gpu] Loading hwdec drivers for format: 'd3d11'
[ 257.501][v][vo/gpu] Loading hwdec driver 'd3d11-egl'
[ 257.501][v][vo/gpu] Loading failed.
[ 257.502][v][vd] Trying hardware decoding via h264-d3d11va.
[ 257.502][v][vd] Requesting 4 threads for decoding.
[ 257.502][v][vd] Selected decoder: h264 - H.264 / AVC / MPEG-4 AVC / MPEG-4 part 10
[ 257.502][v][vf] User filter list:
[ 257.502][v][vf]   (empty)
[ 257.502][v][cplayer] Starting playback...
[ 257.503][v][vd] Pixel formats supported by decoder: vulkan cuda cuarray dxva2_vld d3d11va_vld d3d11 d3d12 vaapi yuv420p
[ 257.503][v][vd] Codec profile: High (0x64)
[ 257.505][v][vd] Allocated a fixed pool of 26 hw surfaces.
[ 257.505][v][vd] Requesting pixfmt 'd3d11' from decoder.
[ 257.505][d][ffmpeg/video] h264: Decoder GUIDs reported as supported:
[ 257.505][d][ffmpeg/video] h264: {86695f12-340e-4f04-9fd3-9253dd327460} 103 106
[ 257.505][d][ffmpeg/video] h264: {ee27417f-5e28-4e65-beea-1d26b508adc9} 103 106
[ 257.505][d][ffmpeg/video] h264: {6f3ec719-3735-42cc-8063-65cc3cb36616} 103 106
[ 257.506][d][ffmpeg/video] h264: {1b81bea4-a0c7-11d3-b984-00c04f2e73c5} 103 106
[ 257.506][d][ffmpeg/video] h264: {1b81bea3-a0c7-11d3-b984-00c04f2e73c5} 103 106
[ 257.506][d][ffmpeg/video] h264: {32fcfe3f-de46-4a49-861b-ac71110649d5} 103 106
[ 257.506][d][ffmpeg/video] h264: {d79be8da-0cf1-4c81-b82a-69a4e236f43d} 103 106
[ 257.507][d][ffmpeg/video] h264: {f9aaccbb-c2b6-4cfc-8779-5707b1760552} 103 106
[ 257.507][d][ffmpeg/video] h264: {1b81be68-a0c7-11d3-b984-00c04f2e73c5} 103 106
[ 257.507][d][ffmpeg/video] h264: {5b11d51b-2f4c-4452-bcc3-09f2a1160cc0} 103 106
[ 257.507][d][ffmpeg/video] h264: {107af0e0-ef1a-4d19-aba8-67a163073d13} 104 106
[ 257.508][d][ffmpeg/video] h264: {1a72925f-0c2c-4f15-96fb-b17d1473603f} 104 106
[ 257.508][d][ffmpeg/video] h264: {15df9b21-06c4-47f1-841e-a67c97d7f312} 103 106
[ 257.508][d][ffmpeg/video] h264: {efd64d74-c9e8-41d7-a5e9-e9b0e39fa319} 103 106
[ 257.508][d][ffmpeg/video] h264: {ed418a9f-010d-4eda-9ae3-9a65358d8d2e} 103 106
[ 257.508][d][ffmpeg/video] h264: {9947ec6f-689b-11dc-a320-0019dbbc4184} 103 106
[ 257.508][d][ffmpeg/video] h264: {33fcfe41-de46-4a49-861b-ac71110649d5} 103 106 107
[ 257.509][d][ffmpeg/video] h264: {463707f8-a1d0-4585-876d-83aa6d60b89e} 103 106
[ 257.509][d][ffmpeg/video] h264: {a4c749ef-6ecf-48aa-8448-50a7a1165ff7} 104 106
[ 257.509][d][ffmpeg/video] h264: {dda19dc7-93b5-49f5-a9b3-2bda28a2ce6e} 104 106
[ 257.509][d][ffmpeg/video] h264: {b8be4ccb-cf53-46ba-8d59-d6b8a6da5d2a} 103 104 106
[ 257.509][d][ffmpeg/video] h264: {6affd11e-1d96-42b1-a215-93a31f09a53d} 103 106
[ 257.509][d][ffmpeg/video] h264: {914c84a3-4078-4fa9-984c-e2f262cb5c9c} 103 106
[ 257.509][d][ffmpeg/video] h264: {8a1a1031-29bc-46d0-a007-e9b092ca6767} 103 106
[ 257.510][d][ffmpeg/video] h264: Reinit context to 1920x1088, pix_fmt: d3d11
[ 257.511][i][vd] Using hardware decoding (d3d11va).
[ 257.511][v][vd] Decoder format: 1920x1080 d3d11[nv12] auto/auto/auto/auto/auto CL=mpeg2/4/h264 crop=1920x1080+0+0 A=none
[ 257.511][v][vf] [in] 1920x1080 d3d11[nv12] bt.709/bt.709/bt.1886/limited/display CL=mpeg2/4/h264 crop=1920x1080+0+0 A=none
[ 257.511][v][vf] [userdeint] 1920x1080 d3d11[nv12] bt.709/bt.709/bt.1886/limited/display CL=mpeg2/4/h264 crop=1920x1080+0+0 A=none
[ 257.511][v][vf] [userdeint] (disabled)
[ 257.511][v][vf] [autovflip] 1920x1080 d3d11[nv12] bt.709/bt.709/bt.1886/limited/display CL=mpeg2/4/h264 crop=1920x1080+0+0 A=none
[ 257.511][v][vf] [autovflip] (disabled)
[ 257.511][v][vf] [autorotate] 1920x1080 d3d11[nv12] bt.709/bt.709/bt.1886/limited/display CL=mpeg2/4/h264 crop=1920x1080+0+0 A=none
[ 257.511][v][vf] [autorotate] (disabled)
[ 257.511][v][vf] [convert] 1920x1080 d3d11[nv12] bt.709/bt.709/bt.1886/limited/display CL=mpeg2/4/h264 crop=1920x1080+0+0 A=none
[ 257.511][v][vo/gpu] Loading hwdec drivers for format: 'd3d11'
[ 257.511][v][vo/gpu] Loading hwdec driver 'd3d11-egl'
[ 257.511][v][vo/gpu] Loading failed.
[ 257.511][d][hwupload] looking at format d3d11/nv12
[ 257.511][d][hwupload]   supports: nv12 p010 bgra x2bgr10 rgbaf16 vuyx yuyv422 y210 xv30 y216 xv48 y212 xv36 yuv420p
[ 257.511][d][hwupload] looking at format d3d11/p010
[ 257.512][d][hwupload]   supports: nv12 p010 bgra x2bgr10 rgbaf16 vuyx yuyv422 y210 xv30 y216 xv48 y212 xv36 yuv420p
[ 257.512][d][hwupload] looking at format d3d11/bgra
[ 257.512][d][hwupload]   supports: nv12 p010 bgra x2bgr10 rgbaf16 vuyx yuyv422 y210 xv30 y216 xv48 y212 xv36 yuv420p
[ 257.512][d][hwupload] looking at format d3d11/x2bgr10
[ 257.512][d][hwupload]   supports: nv12 p010 bgra x2bgr10 rgbaf16 vuyx yuyv422 y210 xv30 y216 xv48 y212 xv36 yuv420p
[ 257.512][d][hwupload] looking at format d3d11/rgbaf16
[ 257.512][d][hwupload]   supports: nv12 p010 bgra x2bgr10 rgbaf16 vuyx yuyv422 y210 xv30 y216 xv48 y212 xv36 yuv420p
[ 257.512][d][hwupload] looking at format d3d11/vuyx
[ 257.512][d][hwupload]   supports: nv12 p010 bgra x2bgr10 rgbaf16 vuyx yuyv422 y210 xv30 y216 xv48 y212 xv36 yuv420p
[ 257.512][d][hwupload] looking at format d3d11/yuyv422
[ 257.512][d][hwupload]   not supported by VO
[ 257.512][d][hwupload] looking at format d3d11/y210
[ 257.512][d][hwupload]   not supported by VO
[ 257.512][d][hwupload] looking at format d3d11/xv30
[ 257.512][d][hwupload]   supports: nv12 p010 bgra x2bgr10 rgbaf16 vuyx yuyv422 y210 xv30 y216 xv48 y212 xv36 yuv420p
[ 257.512][d][hwupload] looking at format d3d11/y216
[ 257.512][d][hwupload]   not supported by VO
[ 257.512][d][hwupload] looking at format d3d11/xv48
[ 257.512][d][hwupload]   supports: nv12 p010 bgra x2bgr10 rgbaf16 vuyx yuyv422 y210 xv30 y216 xv48 y212 xv36 yuv420p
[ 257.512][d][hwupload] looking at format d3d11/y212
[ 257.512][d][hwupload]   not supported by VO
[ 257.512][d][hwupload] looking at format d3d11/xv36
[ 257.512][d][hwupload]   supports: nv12 p010 bgra x2bgr10 rgbaf16 vuyx yuyv422 y210 xv30 y216 xv48 y212 xv36 yuv420p
[ 257.512][d][hwupload] looking at format d3d11/yuv420p
[ 257.512][d][hwupload]   not supported by VO
[ 257.512][v][vf] [out] 1920x1080 d3d11[nv12] bt.709/bt.709/bt.1886/limited/display CL=mpeg2/4/h264 crop=1920x1080+0+0 A=none
[ 257.517][v][cplayer] first video frame after restart shown
[ 257.517][d][cplayer] starting video playback
[ 257.517][v][cplayer] playback restart complete @ 0.000000, audio=eof, video=playing (paused)
[ 262.547][v][ipc_152] Client connected
[ 262.547][v][cplayer] Set property: pause=true -> 1
[ 262.547][v][ipc_152] Client disconnected
[ 262.548][d][ipc_152] Destroying client handle...
[ 262.548][v][ipc_153] Client connected
[ 262.548][d][cplayer] Run command: loadfile, flags=64, args=[url="E:\\ВсякоеРазное\\Свалка\\Обои\\Wallsets\\Наборы\\Второй набор\\lotr-rivendell-live-wallpaper_2bd2c50ef0 — LOTR Rivendell.mp4", flags="replace", index="-1", options=""]
[ 262.548][v][cplayer] EOF code: 3  
[ 262.548][d][vd] Uninit decoder.
[ 262.548][v][ipc_153] Client disconnected
[ 262.548][d][ipc_153] Destroying client handle...
[ 262.549][v][ipc_154] Client connected
[ 262.550][d][cplayer] Terminating demuxers...
[ 262.550][d][cplayer] Done terminating demuxers.
[ 262.550][v][cplayer] finished playback, success (reason 2)
[ 262.550][v][cplayer] Running hook: ytdl_hook/on_after_end_file
[ 262.550][v][ipc_154] Client disconnected
[ 262.550][d][ipc_154] Destroying client handle...
[ 262.551][d][cplayer] Run command: del, flags=64, args=[name="user-data/mpv/ytdl/json-subprocess-result"]
[ 262.551][v][ipc_155] Client connected
[ 262.551][d][global] state path: 'watch_later' -> '-'
[ 262.551][v][cplayer] Running hook: ytdl_hook/on_load
[ 262.552][v][ipc_155] Client disconnected
[ 262.552][d][ipc_155] Destroying client handle...
[ 262.552][v][cplayer] Running hook: ytdl_hook/on_load
[ 262.552][v][ytdl_hook] playlist hook
[ 262.552][v][ifo_dvda] Opening E:\ВсякоеРазное\Свалка\Обои\Wallsets\Наборы\Второй набор\lotr-rivendell-live-wallpaper_2bd2c50ef0 — LOTR Rivendell.mp4
[ 262.553][v][ifo_dvdnav] Opening E:\ВсякоеРазное\Свалка\Обои\Wallsets\Наборы\Второй набор\lotr-rivendell-live-wallpaper_2bd2c50ef0 — LOTR Rivendell.mp4
[ 262.553][v][bdmv/bluray] Opening E:\ВсякоеРазное\Свалка\Обои\Wallsets\Наборы\Второй набор\lotr-rivendell-live-wallpaper_2bd2c50ef0 — LOTR Rivendell.mp4
[ 262.553][v][file] Opening E:\ВсякоеРазное\Свалка\Обои\Wallsets\Наборы\Второй набор\lotr-rivendell-live-wallpaper_2bd2c50ef0 — LOTR Rivendell.mp4
[ 262.553][d][file] resize stream to 131072 bytes, drop 0 bytes
[ 262.553][d][file] Stream opened successfully.
[ 262.553][v][demux] Trying demuxers for level=normal.
[ 262.553][d][demux] Trying demuxer: directory (force-level: normal)
[ 262.553][d][demux] Trying demuxer: disc (force-level: normal)
[ 262.553][d][demux] Trying demuxer: edl (force-level: normal)
[ 262.553][d][demux] Trying demuxer: cue (force-level: normal)
[ 262.553][d][demux] Trying demuxer: rawaudio (force-level: normal)
[ 262.553][d][demux] Trying demuxer: rawvideo (force-level: normal)
[ 262.553][d][demux] Trying demuxer: mkv (force-level: normal)
[ 262.553][d][demux] Trying demuxer: libarchive (force-level: normal)
[ 262.553][d][demux] Trying demuxer: subrandr (force-level: normal)
[ 262.553][d][demux] Trying demuxer: lavf (force-level: normal)
[ 262.556][v][lavf] Found 'mov,mp4,m4a,3gp,3g2,mj2' at score=100 size=2048.
[ 262.557][v][file] stream level seek from 131072 to 5540445
[ 262.557][w][ffmpeg/demuxer] mov,mp4,m4a,3gp,3g2,mj2: UDTA parsing failed retrying raw
[ 262.557][v][lavf] Could not set AVOption http_persistent='0'
[ 262.557][v][lavf] Could not set AVOption http_multiple='1'
[ 262.557][v][demux] Detected file format: mov,mp4,m4a,3gp,3g2,mj2 (libavformat)
[ 262.557][v][cplayer] Opening done: E:\ВсякоеРазное\Свалка\Обои\Wallsets\Наборы\Второй набор\lotr-rivendell-live-wallpaper_2bd2c50ef0 — LOTR Rivendell.mp4
[ 262.557][v][find_files] Loading external files in E:\ВсякоеРазное\Свалка\Обои\Wallsets\Наборы\Второй набор\
[ 262.558][v][cplayer] Running hook: ytdl_hook/on_preloaded
[ 262.558][v][lavf] select track 0
[ 262.558][i][cplayer] ● Video  --vid=1               (h264 1920x1080 24 fps 1106 kbps) [default]
[ 262.558][i][cplayer] ○ Audio  --aid=1  --alang=eng  (aac 2ch 48000 Hz 2 kbps) [default]
[ 262.559][v][vd] Container reported FPS: 24.000000
[ 262.559][v][vd] Codec list:
[ 262.559][v][vd]     h264 - H.264 / AVC / MPEG-4 AVC / MPEG-4 part 10
[ 262.559][v][vd]     h264_qsv (h264) - H264 video (Intel Quick Sync Video acceleration)
[ 262.559][v][vd]     h264_amf (h264) - H264 AMD AMF video decoder
[ 262.559][v][vd]     h264_cuvid (h264) - Nvidia CUVID H264 decoder
[ 262.559][v][vd] Opening decoder h264
[ 262.559][v][vd] Looking at hwdec h264-d3d11va...
[ 262.559][v][vo/gpu] Loading hwdec drivers for format: 'd3d11'
[ 262.559][v][vo/gpu] Loading hwdec driver 'd3d11-egl'
[ 262.559][v][vo/gpu] Loading failed.
[ 262.559][v][vd] Trying hardware decoding via h264-d3d11va.
[ 262.559][v][vd] Requesting 4 threads for decoding.
[ 262.559][v][vd] Selected decoder: h264 - H.264 / AVC / MPEG-4 AVC / MPEG-4 part 10
[ 262.559][v][vf] User filter list:
[ 262.559][v][vf]   (empty)
[ 262.559][v][cplayer] Starting playback...
[ 262.559][v][file] stream level seek from 5572131 to 48
[ 262.560][v][vd] Pixel formats supported by decoder: vulkan cuda cuarray dxva2_vld d3d11va_vld d3d11 d3d12 vaapi yuv420p
[ 262.560][v][vd] Codec profile: Main (0x4d)
[ 262.562][v][vd] Allocated a fixed pool of 26 hw surfaces.
[ 262.562][v][vd] Requesting pixfmt 'd3d11' from decoder.
[ 262.562][d][ffmpeg/video] h264: Decoder GUIDs reported as supported:
[ 262.562][d][ffmpeg/video] h264: {86695f12-340e-4f04-9fd3-9253dd327460} 103 106
[ 262.563][d][ffmpeg/video] h264: {ee27417f-5e28-4e65-beea-1d26b508adc9} 103 106
[ 262.563][d][ffmpeg/video] h264: {6f3ec719-3735-42cc-8063-65cc3cb36616} 103 106
[ 262.563][d][ffmpeg/video] h264: {1b81bea4-a0c7-11d3-b984-00c04f2e73c5} 103 106
[ 262.563][d][ffmpeg/video] h264: {1b81bea3-a0c7-11d3-b984-00c04f2e73c5} 103 106
[ 262.563][d][ffmpeg/video] h264: {32fcfe3f-de46-4a49-861b-ac71110649d5} 103 106
[ 262.563][d][ffmpeg/video] h264: {d79be8da-0cf1-4c81-b82a-69a4e236f43d} 103 106
[ 262.564][d][ffmpeg/video] h264: {f9aaccbb-c2b6-4cfc-8779-5707b1760552} 103 106
[ 262.564][d][ffmpeg/video] h264: {1b81be68-a0c7-11d3-b984-00c04f2e73c5} 103 106
[ 262.564][d][ffmpeg/video] h264: {5b11d51b-2f4c-4452-bcc3-09f2a1160cc0} 103 106
[ 262.564][d][ffmpeg/video] h264: {107af0e0-ef1a-4d19-aba8-67a163073d13} 104 106
[ 262.564][d][ffmpeg/video] h264: {1a72925f-0c2c-4f15-96fb-b17d1473603f} 104 106
[ 262.564][d][ffmpeg/video] h264: {15df9b21-06c4-47f1-841e-a67c97d7f312} 103 106
[ 262.565][d][ffmpeg/video] h264: {efd64d74-c9e8-41d7-a5e9-e9b0e39fa319} 103 106
[ 262.565][d][ffmpeg/video] h264: {ed418a9f-010d-4eda-9ae3-9a65358d8d2e} 103 106
[ 262.565][d][ffmpeg/video] h264: {9947ec6f-689b-11dc-a320-0019dbbc4184} 103 106
[ 262.565][d][ffmpeg/video] h264: {33fcfe41-de46-4a49-861b-ac71110649d5} 103 106 107
[ 262.566][d][ffmpeg/video] h264: {463707f8-a1d0-4585-876d-83aa6d60b89e} 103 106
[ 262.566][d][ffmpeg/video] h264: {a4c749ef-6ecf-48aa-8448-50a7a1165ff7} 104 106
[ 262.566][d][ffmpeg/video] h264: {dda19dc7-93b5-49f5-a9b3-2bda28a2ce6e} 104 106
[ 262.566][d][ffmpeg/video] h264: {b8be4ccb-cf53-46ba-8d59-d6b8a6da5d2a} 103 104 106
[ 262.566][d][ffmpeg/video] h264: {6affd11e-1d96-42b1-a215-93a31f09a53d} 103 106
[ 262.567][d][ffmpeg/video] h264: {914c84a3-4078-4fa9-984c-e2f262cb5c9c} 103 106
[ 262.567][d][ffmpeg/video] h264: {8a1a1031-29bc-46d0-a007-e9b092ca6767} 103 106
[ 262.567][d][ffmpeg/video] h264: Reinit context to 1920x1088, pix_fmt: d3d11
[ 262.570][i][vd] Using hardware decoding (d3d11va).
[ 262.570][v][vd] Decoder format: 1920x1080 d3d11[nv12] bt.709/bt.709/bt.1886/limited/auto CL=mpeg2/4/h264 crop=1920x1080+0+0 A=none
[ 262.570][v][vf] [in] 1920x1080 d3d11[nv12] bt.709/bt.709/bt.1886/limited/display CL=mpeg2/4/h264 crop=1920x1080+0+0 A=none
[ 262.570][v][vf] [userdeint] 1920x1080 d3d11[nv12] bt.709/bt.709/bt.1886/limited/display CL=mpeg2/4/h264 crop=1920x1080+0+0 A=none
[ 262.570][v][vf] [userdeint] (disabled)
[ 262.570][v][vf] [autovflip] 1920x1080 d3d11[nv12] bt.709/bt.709/bt.1886/limited/display CL=mpeg2/4/h264 crop=1920x1080+0+0 A=none
[ 262.570][v][vf] [autovflip] (disabled)
[ 262.570][v][vf] [autorotate] 1920x1080 d3d11[nv12] bt.709/bt.709/bt.1886/limited/display CL=mpeg2/4/h264 crop=1920x1080+0+0 A=none
[ 262.570][v][vf] [autorotate] (disabled)
[ 262.570][v][vf] [convert] 1920x1080 d3d11[nv12] bt.709/bt.709/bt.1886/limited/display CL=mpeg2/4/h264 crop=1920x1080+0+0 A=none
[ 262.570][v][vo/gpu] Loading hwdec drivers for format: 'd3d11'
[ 262.570][v][vo/gpu] Loading hwdec driver 'd3d11-egl'
[ 262.570][v][vo/gpu] Loading failed.
[ 262.570][d][hwupload] looking at format d3d11/nv12
[ 262.570][d][hwupload]   supports: nv12 p010 bgra x2bgr10 rgbaf16 vuyx yuyv422 y210 xv30 y216 xv48 y212 xv36 yuv420p
[ 262.570][d][hwupload] looking at format d3d11/p010
[ 262.570][d][hwupload]   supports: nv12 p010 bgra x2bgr10 rgbaf16 vuyx yuyv422 y210 xv30 y216 xv48 y212 xv36 yuv420p
[ 262.570][d][hwupload] looking at format d3d11/bgra
[ 262.570][d][hwupload]   supports: nv12 p010 bgra x2bgr10 rgbaf16 vuyx yuyv422 y210 xv30 y216 xv48 y212 xv36 yuv420p
[ 262.570][d][hwupload] looking at format d3d11/x2bgr10
[ 262.570][d][hwupload]   supports: nv12 p010 bgra x2bgr10 rgbaf16 vuyx yuyv422 y210 xv30 y216 xv48 y212 xv36 yuv420p
[ 262.570][d][hwupload] looking at format d3d11/rgbaf16
[ 262.570][d][hwupload]   supports: nv12 p010 bgra x2bgr10 rgbaf16 vuyx yuyv422 y210 xv30 y216 xv48 y212 xv36 yuv420p
[ 262.570][d][hwupload] looking at format d3d11/vuyx
[ 262.570][d][hwupload]   supports: nv12 p010 bgra x2bgr10 rgbaf16 vuyx yuyv422 y210 xv30 y216 xv48 y212 xv36 yuv420p
[ 262.570][d][hwupload] looking at format d3d11/yuyv422
[ 262.570][d][hwupload]   not supported by VO
[ 262.570][d][hwupload] looking at format d3d11/y210
[ 262.570][d][hwupload]   not supported by VO
[ 262.570][d][hwupload] looking at format d3d11/xv30
[ 262.570][d][hwupload]   supports: nv12 p010 bgra x2bgr10 rgbaf16 vuyx yuyv422 y210 xv30 y216 xv48 y212 xv36 yuv420p
[ 262.570][d][hwupload] looking at format d3d11/y216
[ 262.570][d][hwupload]   not supported by VO
[ 262.570][d][hwupload] looking at format d3d11/xv48
[ 262.570][d][hwupload]   supports: nv12 p010 bgra x2bgr10 rgbaf16 vuyx yuyv422 y210 xv30 y216 xv48 y212 xv36 yuv420p
[ 262.570][d][hwupload] looking at format d3d11/y212
[ 262.570][d][hwupload]   not supported by VO
[ 262.570][d][hwupload] looking at format d3d11/xv36
[ 262.570][d][hwupload]   supports: nv12 p010 bgra x2bgr10 rgbaf16 vuyx yuyv422 y210 xv30 y216 xv48 y212 xv36 yuv420p
[ 262.570][d][hwupload] looking at format d3d11/yuv420p
[ 262.570][d][hwupload]   not supported by VO
[ 262.570][v][vf] [out] 1920x1080 d3d11[nv12] bt.709/bt.709/bt.1886/limited/display CL=mpeg2/4/h264 crop=1920x1080+0+0 A=none
[ 262.573][v][cplayer] first video frame after restart shown
[ 262.573][d][cplayer] starting video playback
[ 262.573][v][cplayer] playback restart complete @ 0.000000, audio=eof, video=playing (paused)
[ 267.562][v][ipc_156] Client connected
[ 267.562][v][cplayer] Set property: pause=true -> 1
[ 267.562][v][ipc_156] Client disconnected
[ 267.562][d][ipc_156] Destroying client handle...
[ 267.563][v][ipc_157] Client connected
[ 267.563][d][cplayer] Run command: loadfile, flags=64, args=[url="E:\\ВсякоеРазное\\Свалка\\Обои\\Wallsets\\Наборы\\Первый набор\\4k-mahiru-shiina_c62e5d87dd — Mahiru Shiina 4K.mp4", flags="replace", index="-1", options=""]
[ 267.563][v][cplayer] EOF code: 3  
[ 267.563][d][vd] Uninit decoder.
[ 267.563][v][ipc_157] Client disconnected
[ 267.563][d][ipc_157] Destroying client handle...
[ 267.564][v][ipc_158] Client connected
[ 267.564][d][cplayer] Terminating demuxers...
[ 267.564][d][cplayer] Done terminating demuxers.
[ 267.564][v][cplayer] finished playback, success (reason 2)
[ 267.564][v][cplayer] Running hook: ytdl_hook/on_after_end_file
[ 267.565][v][ipc_158] Client disconnected
[ 267.565][d][ipc_158] Destroying client handle...
[ 267.565][v][ipc_159] Client connected
[ 267.566][d][cplayer] Run command: del, flags=64, args=[name="user-data/mpv/ytdl/json-subprocess-result"]
[ 267.566][v][ipc_159] Client disconnected
[ 267.566][d][ipc_159] Destroying client handle...
[ 267.566][d][global] state path: 'watch_later' -> '-'
[ 267.566][v][cplayer] Running hook: ytdl_hook/on_load
[ 267.568][v][cplayer] Running hook: ytdl_hook/on_load
[ 267.568][v][ytdl_hook] playlist hook
[ 267.568][v][ifo_dvda] Opening E:\ВсякоеРазное\Свалка\Обои\Wallsets\Наборы\Первый набор\4k-mahiru-shiina_c62e5d87dd — Mahiru Shiina 4K.mp4
[ 267.568][v][ifo_dvdnav] Opening E:\ВсякоеРазное\Свалка\Обои\Wallsets\Наборы\Первый набор\4k-mahiru-shiina_c62e5d87dd — Mahiru Shiina 4K.mp4
[ 267.568][v][bdmv/bluray] Opening E:\ВсякоеРазное\Свалка\Обои\Wallsets\Наборы\Первый набор\4k-mahiru-shiina_c62e5d87dd — Mahiru Shiina 4K.mp4
[ 267.568][v][file] Opening E:\ВсякоеРазное\Свалка\Обои\Wallsets\Наборы\Первый набор\4k-mahiru-shiina_c62e5d87dd — Mahiru Shiina 4K.mp4
[ 267.568][d][file] resize stream to 131072 bytes, drop 0 bytes
[ 267.568][d][file] Stream opened successfully.
[ 267.568][v][demux] Trying demuxers for level=normal.
[ 267.568][d][demux] Trying demuxer: directory (force-level: normal)
[ 267.568][d][demux] Trying demuxer: disc (force-level: normal)
[ 267.568][d][demux] Trying demuxer: edl (force-level: normal)
[ 267.568][d][demux] Trying demuxer: cue (force-level: normal)
[ 267.568][d][demux] Trying demuxer: rawaudio (force-level: normal)
[ 267.568][d][demux] Trying demuxer: rawvideo (force-level: normal)
[ 267.568][d][demux] Trying demuxer: mkv (force-level: normal)
[ 267.568][d][demux] Trying demuxer: libarchive (force-level: normal)
[ 267.568][d][demux] Trying demuxer: subrandr (force-level: normal)
[ 267.568][d][demux] Trying demuxer: lavf (force-level: normal)
[ 267.570][v][lavf] Found 'mov,mp4,m4a,3gp,3g2,mj2' at score=100 size=2048.
[ 267.571][v][file] stream level seek from 131072 to 24011399
[ 267.571][v][lavf] Could not set AVOption http_persistent='0'
[ 267.571][v][lavf] Could not set AVOption http_multiple='1'
[ 267.571][v][demux] Detected file format: mov,mp4,m4a,3gp,3g2,mj2 (libavformat)
[ 267.571][v][cplayer] Opening done: E:\ВсякоеРазное\Свалка\Обои\Wallsets\Наборы\Первый набор\4k-mahiru-shiina_c62e5d87dd — Mahiru Shiina 4K.mp4
[ 267.571][v][find_files] Loading external files in E:\ВсякоеРазное\Свалка\Обои\Wallsets\Наборы\Первый набор\
[ 267.572][v][cplayer] Running hook: ytdl_hook/on_preloaded
[ 267.572][v][lavf] select track 0
[ 267.572][i][cplayer] ● Video  --vid=1  (h264 3840x2160 120 fps 32329 kbps) [default]
[ 267.572][v][vd] Container reported FPS: 120.000000
[ 267.572][v][vd] Codec list:
[ 267.572][v][vd]     h264 - H.264 / AVC / MPEG-4 AVC / MPEG-4 part 10
[ 267.572][v][vd]     h264_qsv (h264) - H264 video (Intel Quick Sync Video acceleration)
[ 267.572][v][vd]     h264_amf (h264) - H264 AMD AMF video decoder
[ 267.572][v][vd]     h264_cuvid (h264) - Nvidia CUVID H264 decoder
[ 267.572][v][vd] Opening decoder h264
[ 267.572][v][vd] Looking at hwdec h264-d3d11va...
[ 267.572][v][vo/gpu] Loading hwdec drivers for format: 'd3d11'
[ 267.572][v][vo/gpu] Loading hwdec driver 'd3d11-egl'
[ 267.572][v][vo/gpu] Loading failed.
[ 267.573][v][vd] Trying hardware decoding via h264-d3d11va.
[ 267.573][v][vd] Requesting 4 threads for decoding.
[ 267.573][v][vd] Selected decoder: h264 - H.264 / AVC / MPEG-4 AVC / MPEG-4 part 10
[ 267.573][v][vf] User filter list:
[ 267.573][v][vf]   (empty)
[ 267.573][v][cplayer] Starting playback...
[ 267.573][v][file] stream level seek from 24019684 to 48
[ 267.574][v][vd] Pixel formats supported by decoder: vulkan cuda cuarray dxva2_vld d3d11va_vld d3d11 d3d12 vaapi yuv420p
[ 267.574][v][vd] Codec profile: High (0x64)
[ 267.576][v][vd] Allocated a fixed pool of 26 hw surfaces.
[ 267.576][v][vd] Requesting pixfmt 'd3d11' from decoder.
[ 267.576][d][ffmpeg/video] h264: Decoder GUIDs reported as supported:
[ 267.576][d][ffmpeg/video] h264: {86695f12-340e-4f04-9fd3-9253dd327460} 103 106
[ 267.576][d][ffmpeg/video] h264: {ee27417f-5e28-4e65-beea-1d26b508adc9} 103 106
[ 267.576][d][ffmpeg/video] h264: {6f3ec719-3735-42cc-8063-65cc3cb36616} 103 106
[ 267.576][d][ffmpeg/video] h264: {1b81bea4-a0c7-11d3-b984-00c04f2e73c5} 103 106
[ 267.576][d][ffmpeg/video] h264: {1b81bea3-a0c7-11d3-b984-00c04f2e73c5} 103 106
[ 267.577][d][ffmpeg/video] h264: {32fcfe3f-de46-4a49-861b-ac71110649d5} 103 106
[ 267.577][d][ffmpeg/video] h264: {d79be8da-0cf1-4c81-b82a-69a4e236f43d} 103 106
[ 267.577][d][ffmpeg/video] h264: {f9aaccbb-c2b6-4cfc-8779-5707b1760552} 103 106
[ 267.577][d][ffmpeg/video] h264: {1b81be68-a0c7-11d3-b984-00c04f2e73c5} 103 106
[ 267.577][d][ffmpeg/video] h264: {5b11d51b-2f4c-4452-bcc3-09f2a1160cc0} 103 106
[ 267.578][d][ffmpeg/video] h264: {107af0e0-ef1a-4d19-aba8-67a163073d13} 104 106
[ 267.578][d][ffmpeg/video] h264: {1a72925f-0c2c-4f15-96fb-b17d1473603f} 104 106
[ 267.578][d][ffmpeg/video] h264: {15df9b21-06c4-47f1-841e-a67c97d7f312} 103 106
[ 267.578][d][ffmpeg/video] h264: {efd64d74-c9e8-41d7-a5e9-e9b0e39fa319} 103 106
[ 267.578][d][ffmpeg/video] h264: {ed418a9f-010d-4eda-9ae3-9a65358d8d2e} 103 106
[ 267.579][d][ffmpeg/video] h264: {9947ec6f-689b-11dc-a320-0019dbbc4184} 103 106
[ 267.579][d][ffmpeg/video] h264: {33fcfe41-de46-4a49-861b-ac71110649d5} 103 106 107
[ 267.579][d][ffmpeg/video] h264: {463707f8-a1d0-4585-876d-83aa6d60b89e} 103 106
[ 267.579][d][ffmpeg/video] h264: {a4c749ef-6ecf-48aa-8448-50a7a1165ff7} 104 106
[ 267.579][d][ffmpeg/video] h264: {dda19dc7-93b5-49f5-a9b3-2bda28a2ce6e} 104 106
[ 267.579][d][ffmpeg/video] h264: {b8be4ccb-cf53-46ba-8d59-d6b8a6da5d2a} 103 104 106
[ 267.580][d][ffmpeg/video] h264: {6affd11e-1d96-42b1-a215-93a31f09a53d} 103 106
[ 267.580][d][ffmpeg/video] h264: {914c84a3-4078-4fa9-984c-e2f262cb5c9c} 103 106
[ 267.580][d][ffmpeg/video] h264: {8a1a1031-29bc-46d0-a007-e9b092ca6767} 103 106
[ 267.580][d][ffmpeg/video] h264: Reinit context to 3840x2160, pix_fmt: d3d11
[ 267.588][i][vd] Using hardware decoding (d3d11va).
[ 267.588][v][vd] Decoder format: 3840x2160 [0:1] d3d11[nv12] bt.709/bt.709/bt.1886/limited/auto CL=mpeg2/4/h264 crop=3840x2160+0+0 A=none
[ 267.588][v][vf] [in] 3840x2160 d3d11[nv12] bt.709/bt.709/bt.1886/limited/display CL=mpeg2/4/h264 crop=3840x2160+0+0 A=none
[ 267.588][v][vf] [userdeint] 3840x2160 d3d11[nv12] bt.709/bt.709/bt.1886/limited/display CL=mpeg2/4/h264 crop=3840x2160+0+0 A=none
[ 267.588][v][vf] [userdeint] (disabled)
[ 267.588][v][vf] [autovflip] 3840x2160 d3d11[nv12] bt.709/bt.709/bt.1886/limited/display CL=mpeg2/4/h264 crop=3840x2160+0+0 A=none
[ 267.588][v][vf] [autovflip] (disabled)
[ 267.588][v][vf] [autorotate] 3840x2160 d3d11[nv12] bt.709/bt.709/bt.1886/limited/display CL=mpeg2/4/h264 crop=3840x2160+0+0 A=none
[ 267.588][v][vf] [autorotate] (disabled)
[ 267.588][v][vf] [convert] 3840x2160 d3d11[nv12] bt.709/bt.709/bt.1886/limited/display CL=mpeg2/4/h264 crop=3840x2160+0+0 A=none
[ 267.588][v][vo/gpu] Loading hwdec drivers for format: 'd3d11'
[ 267.588][v][vo/gpu] Loading hwdec driver 'd3d11-egl'
[ 267.588][v][vo/gpu] Loading failed.
[ 267.588][d][hwupload] looking at format d3d11/nv12
[ 267.588][d][hwupload]   supports: nv12 p010 bgra x2bgr10 rgbaf16 vuyx yuyv422 y210 xv30 y216 xv48 y212 xv36 yuv420p
[ 267.588][d][hwupload] looking at format d3d11/p010
[ 267.588][d][hwupload]   supports: nv12 p010 bgra x2bgr10 rgbaf16 vuyx yuyv422 y210 xv30 y216 xv48 y212 xv36 yuv420p
[ 267.588][d][hwupload] looking at format d3d11/bgra
[ 267.588][d][hwupload]   supports: nv12 p010 bgra x2bgr10 rgbaf16 vuyx yuyv422 y210 xv30 y216 xv48 y212 xv36 yuv420p
[ 267.588][d][hwupload] looking at format d3d11/x2bgr10
[ 267.588][d][hwupload]   supports: nv12 p010 bgra x2bgr10 rgbaf16 vuyx yuyv422 y210 xv30 y216 xv48 y212 xv36 yuv420p
[ 267.588][d][hwupload] looking at format d3d11/rgbaf16
[ 267.588][d][hwupload]   supports: nv12 p010 bgra x2bgr10 rgbaf16 vuyx yuyv422 y210 xv30 y216 xv48 y212 xv36 yuv420p
[ 267.588][d][hwupload] looking at format d3d11/vuyx
[ 267.588][d][hwupload]   supports: nv12 p010 bgra x2bgr10 rgbaf16 vuyx yuyv422 y210 xv30 y216 xv48 y212 xv36 yuv420p
[ 267.588][d][hwupload] looking at format d3d11/yuyv422
[ 267.588][d][hwupload]   not supported by VO
[ 267.588][d][hwupload] looking at format d3d11/y210
[ 267.588][d][hwupload]   not supported by VO
[ 267.588][d][hwupload] looking at format d3d11/xv30
[ 267.588][d][hwupload]   supports: nv12 p010 bgra x2bgr10 rgbaf16 vuyx yuyv422 y210 xv30 y216 xv48 y212 xv36 yuv420p
[ 267.588][d][hwupload] looking at format d3d11/y216
[ 267.588][d][hwupload]   not supported by VO
[ 267.588][d][hwupload] looking at format d3d11/xv48
[ 267.588][d][hwupload]   supports: nv12 p010 bgra x2bgr10 rgbaf16 vuyx yuyv422 y210 xv30 y216 xv48 y212 xv36 yuv420p
[ 267.588][d][hwupload] looking at format d3d11/y212
[ 267.588][d][hwupload]   not supported by VO
[ 267.588][d][hwupload] looking at format d3d11/xv36
[ 267.588][d][hwupload]   supports: nv12 p010 bgra x2bgr10 rgbaf16 vuyx yuyv422 y210 xv30 y216 xv48 y212 xv36 yuv420p
[ 267.588][d][hwupload] looking at format d3d11/yuv420p
[ 267.588][d][hwupload]   not supported by VO
[ 267.588][v][vf] [out] 3840x2160 d3d11[nv12] bt.709/bt.709/bt.1886/limited/display CL=mpeg2/4/h264 crop=3840x2160+0+0 A=none
[ 267.589][i][cplayer] VO: [gpu] 3840x2160 d3d11[nv12]
[ 267.589][v][cplayer] VO: Description: Shader-based GPU Renderer
[ 267.589][v][vo/gpu] reconfig to 3840x2160 d3d11[nv12] bt.709/bt.709/bt.1886/limited/display CL=mpeg2/4/h264 crop=3840x2160+0+0 A=none
[ 267.589][d][vo/gpu] max content size: 1920x1140
[ 267.589][d][vo/gpu] monitor size: 1920x1200
[ 267.590][v][vo/gpu] Resize: 1920x1200
[ 267.590][v][vo/gpu] Window size: 1920x1200 (Borders: l=0 t=0 r=0 b=0)
[ 267.590][v][vo/gpu] Video source: 3840x2160 (1:1)
[ 267.590][v][vo/gpu] Video display: (190, 0) 3458x2160 -> (0, 0) 1920x1200
[ 267.590][v][vo/gpu] Video scale: 0.555234/0.555556
[ 267.590][v][vo/gpu] OSD borders: l=-106 t=0 r=-107 b=0
[ 267.590][v][vo/gpu] Video borders: l=0 t=0 r=0 b=0
[ 267.590][v][vo/gpu] Reported display depth: 8
[ 267.590][v][vo/gpu] Testing FBO format rgba16hf
[ 267.590][d][vo/gpu] Resizing texture: 16x16
[ 267.590][v][vo/gpu] Using FBO format rgba16hf.
[ 267.590][v][vo/gpu] No advanced processing required. Enabling dumb mode.
[ 267.591][v][vo/gpu] Resize: 1920x1200
[ 267.591][v][vo/gpu] Window size: 1920x1200 (Borders: l=0 t=0 r=0 b=0)
[ 267.591][v][vo/gpu] Video source: 3840x2160 (1:1)
[ 267.591][v][vo/gpu] Video display: (190, 0) 3458x2160 -> (0, 0) 1920x1200
[ 267.591][v][vo/gpu] Video scale: 0.555234/0.555556
[ 267.591][v][vo/gpu] OSD borders: l=-106 t=0 r=-107 b=0
[ 267.591][v][vo/gpu] Video borders: l=0 t=0 r=0 b=0
[ 267.591][v][vo/gpu] Reported display depth: 8
[ 267.607][v][cplayer] first video frame after restart shown
[ 267.607][d][cplayer] starting video playback
[ 267.607][v][cplayer] playback restart complete @ 0.000000, audio=eof, video=playing (paused)
[ 272.572][v][ipc_160] Client connected
[ 272.572][v][cplayer] Set property: pause=true -> 1
[ 272.572][v][ipc_160] Client disconnected
[ 272.572][d][ipc_160] Destroying client handle...
[ 272.573][v][ipc_161] Client connected
[ 272.573][d][cplayer] Run command: loadfile, flags=64, args=[url="E:\\ВсякоеРазное\\Свалка\\Обои\\Wallsets\\Наборы\\Первый набор\\913630980 — 创世破晓CG.mp4", flags="replace", index="-1", options=""]
[ 272.573][v][cplayer] EOF code: 3  
[ 272.573][v][ipc_161] Client disconnected
[ 272.573][d][ipc_161] Destroying client handle...
[ 272.573][d][vd] Uninit decoder.
[ 272.575][v][ipc_162] Client connected
[ 272.577][d][cplayer] Terminating demuxers...
[ 272.578][v][ipc_162] Client disconnected
[ 272.578][d][ipc_162] Destroying client handle...
[ 272.578][d][cplayer] Done terminating demuxers.
[ 272.578][v][cplayer] finished playback, success (reason 2)
[ 272.578][v][cplayer] Running hook: ytdl_hook/on_after_end_file
[ 272.578][v][ipc_163] Client connected
[ 272.579][d][cplayer] Run command: del, flags=64, args=[name="user-data/mpv/ytdl/json-subprocess-result"]
[ 272.579][d][global] state path: 'watch_later' -> '-'
[ 272.579][v][cplayer] Running hook: ytdl_hook/on_load
[ 272.579][v][ipc_163] Client disconnected
[ 272.579][d][ipc_163] Destroying client handle...
[ 272.580][v][cplayer] Running hook: ytdl_hook/on_load
[ 272.580][v][ytdl_hook] playlist hook
[ 272.581][v][ifo_dvda] Opening E:\ВсякоеРазное\Свалка\Обои\Wallsets\Наборы\Первый набор\913630980 — 创世破晓CG.mp4
[ 272.581][v][ifo_dvdnav] Opening E:\ВсякоеРазное\Свалка\Обои\Wallsets\Наборы\Первый набор\913630980 — 创世破晓CG.mp4
[ 272.581][v][bdmv/bluray] Opening E:\ВсякоеРазное\Свалка\Обои\Wallsets\Наборы\Первый набор\913630980 — 创世破晓CG.mp4
[ 272.581][v][file] Opening E:\ВсякоеРазное\Свалка\Обои\Wallsets\Наборы\Первый набор\913630980 — 创世破晓CG.mp4
[ 272.581][d][file] resize stream to 131072 bytes, drop 0 bytes
[ 272.581][d][file] Stream opened successfully.
[ 272.581][v][demux] Trying demuxers for level=normal.
[ 272.581][d][demux] Trying demuxer: directory (force-level: normal)
[ 272.581][d][demux] Trying demuxer: disc (force-level: normal)
[ 272.581][d][demux] Trying demuxer: edl (force-level: normal)
[ 272.581][d][demux] Trying demuxer: cue (force-level: normal)
[ 272.581][d][demux] Trying demuxer: rawaudio (force-level: normal)
[ 272.581][d][demux] Trying demuxer: rawvideo (force-level: normal)
[ 272.581][d][demux] Trying demuxer: mkv (force-level: normal)
[ 272.581][d][demux] Trying demuxer: libarchive (force-level: normal)
[ 272.581][d][demux] Trying demuxer: subrandr (force-level: normal)
[ 272.581][d][demux] Trying demuxer: lavf (force-level: normal)
[ 272.583][v][lavf] Found 'mov,mp4,m4a,3gp,3g2,mj2' at score=100 size=2048.
[ 272.584][v][file] stream level seek from 131072 to 5644332
[ 272.584][v][lavf] Could not set AVOption http_persistent='0'
[ 272.585][v][lavf] Could not set AVOption http_multiple='1'
[ 272.585][v][demux] Detected file format: mov,mp4,m4a,3gp,3g2,mj2 (libavformat)
[ 272.585][v][cplayer] Opening done: E:\ВсякоеРазное\Свалка\Обои\Wallsets\Наборы\Первый набор\913630980 — 创世破晓CG.mp4
[ 272.585][v][find_files] Loading external files in E:\ВсякоеРазное\Свалка\Обои\Wallsets\Наборы\Первый набор\
[ 272.585][v][cplayer] Running hook: ytdl_hook/on_preloaded
[ 272.585][v][lavf] select track 0
[ 272.585][i][cplayer] ● Video  --vid=1  (h264 1920x1080 29.97 fps 3613 kbps) [default]
[ 272.585][i][cplayer] ○ Audio  --aid=1  (aac 2ch 44100 Hz 126 kbps) [default]
[ 272.586][v][vd] Container reported FPS: 29.970030
[ 272.586][v][vd] Codec list:
[ 272.586][v][vd]     h264 - H.264 / AVC / MPEG-4 AVC / MPEG-4 part 10
[ 272.586][v][vd]     h264_qsv (h264) - H264 video (Intel Quick Sync Video acceleration)
[ 272.586][v][vd]     h264_amf (h264) - H264 AMD AMF video decoder
[ 272.586][v][vd]     h264_cuvid (h264) - Nvidia CUVID H264 decoder
[ 272.586][v][vd] Opening decoder h264
[ 272.586][v][vd] Looking at hwdec h264-d3d11va...
[ 272.586][v][vo/gpu] Loading hwdec drivers for format: 'd3d11'
[ 272.586][v][vo/gpu] Loading hwdec driver 'd3d11-egl'
[ 272.586][v][vo/gpu] Loading failed.
[ 272.586][v][vd] Trying hardware decoding via h264-d3d11va.
[ 272.586][v][vd] Requesting 4 threads for decoding.
[ 272.586][v][vd] Selected decoder: h264 - H.264 / AVC / MPEG-4 AVC / MPEG-4 part 10
[ 272.586][v][vf] User filter list:
[ 272.586][v][vf]   (empty)
[ 272.586][v][cplayer] Starting playback...
[ 272.586][v][file] stream level seek from 5655801 to 48
[ 272.587][v][vd] Pixel formats supported by decoder: vulkan cuda cuarray dxva2_vld d3d11va_vld d3d11 d3d12 vaapi yuv420p
[ 272.587][v][vd] Codec profile: High (0x64)
[ 272.589][v][vd] Allocated a fixed pool of 26 hw surfaces.
[ 272.589][v][vd] Requesting pixfmt 'd3d11' from decoder.
[ 272.589][d][ffmpeg/video] h264: Decoder GUIDs reported as supported:
[ 272.589][d][ffmpeg/video] h264: {86695f12-340e-4f04-9fd3-9253dd327460} 103 106
[ 272.590][d][ffmpeg/video] h264: {ee27417f-5e28-4e65-beea-1d26b508adc9} 103 106
[ 272.590][d][ffmpeg/video] h264: {6f3ec719-3735-42cc-8063-65cc3cb36616} 103 106
[ 272.590][d][ffmpeg/video] h264: {1b81bea4-a0c7-11d3-b984-00c04f2e73c5} 103 106
[ 272.590][d][ffmpeg/video] h264: {1b81bea3-a0c7-11d3-b984-00c04f2e73c5} 103 106
[ 272.590][d][ffmpeg/video] h264: {32fcfe3f-de46-4a49-861b-ac71110649d5} 103 106
[ 272.591][d][ffmpeg/video] h264: {d79be8da-0cf1-4c81-b82a-69a4e236f43d} 103 106
[ 272.591][d][ffmpeg/video] h264: {f9aaccbb-c2b6-4cfc-8779-5707b1760552} 103 106
[ 272.591][d][ffmpeg/video] h264: {1b81be68-a0c7-11d3-b984-00c04f2e73c5} 103 106
[ 272.591][d][ffmpeg/video] h264: {5b11d51b-2f4c-4452-bcc3-09f2a1160cc0} 103 106
[ 272.591][d][ffmpeg/video] h264: {107af0e0-ef1a-4d19-aba8-67a163073d13} 104 106
[ 272.592][d][ffmpeg/video] h264: {1a72925f-0c2c-4f15-96fb-b17d1473603f} 104 106
[ 272.592][d][ffmpeg/video] h264: {15df9b21-06c4-47f1-841e-a67c97d7f312} 103 106
[ 272.592][d][ffmpeg/video] h264: {efd64d74-c9e8-41d7-a5e9-e9b0e39fa319} 103 106
[ 272.592][d][ffmpeg/video] h264: {ed418a9f-010d-4eda-9ae3-9a65358d8d2e} 103 106
[ 272.592][d][ffmpeg/video] h264: {9947ec6f-689b-11dc-a320-0019dbbc4184} 103 106
[ 272.592][d][ffmpeg/video] h264: {33fcfe41-de46-4a49-861b-ac71110649d5} 103 106 107
[ 272.593][d][ffmpeg/video] h264: {463707f8-a1d0-4585-876d-83aa6d60b89e} 103 106
[ 272.593][d][ffmpeg/video] h264: {a4c749ef-6ecf-48aa-8448-50a7a1165ff7} 104 106
[ 272.593][d][ffmpeg/video] h264: {dda19dc7-93b5-49f5-a9b3-2bda28a2ce6e} 104 106
[ 272.593][d][ffmpeg/video] h264: {b8be4ccb-cf53-46ba-8d59-d6b8a6da5d2a} 103 104 106
[ 272.593][d][ffmpeg/video] h264: {6affd11e-1d96-42b1-a215-93a31f09a53d} 103 106
[ 272.593][d][ffmpeg/video] h264: {914c84a3-4078-4fa9-984c-e2f262cb5c9c} 103 106
[ 272.594][d][ffmpeg/video] h264: {8a1a1031-29bc-46d0-a007-e9b092ca6767} 103 106
[ 272.594][d][ffmpeg/video] h264: Reinit context to 1920x1088, pix_fmt: d3d11
[ 272.596][i][vd] Using hardware decoding (d3d11va).
[ 272.596][v][vd] Decoder format: 1920x1080 d3d11[nv12] bt.709/bt.709/bt.1886/limited/auto CL=mpeg2/4/h264 crop=1920x1080+0+0 A=none
[ 272.596][v][vf] [in] 1920x1080 d3d11[nv12] bt.709/bt.709/bt.1886/limited/display CL=mpeg2/4/h264 crop=1920x1080+0+0 A=none
[ 272.596][v][vf] [userdeint] 1920x1080 d3d11[nv12] bt.709/bt.709/bt.1886/limited/display CL=mpeg2/4/h264 crop=1920x1080+0+0 A=none
[ 272.596][v][vf] [userdeint] (disabled)
[ 272.596][v][vf] [autovflip] 1920x1080 d3d11[nv12] bt.709/bt.709/bt.1886/limited/display CL=mpeg2/4/h264 crop=1920x1080+0+0 A=none
[ 272.596][v][vf] [autovflip] (disabled)
[ 272.596][v][vf] [autorotate] 1920x1080 d3d11[nv12] bt.709/bt.709/bt.1886/limited/display CL=mpeg2/4/h264 crop=1920x1080+0+0 A=none
[ 272.596][v][vf] [autorotate] (disabled)
[ 272.596][v][vf] [convert] 1920x1080 d3d11[nv12] bt.709/bt.709/bt.1886/limited/display CL=mpeg2/4/h264 crop=1920x1080+0+0 A=none
[ 272.596][v][vo/gpu] Loading hwdec drivers for format: 'd3d11'
[ 272.596][v][vo/gpu] Loading hwdec driver 'd3d11-egl'
[ 272.596][v][vo/gpu] Loading failed.
[ 272.596][d][hwupload] looking at format d3d11/nv12
[ 272.596][d][hwupload]   supports: nv12 p010 bgra x2bgr10 rgbaf16 vuyx yuyv422 y210 xv30 y216 xv48 y212 xv36 yuv420p
[ 272.596][d][hwupload] looking at format d3d11/p010
[ 272.596][d][hwupload]   supports: nv12 p010 bgra x2bgr10 rgbaf16 vuyx yuyv422 y210 xv30 y216 xv48 y212 xv36 yuv420p
[ 272.596][d][hwupload] looking at format d3d11/bgra
[ 272.596][d][hwupload]   supports: nv12 p010 bgra x2bgr10 rgbaf16 vuyx yuyv422 y210 xv30 y216 xv48 y212 xv36 yuv420p
[ 272.596][d][hwupload] looking at format d3d11/x2bgr10
[ 272.596][d][hwupload]   supports: nv12 p010 bgra x2bgr10 rgbaf16 vuyx yuyv422 y210 xv30 y216 xv48 y212 xv36 yuv420p
[ 272.596][d][hwupload] looking at format d3d11/rgbaf16
[ 272.596][d][hwupload]   supports: nv12 p010 bgra x2bgr10 rgbaf16 vuyx yuyv422 y210 xv30 y216 xv48 y212 xv36 yuv420p
[ 272.596][d][hwupload] looking at format d3d11/vuyx
[ 272.596][d][hwupload]   supports: nv12 p010 bgra x2bgr10 rgbaf16 vuyx yuyv422 y210 xv30 y216 xv48 y212 xv36 yuv420p
[ 272.596][d][hwupload] looking at format d3d11/yuyv422
[ 272.596][d][hwupload]   not supported by VO
[ 272.596][d][hwupload] looking at format d3d11/y210
[ 272.596][d][hwupload]   not supported by VO
[ 272.596][d][hwupload] looking at format d3d11/xv30
[ 272.596][d][hwupload]   supports: nv12 p010 bgra x2bgr10 rgbaf16 vuyx yuyv422 y210 xv30 y216 xv48 y212 xv36 yuv420p
[ 272.596][d][hwupload] looking at format d3d11/y216
[ 272.596][d][hwupload]   not supported by VO
[ 272.596][d][hwupload] looking at format d3d11/xv48
[ 272.597][d][hwupload]   supports: nv12 p010 bgra x2bgr10 rgbaf16 vuyx yuyv422 y210 xv30 y216 xv48 y212 xv36 yuv420p
[ 272.597][d][hwupload] looking at format d3d11/y212
[ 272.597][d][hwupload]   not supported by VO
[ 272.597][d][hwupload] looking at format d3d11/xv36
[ 272.597][d][hwupload]   supports: nv12 p010 bgra x2bgr10 rgbaf16 vuyx yuyv422 y210 xv30 y216 xv48 y212 xv36 yuv420p
[ 272.597][d][hwupload] looking at format d3d11/yuv420p
[ 272.597][d][hwupload]   not supported by VO
[ 272.597][v][vf] [out] 1920x1080 d3d11[nv12] bt.709/bt.709/bt.1886/limited/display CL=mpeg2/4/h264 crop=1920x1080+0+0 A=none
[ 272.597][i][cplayer] VO: [gpu] 1920x1080 d3d11[nv12]
[ 272.597][v][cplayer] VO: Description: Shader-based GPU Renderer
[ 272.597][v][vo/gpu] reconfig to 1920x1080 d3d11[nv12] bt.709/bt.709/bt.1886/limited/display CL=mpeg2/4/h264 crop=1920x1080+0+0 A=none
[ 272.597][d][vo/gpu] max content size: 1920x1140
[ 272.597][d][vo/gpu] monitor size: 1920x1200
[ 272.598][v][vo/gpu] Resize: 1920x1200
[ 272.598][v][vo/gpu] Window size: 1920x1200 (Borders: l=0 t=0 r=0 b=0)
[ 272.598][v][vo/gpu] Video source: 1920x1080 (1:1)
[ 272.598][v][vo/gpu] Video display: (95, 0) 1729x1080 -> (0, 0) 1920x1200
[ 272.598][v][vo/gpu] Video scale: 1.110468/1.111111
[ 272.598][v][vo/gpu] OSD borders: l=-106 t=0 r=-107 b=0
[ 272.598][v][vo/gpu] Video borders: l=0 t=0 r=0 b=0
[ 272.598][v][vo/gpu] Reported display depth: 8
[ 272.598][v][vo/gpu] Testing FBO format rgba16hf
[ 272.598][d][vo/gpu] Resizing texture: 16x16
[ 272.598][v][vo/gpu] Using FBO format rgba16hf.
[ 272.598][v][vo/gpu] No advanced processing required. Enabling dumb mode.
[ 272.599][v][vo/gpu] Resize: 1920x1200
[ 272.599][v][vo/gpu] Window size: 1920x1200 (Borders: l=0 t=0 r=0 b=0)
[ 272.599][v][vo/gpu] Video source: 1920x1080 (1:1)
[ 272.599][v][vo/gpu] Video display: (95, 0) 1729x1080 -> (0, 0) 1920x1200
[ 272.599][v][vo/gpu] Video scale: 1.110468/1.111111
[ 272.599][v][vo/gpu] OSD borders: l=-106 t=0 r=-107 b=0
[ 272.599][v][vo/gpu] Video borders: l=0 t=0 r=0 b=0
[ 272.599][v][vo/gpu] Reported display depth: 8
[ 272.602][v][cplayer] first video frame after restart shown
[ 272.602][d][cplayer] starting video playback
[ 272.602][v][cplayer] playback restart complete @ 0.000000, audio=eof, video=playing (paused)
[ 277.592][v][ipc_164] Client connected
[ 277.592][v][cplayer] Set property: pause=true -> 1
[ 277.592][v][ipc_164] Client disconnected
[ 277.592][d][ipc_164] Destroying client handle...
[ 277.592][v][ipc_165] Client connected
[ 277.592][d][cplayer] Run command: loadfile, flags=64, args=[url="E:\\ВсякоеРазное\\Свалка\\Обои\\Wallsets\\Наборы\\Первый набор\\1709777756 — 'Thinking' Chill & Study [1080- UW][W Lofi].mp4", flags="replace", index="-1", options=""]
[ 277.592][v][cplayer] EOF code: 3  
[ 277.592][d][vd] Uninit decoder.
[ 277.592][v][ipc_165] Client disconnected
[ 277.592][d][ipc_165] Destroying client handle...
[ 277.594][v][ipc_166] Client connected
[ 277.595][d][cplayer] Terminating demuxers...
[ 277.595][d][cplayer] Done terminating demuxers.
[ 277.595][v][cplayer] finished playback, success (reason 2)
[ 277.595][v][cplayer] Running hook: ytdl_hook/on_after_end_file
[ 277.595][v][ipc_166] Client disconnected
[ 277.595][d][ipc_166] Destroying client handle...
[ 277.595][d][cplayer] Run command: del, flags=64, args=[name="user-data/mpv/ytdl/json-subprocess-result"]
[ 277.595][d][global] state path: 'watch_later' -> '-'
[ 277.595][v][cplayer] Running hook: ytdl_hook/on_load
[ 277.595][v][ipc_167] Client connected
[ 277.597][v][cplayer] Running hook: ytdl_hook/on_load
[ 277.597][v][ytdl_hook] playlist hook
[ 277.597][v][ipc_167] Client disconnected
[ 277.597][d][ipc_167] Destroying client handle...
[ 277.598][v][ifo_dvda] Opening E:\ВсякоеРазное\Свалка\Обои\Wallsets\Наборы\Первый набор\1709777756 — 'Thinking' Chill & Study [1080- UW][W Lofi].mp4
[ 277.598][v][ifo_dvdnav] Opening E:\ВсякоеРазное\Свалка\Обои\Wallsets\Наборы\Первый набор\1709777756 — 'Thinking' Chill & Study [1080- UW][W Lofi].mp4
[ 277.599][v][bdmv/bluray] Opening E:\ВсякоеРазное\Свалка\Обои\Wallsets\Наборы\Первый набор\1709777756 — 'Thinking' Chill & Study [1080- UW][W Lofi].mp4
[ 277.599][v][file] Opening E:\ВсякоеРазное\Свалка\Обои\Wallsets\Наборы\Первый набор\1709777756 — 'Thinking' Chill & Study [1080- UW][W Lofi].mp4
[ 277.599][d][file] resize stream to 131072 bytes, drop 0 bytes
[ 277.599][d][file] Stream opened successfully.
[ 277.599][v][demux] Trying demuxers for level=normal.
[ 277.599][d][demux] Trying demuxer: directory (force-level: normal)
[ 277.599][d][demux] Trying demuxer: disc (force-level: normal)
[ 277.599][d][demux] Trying demuxer: edl (force-level: normal)
[ 277.599][d][demux] Trying demuxer: cue (force-level: normal)
[ 277.599][d][demux] Trying demuxer: rawaudio (force-level: normal)
[ 277.599][d][demux] Trying demuxer: rawvideo (force-level: normal)
[ 277.599][d][demux] Trying demuxer: mkv (force-level: normal)
[ 277.599][d][demux] Trying demuxer: libarchive (force-level: normal)
[ 277.599][d][demux] Trying demuxer: subrandr (force-level: normal)
[ 277.599][d][demux] Trying demuxer: lavf (force-level: normal)
[ 277.601][v][lavf] Found 'mov,mp4,m4a,3gp,3g2,mj2' at score=100 size=2048.
[ 277.603][v][lavf] Could not set AVOption http_persistent='0'
[ 277.603][v][lavf] Could not set AVOption http_multiple='1'
[ 277.603][v][demux] Detected file format: mov,mp4,m4a,3gp,3g2,mj2 (libavformat)
[ 277.603][v][cplayer] Opening done: E:\ВсякоеРазное\Свалка\Обои\Wallsets\Наборы\Первый набор\1709777756 — 'Thinking' Chill & Study [1080- UW][W Lofi].mp4
[ 277.603][v][find_files] Loading external files in E:\ВсякоеРазное\Свалка\Обои\Wallsets\Наборы\Первый набор\
[ 277.604][v][cplayer] Running hook: ytdl_hook/on_preloaded
[ 277.604][v][lavf] select track 0
[ 277.604][i][cplayer] ● Video  --vid=1  (h264 1920x1080 30 fps 3163 kbps) [default]
[ 277.604][i][cplayer] ○ Audio  --aid=1  (aac 2ch 44100 Hz 198 kbps) [default]
[ 277.604][i][display-tags] File tags:
[ 277.604][i][display-tags]  Artist: nostalgia
[ 277.604][i][display-tags]  Comment: converted by convert2mp3.net
[ 277.604][i][display-tags]  Title: 'Thinking' Chill & Study [1080- UW][W Lofi]
[ 277.604][v][vd] Container reported FPS: 30.000000
[ 277.604][v][vd] Codec list:
[ 277.604][v][vd]     h264 - H.264 / AVC / MPEG-4 AVC / MPEG-4 part 10
[ 277.604][v][vd]     h264_qsv (h264) - H264 video (Intel Quick Sync Video acceleration)
[ 277.604][v][vd]     h264_amf (h264) - H264 AMD AMF video decoder
[ 277.604][v][vd]     h264_cuvid (h264) - Nvidia CUVID H264 decoder
[ 277.604][v][vd] Opening decoder h264
[ 277.605][v][vd] Looking at hwdec h264-d3d11va...
[ 277.605][v][vo/gpu] Loading hwdec drivers for format: 'd3d11'
[ 277.605][v][vo/gpu] Loading hwdec driver 'd3d11-egl'
[ 277.605][v][vo/gpu] Loading failed.
[ 277.605][v][vd] Trying hardware decoding via h264-d3d11va.
[ 277.605][v][vd] Requesting 4 threads for decoding.
[ 277.605][v][vd] Selected decoder: h264 - H.264 / AVC / MPEG-4 AVC / MPEG-4 part 10
[ 277.605][v][vf] User filter list:
[ 277.605][v][vf]   (empty)
[ 277.605][v][cplayer] Starting playback...
[ 277.606][v][vd] Pixel formats supported by decoder: vulkan cuda cuarray dxva2_vld d3d11va_vld d3d11 d3d12 vaapi yuv420p
[ 277.606][v][vd] Codec profile: High (0x64)
[ 277.608][v][vd] Allocated a fixed pool of 26 hw surfaces.
[ 277.608][v][vd] Requesting pixfmt 'd3d11' from decoder.
[ 277.608][d][ffmpeg/video] h264: Decoder GUIDs reported as supported:
[ 277.608][d][ffmpeg/video] h264: {86695f12-340e-4f04-9fd3-9253dd327460} 103 106
[ 277.608][d][ffmpeg/video] h264: {ee27417f-5e28-4e65-beea-1d26b508adc9} 103 106
[ 277.609][d][ffmpeg/video] h264: {6f3ec719-3735-42cc-8063-65cc3cb36616} 103 106
[ 277.609][d][ffmpeg/video] h264: {1b81bea4-a0c7-11d3-b984-00c04f2e73c5} 103 106
[ 277.609][d][ffmpeg/video] h264: {1b81bea3-a0c7-11d3-b984-00c04f2e73c5} 103 106
[ 277.609][d][ffmpeg/video] h264: {32fcfe3f-de46-4a49-861b-ac71110649d5} 103 106
[ 277.609][d][ffmpeg/video] h264: {d79be8da-0cf1-4c81-b82a-69a4e236f43d} 103 106
[ 277.610][d][ffmpeg/video] h264: {f9aaccbb-c2b6-4cfc-8779-5707b1760552} 103 106
[ 277.610][d][ffmpeg/video] h264: {1b81be68-a0c7-11d3-b984-00c04f2e73c5} 103 106
[ 277.610][d][ffmpeg/video] h264: {5b11d51b-2f4c-4452-bcc3-09f2a1160cc0} 103 106
[ 277.610][d][ffmpeg/video] h264: {107af0e0-ef1a-4d19-aba8-67a163073d13} 104 106
[ 277.611][d][ffmpeg/video] h264: {1a72925f-0c2c-4f15-96fb-b17d1473603f} 104 106
[ 277.611][d][ffmpeg/video] h264: {15df9b21-06c4-47f1-841e-a67c97d7f312} 103 106
[ 277.611][d][ffmpeg/video] h264: {efd64d74-c9e8-41d7-a5e9-e9b0e39fa319} 103 106
[ 277.611][d][ffmpeg/video] h264: {ed418a9f-010d-4eda-9ae3-9a65358d8d2e} 103 106
[ 277.611][d][ffmpeg/video] h264: {9947ec6f-689b-11dc-a320-0019dbbc4184} 103 106
[ 277.611][d][ffmpeg/video] h264: {33fcfe41-de46-4a49-861b-ac71110649d5} 103 106 107
[ 277.611][d][ffmpeg/video] h264: {463707f8-a1d0-4585-876d-83aa6d60b89e} 103 106
[ 277.612][d][ffmpeg/video] h264: {a4c749ef-6ecf-48aa-8448-50a7a1165ff7} 104 106
[ 277.612][d][ffmpeg/video] h264: {dda19dc7-93b5-49f5-a9b3-2bda28a2ce6e} 104 106
[ 277.612][d][ffmpeg/video] h264: {b8be4ccb-cf53-46ba-8d59-d6b8a6da5d2a} 103 104 106
[ 277.612][d][ffmpeg/video] h264: {6affd11e-1d96-42b1-a215-93a31f09a53d} 103 106
[ 277.612][d][ffmpeg/video] h264: {914c84a3-4078-4fa9-984c-e2f262cb5c9c} 103 106
[ 277.612][d][ffmpeg/video] h264: {8a1a1031-29bc-46d0-a007-e9b092ca6767} 103 106
[ 277.613][d][ffmpeg/video] h264: Reinit context to 1920x1088, pix_fmt: d3d11
[ 277.616][i][vd] Using hardware decoding (d3d11va).
[ 277.616][v][vd] Decoder format: 1920x1080 d3d11[nv12] bt.709/bt.709/srgb/limited/auto CL=mpeg2/4/h264 crop=1920x1080+0+0 A=none
[ 277.616][v][vd] Using container aspect ratio.
[ 277.616][v][vf] [in] 1920x1080 d3d11[nv12] bt.709/bt.709/srgb/limited/display CL=mpeg2/4/h264 crop=1920x1080+0+0 A=none
[ 277.616][v][vf] [userdeint] 1920x1080 d3d11[nv12] bt.709/bt.709/srgb/limited/display CL=mpeg2/4/h264 crop=1920x1080+0+0 A=none
[ 277.616][v][vf] [userdeint] (disabled)
[ 277.616][v][vf] [autovflip] 1920x1080 d3d11[nv12] bt.709/bt.709/srgb/limited/display CL=mpeg2/4/h264 crop=1920x1080+0+0 A=none
[ 277.616][v][vf] [autovflip] (disabled)
[ 277.616][v][vf] [autorotate] 1920x1080 d3d11[nv12] bt.709/bt.709/srgb/limited/display CL=mpeg2/4/h264 crop=1920x1080+0+0 A=none
[ 277.616][v][vf] [autorotate] (disabled)
[ 277.616][v][vf] [convert] 1920x1080 d3d11[nv12] bt.709/bt.709/srgb/limited/display CL=mpeg2/4/h264 crop=1920x1080+0+0 A=none
[ 277.616][v][vo/gpu] Loading hwdec drivers for format: 'd3d11'
[ 277.616][v][vo/gpu] Loading hwdec driver 'd3d11-egl'
[ 277.616][v][vo/gpu] Loading failed.
[ 277.616][d][hwupload] looking at format d3d11/nv12
[ 277.616][d][hwupload]   supports: nv12 p010 bgra x2bgr10 rgbaf16 vuyx yuyv422 y210 xv30 y216 xv48 y212 xv36 yuv420p
[ 277.616][d][hwupload] looking at format d3d11/p010
[ 277.616][d][hwupload]   supports: nv12 p010 bgra x2bgr10 rgbaf16 vuyx yuyv422 y210 xv30 y216 xv48 y212 xv36 yuv420p
[ 277.616][d][hwupload] looking at format d3d11/bgra
[ 277.616][d][hwupload]   supports: nv12 p010 bgra x2bgr10 rgbaf16 vuyx yuyv422 y210 xv30 y216 xv48 y212 xv36 yuv420p
[ 277.616][d][hwupload] looking at format d3d11/x2bgr10
[ 277.616][d][hwupload]   supports: nv12 p010 bgra x2bgr10 rgbaf16 vuyx yuyv422 y210 xv30 y216 xv48 y212 xv36 yuv420p
[ 277.616][d][hwupload] looking at format d3d11/rgbaf16
[ 277.616][d][hwupload]   supports: nv12 p010 bgra x2bgr10 rgbaf16 vuyx yuyv422 y210 xv30 y216 xv48 y212 xv36 yuv420p
[ 277.616][d][hwupload] looking at format d3d11/vuyx
[ 277.616][d][hwupload]   supports: nv12 p010 bgra x2bgr10 rgbaf16 vuyx yuyv422 y210 xv30 y216 xv48 y212 xv36 yuv420p
[ 277.616][d][hwupload] looking at format d3d11/yuyv422
[ 277.616][d][hwupload]   not supported by VO
[ 277.616][d][hwupload] looking at format d3d11/y210
[ 277.616][d][hwupload]   not supported by VO
[ 277.616][d][hwupload] looking at format d3d11/xv30
[ 277.616][d][hwupload]   supports: nv12 p010 bgra x2bgr10 rgbaf16 vuyx yuyv422 y210 xv30 y216 xv48 y212 xv36 yuv420p
[ 277.616][d][hwupload] looking at format d3d11/y216
[ 277.616][d][hwupload]   not supported by VO
[ 277.616][d][hwupload] looking at format d3d11/xv48
[ 277.616][d][hwupload]   supports: nv12 p010 bgra x2bgr10 rgbaf16 vuyx yuyv422 y210 xv30 y216 xv48 y212 xv36 yuv420p
[ 277.616][d][hwupload] looking at format d3d11/y212
[ 277.616][d][hwupload]   not supported by VO
[ 277.616][d][hwupload] looking at format d3d11/xv36
[ 277.616][d][hwupload]   supports: nv12 p010 bgra x2bgr10 rgbaf16 vuyx yuyv422 y210 xv30 y216 xv48 y212 xv36 yuv420p
[ 277.616][d][hwupload] looking at format d3d11/yuv420p
[ 277.616][d][hwupload]   not supported by VO
[ 277.616][v][vf] [out] 1920x1080 d3d11[nv12] bt.709/bt.709/srgb/limited/display CL=mpeg2/4/h264 crop=1920x1080+0+0 A=none
[ 277.616][i][cplayer] VO: [gpu] 1920x1080 d3d11[nv12]
[ 277.616][v][cplayer] VO: Description: Shader-based GPU Renderer
[ 277.616][v][vo/gpu] reconfig to 1920x1080 d3d11[nv12] bt.709/bt.709/srgb/limited/display CL=mpeg2/4/h264 crop=1920x1080+0+0 A=none
[ 277.616][d][vo/gpu] max content size: 1920x1140
[ 277.616][d][vo/gpu] monitor size: 1920x1200
[ 277.617][v][vo/gpu] Resize: 1920x1200
[ 277.617][v][vo/gpu] Window size: 1920x1200 (Borders: l=0 t=0 r=0 b=0)
[ 277.617][v][vo/gpu] Video source: 1920x1080 (1:1)
[ 277.617][v][vo/gpu] Video display: (95, 0) 1729x1080 -> (0, 0) 1920x1200
[ 277.617][v][vo/gpu] Video scale: 1.110468/1.111111
[ 277.617][v][vo/gpu] OSD borders: l=-106 t=0 r=-107 b=0
[ 277.617][v][vo/gpu] Video borders: l=0 t=0 r=0 b=0
[ 277.617][v][vo/gpu] Reported display depth: 8
[ 277.617][v][vo/gpu] Testing FBO format rgba16hf
[ 277.617][d][vo/gpu] Resizing texture: 16x16
[ 277.617][v][vo/gpu] Using FBO format rgba16hf.
[ 277.617][v][vo/gpu] No advanced processing required. Enabling dumb mode.
[ 277.618][v][vo/gpu] Resize: 1920x1200
[ 277.618][v][vo/gpu] Window size: 1920x1200 (Borders: l=0 t=0 r=0 b=0)
[ 277.618][v][vo/gpu] Video source: 1920x1080 (1:1)
[ 277.618][v][vo/gpu] Video display: (95, 0) 1729x1080 -> (0, 0) 1920x1200
[ 277.618][v][vo/gpu] Video scale: 1.110468/1.111111
[ 277.618][v][vo/gpu] OSD borders: l=-106 t=0 r=-107 b=0
[ 277.618][v][vo/gpu] Video borders: l=0 t=0 r=0 b=0
[ 277.618][v][vo/gpu] Reported display depth: 8
[ 277.622][v][cplayer] first video frame after restart shown
[ 277.622][d][cplayer] starting video playback
[ 277.622][v][cplayer] playback restart complete @ 0.000000, audio=eof, video=playing (paused)
[ 282.616][v][ipc_168] Client connected
[ 282.616][v][cplayer] Set property: pause=true -> 1
[ 282.616][v][ipc_168] Client disconnected
[ 282.616][d][ipc_168] Destroying client handle...
[ 282.616][v][ipc_169] Client connected
[ 282.617][d][cplayer] Run command: loadfile, flags=64, args=[url="E:\\ВсякоеРазное\\Свалка\\Обои\\Wallsets\\Наборы\\Первый набор\\2035555250 — 她的房间.mp4", flags="replace", index="-1", options=""]
[ 282.617][v][cplayer] EOF code: 3  
[ 282.617][v][ipc_169] Client disconnected
[ 282.617][d][vd] Uninit decoder.
[ 282.617][d][ipc_169] Destroying client handle...
[ 282.618][v][ipc_170] Client connected
[ 282.620][d][cplayer] Terminating demuxers...
[ 282.620][d][cplayer] Done terminating demuxers.
[ 282.620][v][cplayer] finished playback, success (reason 2)
[ 282.620][v][cplayer] Running hook: ytdl_hook/on_after_end_file
[ 282.620][v][ipc_170] Client disconnected
[ 282.620][d][ipc_170] Destroying client handle...
[ 282.620][d][cplayer] Run command: del, flags=64, args=[name="user-data/mpv/ytdl/json-subprocess-result"]
[ 282.620][v][ipc_171] Client connected
[ 282.621][d][global] state path: 'watch_later' -> '-'
[ 282.621][v][cplayer] Running hook: ytdl_hook/on_load
[ 282.621][v][ipc_171] Client disconnected
[ 282.621][d][ipc_171] Destroying client handle...
[ 282.622][v][cplayer] Running hook: ytdl_hook/on_load
[ 282.622][v][ytdl_hook] playlist hook
[ 282.623][v][ifo_dvda] Opening E:\ВсякоеРазное\Свалка\Обои\Wallsets\Наборы\Первый набор\2035555250 — 她的房间.mp4
[ 282.623][v][ifo_dvdnav] Opening E:\ВсякоеРазное\Свалка\Обои\Wallsets\Наборы\Первый набор\2035555250 — 她的房间.mp4
[ 282.623][v][bdmv/bluray] Opening E:\ВсякоеРазное\Свалка\Обои\Wallsets\Наборы\Первый набор\2035555250 — 她的房间.mp4
[ 282.623][v][file] Opening E:\ВсякоеРазное\Свалка\Обои\Wallsets\Наборы\Первый набор\2035555250 — 她的房间.mp4
[ 282.623][d][file] resize stream to 131072 bytes, drop 0 bytes
[ 282.623][d][file] Stream opened successfully.
[ 282.623][v][demux] Trying demuxers for level=normal.
[ 282.623][d][demux] Trying demuxer: directory (force-level: normal)
[ 282.624][d][demux] Trying demuxer: disc (force-level: normal)
[ 282.624][d][demux] Trying demuxer: edl (force-level: normal)
[ 282.624][d][demux] Trying demuxer: cue (force-level: normal)
[ 282.624][d][demux] Trying demuxer: rawaudio (force-level: normal)
[ 282.624][d][demux] Trying demuxer: rawvideo (force-level: normal)
[ 282.624][d][demux] Trying demuxer: mkv (force-level: normal)
[ 282.624][d][demux] Trying demuxer: libarchive (force-level: normal)
[ 282.624][d][demux] Trying demuxer: subrandr (force-level: normal)
[ 282.624][d][demux] Trying demuxer: lavf (force-level: normal)
[ 282.626][v][lavf] Found 'mov,mp4,m4a,3gp,3g2,mj2' at score=100 size=2048.
[ 282.626][w][ffmpeg/demuxer] mov,mp4,m4a,3gp,3g2,mj2: st: 0 edit list: 1 Missing key frame while searching for timestamp: 0
[ 282.626][w][ffmpeg/demuxer] mov,mp4,m4a,3gp,3g2,mj2: st: 0 edit list 1 Cannot find an index entry before timestamp: 0.
[ 282.627][v][lavf] Could not set AVOption http_persistent='0'
[ 282.627][v][lavf] Could not set AVOption http_multiple='1'
[ 282.627][v][demux] Detected file format: mov,mp4,m4a,3gp,3g2,mj2 (libavformat)
[ 282.627][v][cplayer] Opening done: E:\ВсякоеРазное\Свалка\Обои\Wallsets\Наборы\Первый набор\2035555250 — 她的房间.mp4
[ 282.627][v][find_files] Loading external files in E:\ВсякоеРазное\Свалка\Обои\Wallsets\Наборы\Первый набор\
[ 282.628][v][cplayer] Running hook: ytdl_hook/on_preloaded
[ 282.628][v][lavf] select track 0
[ 282.628][i][cplayer] ● Video  --vid=1  --vlang=eng  (h264 1920x1080 30 fps 8028 kbps) [default]
[ 282.628][i][cplayer] ○ Audio  --aid=1  --alang=eng  (aac 2ch 48000 Hz 317 kbps) [default]
[ 282.628][v][vd] Container reported FPS: 30.000017
[ 282.628][v][vd] Codec list:
[ 282.628][v][vd]     h264 - H.264 / AVC / MPEG-4 AVC / MPEG-4 part 10
[ 282.628][v][vd]     h264_qsv (h264) - H264 video (Intel Quick Sync Video acceleration)
[ 282.628][v][vd]     h264_amf (h264) - H264 AMD AMF video decoder
[ 282.628][v][vd]     h264_cuvid (h264) - Nvidia CUVID H264 decoder
[ 282.628][v][vd] Opening decoder h264
[ 282.628][v][vd] Looking at hwdec h264-d3d11va...
[ 282.628][v][vo/gpu] Loading hwdec drivers for format: 'd3d11'
[ 282.628][v][vo/gpu] Loading hwdec driver 'd3d11-egl'
[ 282.628][v][vo/gpu] Loading failed.
[ 282.629][v][vd] Trying hardware decoding via h264-d3d11va.
[ 282.629][v][vd] Requesting 4 threads for decoding.
[ 282.629][v][vd] Selected decoder: h264 - H.264 / AVC / MPEG-4 AVC / MPEG-4 part 10
[ 282.629][v][vf] User filter list:
[ 282.629][v][vf]   (empty)
[ 282.629][v][cplayer] Starting playback...
[ 282.630][v][vd] Pixel formats supported by decoder: vulkan cuda cuarray dxva2_vld d3d11va_vld d3d11 d3d12 vaapi yuv420p
[ 282.630][v][vd] Codec profile: High (0x64)
[ 282.632][v][vd] Allocated a fixed pool of 26 hw surfaces.
[ 282.632][v][vd] Requesting pixfmt 'd3d11' from decoder.
[ 282.632][d][ffmpeg/video] h264: Decoder GUIDs reported as supported:
[ 282.632][d][ffmpeg/video] h264: {86695f12-340e-4f04-9fd3-9253dd327460} 103 106
[ 282.632][d][ffmpeg/video] h264: {ee27417f-5e28-4e65-beea-1d26b508adc9} 103 106
[ 282.632][d][ffmpeg/video] h264: {6f3ec719-3735-42cc-8063-65cc3cb36616} 103 106
[ 282.632][d][ffmpeg/video] h264: {1b81bea4-a0c7-11d3-b984-00c04f2e73c5} 103 106
[ 282.633][d][ffmpeg/video] h264: {1b81bea3-a0c7-11d3-b984-00c04f2e73c5} 103 106
[ 282.633][d][ffmpeg/video] h264: {32fcfe3f-de46-4a49-861b-ac71110649d5} 103 106
[ 282.633][d][ffmpeg/video] h264: {d79be8da-0cf1-4c81-b82a-69a4e236f43d} 103 106
[ 282.633][d][ffmpeg/video] h264: {f9aaccbb-c2b6-4cfc-8779-5707b1760552} 103 106
[ 282.633][d][ffmpeg/video] h264: {1b81be68-a0c7-11d3-b984-00c04f2e73c5} 103 106
[ 282.634][d][ffmpeg/video] h264: {5b11d51b-2f4c-4452-bcc3-09f2a1160cc0} 103 106
[ 282.634][d][ffmpeg/video] h264: {107af0e0-ef1a-4d19-aba8-67a163073d13} 104 106
[ 282.634][d][ffmpeg/video] h264: {1a72925f-0c2c-4f15-96fb-b17d1473603f} 104 106
[ 282.634][d][ffmpeg/video] h264: {15df9b21-06c4-47f1-841e-a67c97d7f312} 103 106
[ 282.634][d][ffmpeg/video] h264: {efd64d74-c9e8-41d7-a5e9-e9b0e39fa319} 103 106
[ 282.635][d][ffmpeg/video] h264: {ed418a9f-010d-4eda-9ae3-9a65358d8d2e} 103 106
[ 282.635][d][ffmpeg/video] h264: {9947ec6f-689b-11dc-a320-0019dbbc4184} 103 106
[ 282.635][d][ffmpeg/video] h264: {33fcfe41-de46-4a49-861b-ac71110649d5} 103 106 107
[ 282.635][d][ffmpeg/video] h264: {463707f8-a1d0-4585-876d-83aa6d60b89e} 103 106
[ 282.635][d][ffmpeg/video] h264: {a4c749ef-6ecf-48aa-8448-50a7a1165ff7} 104 106
[ 282.635][d][ffmpeg/video] h264: {dda19dc7-93b5-49f5-a9b3-2bda28a2ce6e} 104 106
[ 282.636][d][ffmpeg/video] h264: {b8be4ccb-cf53-46ba-8d59-d6b8a6da5d2a} 103 104 106
[ 282.636][d][ffmpeg/video] h264: {6affd11e-1d96-42b1-a215-93a31f09a53d} 103 106
[ 282.636][d][ffmpeg/video] h264: {914c84a3-4078-4fa9-984c-e2f262cb5c9c} 103 106
[ 282.636][d][ffmpeg/video] h264: {8a1a1031-29bc-46d0-a007-e9b092ca6767} 103 106
[ 282.636][d][ffmpeg/video] h264: Reinit context to 1920x1088, pix_fmt: d3d11
[ 282.638][i][vd] Using hardware decoding (d3d11va).
[ 282.638][v][vd] Decoder format: 1920x1080 d3d11[nv12] bt.709/bt.709/bt.1886/limited/auto CL=mpeg2/4/h264 crop=1920x1080+0+0 A=none
[ 282.638][v][vf] [in] 1920x1080 d3d11[nv12] bt.709/bt.709/bt.1886/limited/display CL=mpeg2/4/h264 crop=1920x1080+0+0 A=none
[ 282.638][v][vf] [userdeint] 1920x1080 d3d11[nv12] bt.709/bt.709/bt.1886/limited/display CL=mpeg2/4/h264 crop=1920x1080+0+0 A=none
[ 282.638][v][vf] [userdeint] (disabled)
[ 282.638][v][vf] [autovflip] 1920x1080 d3d11[nv12] bt.709/bt.709/bt.1886/limited/display CL=mpeg2/4/h264 crop=1920x1080+0+0 A=none
[ 282.638][v][vf] [autovflip] (disabled)
[ 282.638][v][vf] [autorotate] 1920x1080 d3d11[nv12] bt.709/bt.709/bt.1886/limited/display CL=mpeg2/4/h264 crop=1920x1080+0+0 A=none
[ 282.638][v][vf] [autorotate] (disabled)
[ 282.638][v][vf] [convert] 1920x1080 d3d11[nv12] bt.709/bt.709/bt.1886/limited/display CL=mpeg2/4/h264 crop=1920x1080+0+0 A=none
[ 282.638][v][vo/gpu] Loading hwdec drivers for format: 'd3d11'
[ 282.638][v][vo/gpu] Loading hwdec driver 'd3d11-egl'
[ 282.638][v][vo/gpu] Loading failed.
[ 282.638][d][hwupload] looking at format d3d11/nv12
[ 282.638][d][hwupload]   supports: nv12 p010 bgra x2bgr10 rgbaf16 vuyx yuyv422 y210 xv30 y216 xv48 y212 xv36 yuv420p
[ 282.638][d][hwupload] looking at format d3d11/p010
[ 282.638][d][hwupload]   supports: nv12 p010 bgra x2bgr10 rgbaf16 vuyx yuyv422 y210 xv30 y216 xv48 y212 xv36 yuv420p
[ 282.638][d][hwupload] looking at format d3d11/bgra
[ 282.638][d][hwupload]   supports: nv12 p010 bgra x2bgr10 rgbaf16 vuyx yuyv422 y210 xv30 y216 xv48 y212 xv36 yuv420p
[ 282.638][d][hwupload] looking at format d3d11/x2bgr10
[ 282.638][d][hwupload]   supports: nv12 p010 bgra x2bgr10 rgbaf16 vuyx yuyv422 y210 xv30 y216 xv48 y212 xv36 yuv420p
[ 282.638][d][hwupload] looking at format d3d11/rgbaf16
[ 282.638][d][hwupload]   supports: nv12 p010 bgra x2bgr10 rgbaf16 vuyx yuyv422 y210 xv30 y216 xv48 y212 xv36 yuv420p
[ 282.638][d][hwupload] looking at format d3d11/vuyx
[ 282.638][d][hwupload]   supports: nv12 p010 bgra x2bgr10 rgbaf16 vuyx yuyv422 y210 xv30 y216 xv48 y212 xv36 yuv420p
[ 282.638][d][hwupload] looking at format d3d11/yuyv422
[ 282.638][d][hwupload]   not supported by VO
[ 282.638][d][hwupload] looking at format d3d11/y210
[ 282.638][d][hwupload]   not supported by VO
[ 282.638][d][hwupload] looking at format d3d11/xv30
[ 282.638][d][hwupload]   supports: nv12 p010 bgra x2bgr10 rgbaf16 vuyx yuyv422 y210 xv30 y216 xv48 y212 xv36 yuv420p
[ 282.638][d][hwupload] looking at format d3d11/y216
[ 282.638][d][hwupload]   not supported by VO
[ 282.638][d][hwupload] looking at format d3d11/xv48
[ 282.638][d][hwupload]   supports: nv12 p010 bgra x2bgr10 rgbaf16 vuyx yuyv422 y210 xv30 y216 xv48 y212 xv36 yuv420p
[ 282.638][d][hwupload] looking at format d3d11/y212
[ 282.638][d][hwupload]   not supported by VO
[ 282.638][d][hwupload] looking at format d3d11/xv36
[ 282.638][d][hwupload]   supports: nv12 p010 bgra x2bgr10 rgbaf16 vuyx yuyv422 y210 xv30 y216 xv48 y212 xv36 yuv420p
[ 282.638][d][hwupload] looking at format d3d11/yuv420p
[ 282.638][d][hwupload]   not supported by VO
[ 282.638][v][vf] [out] 1920x1080 d3d11[nv12] bt.709/bt.709/bt.1886/limited/display CL=mpeg2/4/h264 crop=1920x1080+0+0 A=none
[ 282.639][i][cplayer] VO: [gpu] 1920x1080 d3d11[nv12]
[ 282.639][v][cplayer] VO: Description: Shader-based GPU Renderer
[ 282.639][v][vo/gpu] reconfig to 1920x1080 d3d11[nv12] bt.709/bt.709/bt.1886/limited/display CL=mpeg2/4/h264 crop=1920x1080+0+0 A=none
[ 282.639][d][vo/gpu] max content size: 1920x1140
[ 282.639][d][vo/gpu] monitor size: 1920x1200
[ 282.640][v][vo/gpu] Resize: 1920x1200
[ 282.640][v][vo/gpu] Window size: 1920x1200 (Borders: l=0 t=0 r=0 b=0)
[ 282.640][v][vo/gpu] Video source: 1920x1080 (1:1)
[ 282.640][v][vo/gpu] Video display: (95, 0) 1729x1080 -> (0, 0) 1920x1200
[ 282.640][v][vo/gpu] Video scale: 1.110468/1.111111
[ 282.640][v][vo/gpu] OSD borders: l=-106 t=0 r=-107 b=0
[ 282.640][v][vo/gpu] Video borders: l=0 t=0 r=0 b=0
[ 282.640][v][vo/gpu] Reported display depth: 8
[ 282.640][v][vo/gpu] Testing FBO format rgba16hf
[ 282.640][d][vo/gpu] Resizing texture: 16x16
[ 282.640][v][vo/gpu] Using FBO format rgba16hf.
[ 282.640][v][vo/gpu] No advanced processing required. Enabling dumb mode.
[ 282.641][v][vo/gpu] Resize: 1920x1200
[ 282.641][v][vo/gpu] Window size: 1920x1200 (Borders: l=0 t=0 r=0 b=0)
[ 282.641][v][vo/gpu] Video source: 1920x1080 (1:1)
[ 282.641][v][vo/gpu] Video display: (95, 0) 1729x1080 -> (0, 0) 1920x1200
[ 282.641][v][vo/gpu] Video scale: 1.110468/1.111111
[ 282.641][v][vo/gpu] OSD borders: l=-106 t=0 r=-107 b=0
[ 282.641][v][vo/gpu] Video borders: l=0 t=0 r=0 b=0
[ 282.641][v][vo/gpu] Reported display depth: 8
[ 282.645][v][cplayer] first video frame after restart shown
[ 282.645][d][cplayer] starting video playback
[ 282.645][v][cplayer] playback restart complete @ 0.000000, audio=eof, video=playing (paused)
[ 287.628][v][ipc_172] Client connected
[ 287.628][v][cplayer] Set property: pause=true -> 1
[ 287.628][v][ipc_172] Client disconnected
[ 287.628][d][ipc_172] Destroying client handle...
[ 287.628][v][ipc_173] Client connected
[ 287.628][d][cplayer] Run command: loadfile, flags=64, args=[url="E:\\ВсякоеРазное\\Свалка\\Обои\\Wallsets\\Наборы\\Первый набор\\2655882090 — Last Summer Night.mp4", flags="replace", index="-1", options=""]
[ 287.628][v][cplayer] EOF code: 3  
[ 287.628][d][vd] Uninit decoder.
[ 287.628][v][ipc_173] Client disconnected
[ 287.628][d][ipc_173] Destroying client handle...
[ 287.630][v][ipc_174] Client connected
[ 287.632][d][cplayer] Terminating demuxers...
[ 287.632][d][cplayer] Done terminating demuxers.
[ 287.632][v][cplayer] finished playback, success (reason 2)
[ 287.632][v][cplayer] Running hook: ytdl_hook/on_after_end_file
[ 287.632][v][ipc_174] Client disconnected
[ 287.632][d][ipc_174] Destroying client handle...
[ 287.632][d][cplayer] Run command: del, flags=64, args=[name="user-data/mpv/ytdl/json-subprocess-result"]
[ 287.632][d][global] state path: 'watch_later' -> '-'
[ 287.632][v][cplayer] Running hook: ytdl_hook/on_load
[ 287.633][v][ipc_175] Client connected
[ 287.634][v][ipc_175] Client disconnected
[ 287.634][d][ipc_175] Destroying client handle...
[ 287.634][v][cplayer] Running hook: ytdl_hook/on_load
[ 287.634][v][ytdl_hook] playlist hook
[ 287.635][v][ifo_dvda] Opening E:\ВсякоеРазное\Свалка\Обои\Wallsets\Наборы\Первый набор\2655882090 — Last Summer Night.mp4
[ 287.635][v][ifo_dvdnav] Opening E:\ВсякоеРазное\Свалка\Обои\Wallsets\Наборы\Первый набор\2655882090 — Last Summer Night.mp4
[ 287.635][v][bdmv/bluray] Opening E:\ВсякоеРазное\Свалка\Обои\Wallsets\Наборы\Первый набор\2655882090 — Last Summer Night.mp4
[ 287.635][v][file] Opening E:\ВсякоеРазное\Свалка\Обои\Wallsets\Наборы\Первый набор\2655882090 — Last Summer Night.mp4
[ 287.635][d][file] resize stream to 131072 bytes, drop 0 bytes
[ 287.635][d][file] Stream opened successfully.
[ 287.635][v][demux] Trying demuxers for level=normal.
[ 287.635][d][demux] Trying demuxer: directory (force-level: normal)
[ 287.635][d][demux] Trying demuxer: disc (force-level: normal)
[ 287.635][d][demux] Trying demuxer: edl (force-level: normal)
[ 287.635][d][demux] Trying demuxer: cue (force-level: normal)
[ 287.635][d][demux] Trying demuxer: rawaudio (force-level: normal)
[ 287.635][d][demux] Trying demuxer: rawvideo (force-level: normal)
[ 287.635][d][demux] Trying demuxer: mkv (force-level: normal)
[ 287.635][d][demux] Trying demuxer: libarchive (force-level: normal)
[ 287.635][d][demux] Trying demuxer: subrandr (force-level: normal)
[ 287.635][d][demux] Trying demuxer: lavf (force-level: normal)
[ 287.638][v][lavf] Found 'mov,mp4,m4a,3gp,3g2,mj2' at score=100 size=2048.
[ 287.639][v][lavf] Could not set AVOption http_persistent='0'
[ 287.639][v][lavf] Could not set AVOption http_multiple='1'
[ 287.639][v][demux] Detected file format: mov,mp4,m4a,3gp,3g2,mj2 (libavformat)
[ 287.639][v][cplayer] Opening done: E:\ВсякоеРазное\Свалка\Обои\Wallsets\Наборы\Первый набор\2655882090 — Last Summer Night.mp4
[ 287.639][v][find_files] Loading external files in E:\ВсякоеРазное\Свалка\Обои\Wallsets\Наборы\Первый набор\
[ 287.640][v][cplayer] Running hook: ytdl_hook/on_preloaded
[ 287.640][v][lavf] select track 0
[ 287.640][i][cplayer] ● Video  --vid=1  (h264 1920x1080 30 fps 5533 kbps) [default]
[ 287.640][i][cplayer] ○ Audio  --aid=1  (aac 2ch 48000 Hz 192 kbps) [default]
[ 287.640][i][display-tags] File tags:
[ 287.640][i][display-tags]  Title: Last Summer Night.
[ 287.640][v][vd] Container reported FPS: 30.000000
[ 287.641][v][vd] Codec list:
[ 287.641][v][vd]     h264 - H.264 / AVC / MPEG-4 AVC / MPEG-4 part 10
[ 287.641][v][vd]     h264_qsv (h264) - H264 video (Intel Quick Sync Video acceleration)
[ 287.641][v][vd]     h264_amf (h264) - H264 AMD AMF video decoder
[ 287.641][v][vd]     h264_cuvid (h264) - Nvidia CUVID H264 decoder
[ 287.641][v][vd] Opening decoder h264
[ 287.641][v][vd] Looking at hwdec h264-d3d11va...
[ 287.641][v][vo/gpu] Loading hwdec drivers for format: 'd3d11'
[ 287.641][v][vo/gpu] Loading hwdec driver 'd3d11-egl'
[ 287.641][v][vo/gpu] Loading failed.
[ 287.641][v][vd] Trying hardware decoding via h264-d3d11va.
[ 287.641][v][vd] Requesting 4 threads for decoding.
[ 287.641][v][vd] Selected decoder: h264 - H.264 / AVC / MPEG-4 AVC / MPEG-4 part 10
[ 287.641][v][vf] User filter list:
[ 287.641][v][vf]   (empty)
[ 287.641][v][cplayer] Starting playback...
[ 287.642][v][vd] Pixel formats supported by decoder: vulkan cuda cuarray dxva2_vld d3d11va_vld d3d11 d3d12 vaapi yuv420p
[ 287.642][v][vd] Codec profile: High (0x64)
[ 287.644][v][vd] Allocated a fixed pool of 26 hw surfaces.
[ 287.645][v][vd] Requesting pixfmt 'd3d11' from decoder.
[ 287.645][d][ffmpeg/video] h264: Decoder GUIDs reported as supported:
[ 287.645][d][ffmpeg/video] h264: {86695f12-340e-4f04-9fd3-9253dd327460} 103 106
[ 287.645][d][ffmpeg/video] h264: {ee27417f-5e28-4e65-beea-1d26b508adc9} 103 106
[ 287.645][d][ffmpeg/video] h264: {6f3ec719-3735-42cc-8063-65cc3cb36616} 103 106
[ 287.645][d][ffmpeg/video] h264: {1b81bea4-a0c7-11d3-b984-00c04f2e73c5} 103 106
[ 287.645][d][ffmpeg/video] h264: {1b81bea3-a0c7-11d3-b984-00c04f2e73c5} 103 106
[ 287.645][d][ffmpeg/video] h264: {32fcfe3f-de46-4a49-861b-ac71110649d5} 103 106
[ 287.646][d][ffmpeg/video] h264: {d79be8da-0cf1-4c81-b82a-69a4e236f43d} 103 106
[ 287.646][d][ffmpeg/video] h264: {f9aaccbb-c2b6-4cfc-8779-5707b1760552} 103 106
[ 287.646][d][ffmpeg/video] h264: {1b81be68-a0c7-11d3-b984-00c04f2e73c5} 103 106
[ 287.646][d][ffmpeg/video] h264: {5b11d51b-2f4c-4452-bcc3-09f2a1160cc0} 103 106
[ 287.646][d][ffmpeg/video] h264: {107af0e0-ef1a-4d19-aba8-67a163073d13} 104 106
[ 287.647][d][ffmpeg/video] h264: {1a72925f-0c2c-4f15-96fb-b17d1473603f} 104 106
[ 287.647][d][ffmpeg/video] h264: {15df9b21-06c4-47f1-841e-a67c97d7f312} 103 106
[ 287.647][d][ffmpeg/video] h264: {efd64d74-c9e8-41d7-a5e9-e9b0e39fa319} 103 106
[ 287.647][d][ffmpeg/video] h264: {ed418a9f-010d-4eda-9ae3-9a65358d8d2e} 103 106
[ 287.647][d][ffmpeg/video] h264: {9947ec6f-689b-11dc-a320-0019dbbc4184} 103 106
[ 287.648][d][ffmpeg/video] h264: {33fcfe41-de46-4a49-861b-ac71110649d5} 103 106 107
[ 287.648][d][ffmpeg/video] h264: {463707f8-a1d0-4585-876d-83aa6d60b89e} 103 106
[ 287.648][d][ffmpeg/video] h264: {a4c749ef-6ecf-48aa-8448-50a7a1165ff7} 104 106
[ 287.648][d][ffmpeg/video] h264: {dda19dc7-93b5-49f5-a9b3-2bda28a2ce6e} 104 106
[ 287.648][d][ffmpeg/video] h264: {b8be4ccb-cf53-46ba-8d59-d6b8a6da5d2a} 103 104 106
[ 287.648][d][ffmpeg/video] h264: {6affd11e-1d96-42b1-a215-93a31f09a53d} 103 106
[ 287.649][d][ffmpeg/video] h264: {914c84a3-4078-4fa9-984c-e2f262cb5c9c} 103 106
[ 287.649][d][ffmpeg/video] h264: {8a1a1031-29bc-46d0-a007-e9b092ca6767} 103 106
[ 287.649][d][ffmpeg/video] h264: Reinit context to 1920x1088, pix_fmt: d3d11
[ 287.651][i][vd] Using hardware decoding (d3d11va).
[ 287.651][v][vd] Decoder format: 1920x1080 d3d11[nv12] bt.709/bt.709/srgb/limited/auto CL=mpeg2/4/h264 crop=1920x1080+0+0 A=none
[ 287.651][v][vd] Using container aspect ratio.
[ 287.651][v][vf] [in] 1920x1080 d3d11[nv12] bt.709/bt.709/srgb/limited/display CL=mpeg2/4/h264 crop=1920x1080+0+0 A=none
[ 287.651][v][vf] [userdeint] 1920x1080 d3d11[nv12] bt.709/bt.709/srgb/limited/display CL=mpeg2/4/h264 crop=1920x1080+0+0 A=none
[ 287.651][v][vf] [userdeint] (disabled)
[ 287.651][v][vf] [autovflip] 1920x1080 d3d11[nv12] bt.709/bt.709/srgb/limited/display CL=mpeg2/4/h264 crop=1920x1080+0+0 A=none
[ 287.651][v][vf] [autovflip] (disabled)
[ 287.651][v][vf] [autorotate] 1920x1080 d3d11[nv12] bt.709/bt.709/srgb/limited/display CL=mpeg2/4/h264 crop=1920x1080+0+0 A=none
[ 287.651][v][vf] [autorotate] (disabled)
[ 287.651][v][vf] [convert] 1920x1080 d3d11[nv12] bt.709/bt.709/srgb/limited/display CL=mpeg2/4/h264 crop=1920x1080+0+0 A=none
[ 287.651][v][vo/gpu] Loading hwdec drivers for format: 'd3d11'
[ 287.651][v][vo/gpu] Loading hwdec driver 'd3d11-egl'
[ 287.651][v][vo/gpu] Loading failed.
[ 287.651][d][hwupload] looking at format d3d11/nv12
[ 287.651][d][hwupload]   supports: nv12 p010 bgra x2bgr10 rgbaf16 vuyx yuyv422 y210 xv30 y216 xv48 y212 xv36 yuv420p
[ 287.651][d][hwupload] looking at format d3d11/p010
[ 287.651][d][hwupload]   supports: nv12 p010 bgra x2bgr10 rgbaf16 vuyx yuyv422 y210 xv30 y216 xv48 y212 xv36 yuv420p
[ 287.651][d][hwupload] looking at format d3d11/bgra
[ 287.651][d][hwupload]   supports: nv12 p010 bgra x2bgr10 rgbaf16 vuyx yuyv422 y210 xv30 y216 xv48 y212 xv36 yuv420p
[ 287.651][d][hwupload] looking at format d3d11/x2bgr10
[ 287.651][d][hwupload]   supports: nv12 p010 bgra x2bgr10 rgbaf16 vuyx yuyv422 y210 xv30 y216 xv48 y212 xv36 yuv420p
[ 287.651][d][hwupload] looking at format d3d11/rgbaf16
[ 287.651][d][hwupload]   supports: nv12 p010 bgra x2bgr10 rgbaf16 vuyx yuyv422 y210 xv30 y216 xv48 y212 xv36 yuv420p
[ 287.651][d][hwupload] looking at format d3d11/vuyx
[ 287.651][d][hwupload]   supports: nv12 p010 bgra x2bgr10 rgbaf16 vuyx yuyv422 y210 xv30 y216 xv48 y212 xv36 yuv420p
[ 287.651][d][hwupload] looking at format d3d11/yuyv422
[ 287.651][d][hwupload]   not supported by VO
[ 287.651][d][hwupload] looking at format d3d11/y210
[ 287.651][d][hwupload]   not supported by VO
[ 287.651][d][hwupload] looking at format d3d11/xv30
[ 287.651][d][hwupload]   supports: nv12 p010 bgra x2bgr10 rgbaf16 vuyx yuyv422 y210 xv30 y216 xv48 y212 xv36 yuv420p
[ 287.651][d][hwupload] looking at format d3d11/y216
[ 287.651][d][hwupload]   not supported by VO
[ 287.651][d][hwupload] looking at format d3d11/xv48
[ 287.651][d][hwupload]   supports: nv12 p010 bgra x2bgr10 rgbaf16 vuyx yuyv422 y210 xv30 y216 xv48 y212 xv36 yuv420p
[ 287.651][d][hwupload] looking at format d3d11/y212
[ 287.651][d][hwupload]   not supported by VO
[ 287.651][d][hwupload] looking at format d3d11/xv36
[ 287.651][d][hwupload]   supports: nv12 p010 bgra x2bgr10 rgbaf16 vuyx yuyv422 y210 xv30 y216 xv48 y212 xv36 yuv420p
[ 287.651][d][hwupload] looking at format d3d11/yuv420p
[ 287.651][d][hwupload]   not supported by VO
[ 287.651][v][vf] [out] 1920x1080 d3d11[nv12] bt.709/bt.709/srgb/limited/display CL=mpeg2/4/h264 crop=1920x1080+0+0 A=none
[ 287.652][i][cplayer] VO: [gpu] 1920x1080 d3d11[nv12]
[ 287.652][v][cplayer] VO: Description: Shader-based GPU Renderer
[ 287.652][v][vo/gpu] reconfig to 1920x1080 d3d11[nv12] bt.709/bt.709/srgb/limited/display CL=mpeg2/4/h264 crop=1920x1080+0+0 A=none
[ 287.652][d][vo/gpu] max content size: 1920x1140
[ 287.652][d][vo/gpu] monitor size: 1920x1200
[ 287.653][v][vo/gpu] Resize: 1920x1200
[ 287.653][v][vo/gpu] Window size: 1920x1200 (Borders: l=0 t=0 r=0 b=0)
[ 287.653][v][vo/gpu] Video source: 1920x1080 (1:1)
[ 287.653][v][vo/gpu] Video display: (95, 0) 1729x1080 -> (0, 0) 1920x1200
[ 287.653][v][vo/gpu] Video scale: 1.110468/1.111111
[ 287.653][v][vo/gpu] OSD borders: l=-106 t=0 r=-107 b=0
[ 287.653][v][vo/gpu] Video borders: l=0 t=0 r=0 b=0
[ 287.653][v][vo/gpu] Reported display depth: 8
[ 287.653][v][vo/gpu] Testing FBO format rgba16hf
[ 287.653][d][vo/gpu] Resizing texture: 16x16
[ 287.653][v][vo/gpu] Using FBO format rgba16hf.
[ 287.653][v][vo/gpu] No advanced processing required. Enabling dumb mode.
[ 287.654][v][vo/gpu] Resize: 1920x1200
[ 287.654][v][vo/gpu] Window size: 1920x1200 (Borders: l=0 t=0 r=0 b=0)
[ 287.654][v][vo/gpu] Video source: 1920x1080 (1:1)
[ 287.654][v][vo/gpu] Video display: (95, 0) 1729x1080 -> (0, 0) 1920x1200
[ 287.654][v][vo/gpu] Video scale: 1.110468/1.111111
[ 287.654][v][vo/gpu] OSD borders: l=-106 t=0 r=-107 b=0
[ 287.654][v][vo/gpu] Video borders: l=0 t=0 r=0 b=0
[ 287.654][v][vo/gpu] Reported display depth: 8
[ 287.656][v][cplayer] first video frame after restart shown
[ 287.656][d][cplayer] starting video playback
[ 287.656][v][cplayer] playback restart complete @ 0.000000, audio=eof, video=playing (paused)
[ 292.657][v][ipc_176] Client connected
[ 292.657][v][cplayer] Set property: pause=true -> 1
[ 292.657][v][ipc_176] Client disconnected
[ 292.657][d][ipc_176] Destroying client handle...
[ 292.657][v][ipc_177] Client connected
[ 292.657][d][cplayer] Run command: loadfile, flags=64, args=[url="E:\\ВсякоеРазное\\Свалка\\Обои\\Wallsets\\Наборы\\Первый набор\\2801506118 — Sky Star.mp4", flags="replace", index="-1", options=""]
[ 292.657][v][cplayer] EOF code: 3  
[ 292.657][d][vd] Uninit decoder.
[ 292.657][v][ipc_177] Client disconnected
[ 292.657][d][ipc_177] Destroying client handle...
[ 292.659][v][ipc_178] Client connected
[ 292.659][d][cplayer] Terminating demuxers...
[ 292.659][v][ipc_178] Client disconnected
[ 292.659][d][ipc_178] Destroying client handle...
[ 292.660][d][cplayer] Done terminating demuxers.
[ 292.660][v][cplayer] finished playback, success (reason 2)
[ 292.660][v][cplayer] Running hook: ytdl_hook/on_after_end_file
[ 292.660][v][ipc_179] Client connected
[ 292.660][d][cplayer] Run command: del, flags=64, args=[name="user-data/mpv/ytdl/json-subprocess-result"]
[ 292.660][d][global] state path: 'watch_later' -> '-'
[ 292.660][v][cplayer] Running hook: ytdl_hook/on_load
[ 292.661][v][ipc_179] Client disconnected
[ 292.661][d][ipc_179] Destroying client handle...
[ 292.662][v][cplayer] Running hook: ytdl_hook/on_load
[ 292.662][v][ytdl_hook] playlist hook
[ 292.663][v][ifo_dvda] Opening E:\ВсякоеРазное\Свалка\Обои\Wallsets\Наборы\Первый набор\2801506118 — Sky Star.mp4
[ 292.663][v][ifo_dvdnav] Opening E:\ВсякоеРазное\Свалка\Обои\Wallsets\Наборы\Первый набор\2801506118 — Sky Star.mp4
[ 292.663][v][bdmv/bluray] Opening E:\ВсякоеРазное\Свалка\Обои\Wallsets\Наборы\Первый набор\2801506118 — Sky Star.mp4
[ 292.663][v][file] Opening E:\ВсякоеРазное\Свалка\Обои\Wallsets\Наборы\Первый набор\2801506118 — Sky Star.mp4
[ 292.663][d][file] resize stream to 131072 bytes, drop 0 bytes
[ 292.663][d][file] Stream opened successfully.
[ 292.663][v][demux] Trying demuxers for level=normal.
[ 292.663][d][demux] Trying demuxer: directory (force-level: normal)
[ 292.663][d][demux] Trying demuxer: disc (force-level: normal)
[ 292.663][d][demux] Trying demuxer: edl (force-level: normal)
[ 292.663][d][demux] Trying demuxer: cue (force-level: normal)
[ 292.663][d][demux] Trying demuxer: rawaudio (force-level: normal)
[ 292.663][d][demux] Trying demuxer: rawvideo (force-level: normal)
[ 292.663][d][demux] Trying demuxer: mkv (force-level: normal)
[ 292.663][d][demux] Trying demuxer: libarchive (force-level: normal)
[ 292.663][d][demux] Trying demuxer: subrandr (force-level: normal)
[ 292.663][d][demux] Trying demuxer: lavf (force-level: normal)
[ 292.665][v][lavf] Found 'mov,mp4,m4a,3gp,3g2,mj2' at score=100 size=2048.
[ 292.666][v][lavf] Could not set AVOption http_persistent='0'
[ 292.666][v][lavf] Could not set AVOption http_multiple='1'
[ 292.666][v][demux] Detected file format: mov,mp4,m4a,3gp,3g2,mj2 (libavformat)
[ 292.666][v][cplayer] Opening done: E:\ВсякоеРазное\Свалка\Обои\Wallsets\Наборы\Первый набор\2801506118 — Sky Star.mp4
[ 292.667][v][find_files] Loading external files in E:\ВсякоеРазное\Свалка\Обои\Wallsets\Наборы\Первый набор\
[ 292.667][v][cplayer] Running hook: ytdl_hook/on_preloaded
[ 292.667][v][lavf] select track 0
[ 292.667][i][cplayer] ● Video  --vid=1  (h264 2560x1440 30 fps 996 kbps) [default]
[ 292.667][i][display-tags] File tags:
[ 292.667][i][display-tags]  Title: Sky Star
[ 292.667][v][vd] Container reported FPS: 30.000000
[ 292.668][v][vd] Codec list:
[ 292.668][v][vd]     h264 - H.264 / AVC / MPEG-4 AVC / MPEG-4 part 10
[ 292.668][v][vd]     h264_qsv (h264) - H264 video (Intel Quick Sync Video acceleration)
[ 292.668][v][vd]     h264_amf (h264) - H264 AMD AMF video decoder
[ 292.668][v][vd]     h264_cuvid (h264) - Nvidia CUVID H264 decoder
[ 292.668][v][vd] Opening decoder h264
[ 292.668][v][vd] Looking at hwdec h264-d3d11va...
[ 292.668][v][vo/gpu] Loading hwdec drivers for format: 'd3d11'
[ 292.668][v][vo/gpu] Loading hwdec driver 'd3d11-egl'
[ 292.668][v][vo/gpu] Loading failed.
[ 292.668][v][vd] Trying hardware decoding via h264-d3d11va.
[ 292.668][v][vd] Requesting 4 threads for decoding.
[ 292.668][v][vd] Selected decoder: h264 - H.264 / AVC / MPEG-4 AVC / MPEG-4 part 10
[ 292.668][v][vf] User filter list:
[ 292.668][v][vf]   (empty)
[ 292.668][v][cplayer] Starting playback...
[ 292.669][v][vd] Pixel formats supported by decoder: vulkan cuda cuarray dxva2_vld d3d11va_vld d3d11 d3d12 vaapi yuv420p
[ 292.669][v][vd] Codec profile: High (0x64)
[ 292.673][v][vd] Allocated a fixed pool of 26 hw surfaces.
[ 292.673][v][vd] Requesting pixfmt 'd3d11' from decoder.
[ 292.673][d][ffmpeg/video] h264: Decoder GUIDs reported as supported:
[ 292.673][d][ffmpeg/video] h264: {86695f12-340e-4f04-9fd3-9253dd327460} 103 106
[ 292.673][d][ffmpeg/video] h264: {ee27417f-5e28-4e65-beea-1d26b508adc9} 103 106
[ 292.674][d][ffmpeg/video] h264: {6f3ec719-3735-42cc-8063-65cc3cb36616} 103 106
[ 292.674][d][ffmpeg/video] h264: {1b81bea4-a0c7-11d3-b984-00c04f2e73c5} 103 106
[ 292.674][d][ffmpeg/video] h264: {1b81bea3-a0c7-11d3-b984-00c04f2e73c5} 103 106
[ 292.674][d][ffmpeg/video] h264: {32fcfe3f-de46-4a49-861b-ac71110649d5} 103 106
[ 292.674][d][ffmpeg/video] h264: {d79be8da-0cf1-4c81-b82a-69a4e236f43d} 103 106
[ 292.675][d][ffmpeg/video] h264: {f9aaccbb-c2b6-4cfc-8779-5707b1760552} 103 106
[ 292.675][d][ffmpeg/video] h264: {1b81be68-a0c7-11d3-b984-00c04f2e73c5} 103 106
[ 292.675][d][ffmpeg/video] h264: {5b11d51b-2f4c-4452-bcc3-09f2a1160cc0} 103 106
[ 292.675][d][ffmpeg/video] h264: {107af0e0-ef1a-4d19-aba8-67a163073d13} 104 106
[ 292.675][d][ffmpeg/video] h264: {1a72925f-0c2c-4f15-96fb-b17d1473603f} 104 106
[ 292.675][d][ffmpeg/video] h264: {15df9b21-06c4-47f1-841e-a67c97d7f312} 103 106
[ 292.676][d][ffmpeg/video] h264: {efd64d74-c9e8-41d7-a5e9-e9b0e39fa319} 103 106
[ 292.676][d][ffmpeg/video] h264: {ed418a9f-010d-4eda-9ae3-9a65358d8d2e} 103 106
[ 292.676][d][ffmpeg/video] h264: {9947ec6f-689b-11dc-a320-0019dbbc4184} 103 106
[ 292.676][d][ffmpeg/video] h264: {33fcfe41-de46-4a49-861b-ac71110649d5} 103 106 107
[ 292.676][d][ffmpeg/video] h264: {463707f8-a1d0-4585-876d-83aa6d60b89e} 103 106
[ 292.676][d][ffmpeg/video] h264: {a4c749ef-6ecf-48aa-8448-50a7a1165ff7} 104 106
[ 292.676][d][ffmpeg/video] h264: {dda19dc7-93b5-49f5-a9b3-2bda28a2ce6e} 104 106
[ 292.677][d][ffmpeg/video] h264: {b8be4ccb-cf53-46ba-8d59-d6b8a6da5d2a} 103 104 106
[ 292.677][d][ffmpeg/video] h264: {6affd11e-1d96-42b1-a215-93a31f09a53d} 103 106
[ 292.677][d][ffmpeg/video] h264: {914c84a3-4078-4fa9-984c-e2f262cb5c9c} 103 106
[ 292.677][d][ffmpeg/video] h264: {8a1a1031-29bc-46d0-a007-e9b092ca6767} 103 106
[ 292.677][d][ffmpeg/video] h264: Reinit context to 2560x1440, pix_fmt: d3d11
[ 292.683][i][vd] Using hardware decoding (d3d11va).
[ 292.683][v][vd] Decoder format: 2560x1440 d3d11[nv12] bt.709/bt.709/srgb/limited/auto CL=mpeg2/4/h264 crop=2560x1440+0+0 A=none
[ 292.683][v][vd] Using container aspect ratio.
[ 292.683][v][vf] [in] 2560x1440 d3d11[nv12] bt.709/bt.709/srgb/limited/display CL=mpeg2/4/h264 crop=2560x1440+0+0 A=none
[ 292.683][v][vf] [userdeint] 2560x1440 d3d11[nv12] bt.709/bt.709/srgb/limited/display CL=mpeg2/4/h264 crop=2560x1440+0+0 A=none
[ 292.683][v][vf] [userdeint] (disabled)
[ 292.683][v][vf] [autovflip] 2560x1440 d3d11[nv12] bt.709/bt.709/srgb/limited/display CL=mpeg2/4/h264 crop=2560x1440+0+0 A=none
[ 292.683][v][vf] [autovflip] (disabled)
[ 292.683][v][vf] [autorotate] 2560x1440 d3d11[nv12] bt.709/bt.709/srgb/limited/display CL=mpeg2/4/h264 crop=2560x1440+0+0 A=none
[ 292.683][v][vf] [autorotate] (disabled)
[ 292.683][v][vf] [convert] 2560x1440 d3d11[nv12] bt.709/bt.709/srgb/limited/display CL=mpeg2/4/h264 crop=2560x1440+0+0 A=none
[ 292.683][v][vo/gpu] Loading hwdec drivers for format: 'd3d11'
[ 292.683][v][vo/gpu] Loading hwdec driver 'd3d11-egl'
[ 292.683][v][vo/gpu] Loading failed.
[ 292.683][d][hwupload] looking at format d3d11/nv12
[ 292.683][d][hwupload]   supports: nv12 p010 bgra x2bgr10 rgbaf16 vuyx yuyv422 y210 xv30 y216 xv48 y212 xv36 yuv420p
[ 292.683][d][hwupload] looking at format d3d11/p010
[ 292.683][d][hwupload]   supports: nv12 p010 bgra x2bgr10 rgbaf16 vuyx yuyv422 y210 xv30 y216 xv48 y212 xv36 yuv420p
[ 292.683][d][hwupload] looking at format d3d11/bgra
[ 292.683][d][hwupload]   supports: nv12 p010 bgra x2bgr10 rgbaf16 vuyx yuyv422 y210 xv30 y216 xv48 y212 xv36 yuv420p
[ 292.683][d][hwupload] looking at format d3d11/x2bgr10
[ 292.683][d][hwupload]   supports: nv12 p010 bgra x2bgr10 rgbaf16 vuyx yuyv422 y210 xv30 y216 xv48 y212 xv36 yuv420p
[ 292.683][d][hwupload] looking at format d3d11/rgbaf16
[ 292.683][d][hwupload]   supports: nv12 p010 bgra x2bgr10 rgbaf16 vuyx yuyv422 y210 xv30 y216 xv48 y212 xv36 yuv420p
[ 292.683][d][hwupload] looking at format d3d11/vuyx
[ 292.683][d][hwupload]   supports: nv12 p010 bgra x2bgr10 rgbaf16 vuyx yuyv422 y210 xv30 y216 xv48 y212 xv36 yuv420p
[ 292.683][d][hwupload] looking at format d3d11/yuyv422
[ 292.683][d][hwupload]   not supported by VO
[ 292.683][d][hwupload] looking at format d3d11/y210
[ 292.683][d][hwupload]   not supported by VO
[ 292.683][d][hwupload] looking at format d3d11/xv30
[ 292.683][d][hwupload]   supports: nv12 p010 bgra x2bgr10 rgbaf16 vuyx yuyv422 y210 xv30 y216 xv48 y212 xv36 yuv420p
[ 292.683][d][hwupload] looking at format d3d11/y216
[ 292.683][d][hwupload]   not supported by VO
[ 292.683][d][hwupload] looking at format d3d11/xv48
[ 292.683][d][hwupload]   supports: nv12 p010 bgra x2bgr10 rgbaf16 vuyx yuyv422 y210 xv30 y216 xv48 y212 xv36 yuv420p
[ 292.683][d][hwupload] looking at format d3d11/y212
[ 292.683][d][hwupload]   not supported by VO
[ 292.683][d][hwupload] looking at format d3d11/xv36
[ 292.683][d][hwupload]   supports: nv12 p010 bgra x2bgr10 rgbaf16 vuyx yuyv422 y210 xv30 y216 xv48 y212 xv36 yuv420p
[ 292.683][d][hwupload] looking at format d3d11/yuv420p
[ 292.683][d][hwupload]   not supported by VO
[ 292.683][v][vf] [out] 2560x1440 d3d11[nv12] bt.709/bt.709/srgb/limited/display CL=mpeg2/4/h264 crop=2560x1440+0+0 A=none
[ 292.683][i][cplayer] VO: [gpu] 2560x1440 d3d11[nv12]
[ 292.683][v][cplayer] VO: Description: Shader-based GPU Renderer
[ 292.683][v][vo/gpu] reconfig to 2560x1440 d3d11[nv12] bt.709/bt.709/srgb/limited/display CL=mpeg2/4/h264 crop=2560x1440+0+0 A=none
[ 292.684][d][vo/gpu] max content size: 1920x1140
[ 292.684][d][vo/gpu] monitor size: 1920x1200
[ 292.689][v][vo/gpu] Resize: 1920x1200
[ 292.689][v][vo/gpu] Window size: 1920x1200 (Borders: l=0 t=0 r=0 b=0)
[ 292.689][v][vo/gpu] Video source: 2560x1440 (1:1)
[ 292.689][v][vo/gpu] Video display: (127, 0) 2305x1440 -> (0, 0) 1920x1200
[ 292.689][v][vo/gpu] Video scale: 0.832972/0.833333
[ 292.689][v][vo/gpu] OSD borders: l=-106 t=0 r=-107 b=0
[ 292.689][v][vo/gpu] Video borders: l=0 t=0 r=0 b=0
[ 292.689][v][vo/gpu] Reported display depth: 8
[ 292.689][v][vo/gpu] Testing FBO format rgba16hf
[ 292.689][d][vo/gpu] Resizing texture: 16x16
[ 292.689][v][vo/gpu] Using FBO format rgba16hf.
[ 292.689][v][vo/gpu] No advanced processing required. Enabling dumb mode.
[ 292.690][v][vo/gpu] Resize: 1920x1200
[ 292.690][v][vo/gpu] Window size: 1920x1200 (Borders: l=0 t=0 r=0 b=0)
[ 292.690][v][vo/gpu] Video source: 2560x1440 (1:1)
[ 292.690][v][vo/gpu] Video display: (127, 0) 2305x1440 -> (0, 0) 1920x1200
[ 292.690][v][vo/gpu] Video scale: 0.832972/0.833333
[ 292.690][v][vo/gpu] OSD borders: l=-106 t=0 r=-107 b=0
[ 292.690][v][vo/gpu] Video borders: l=0 t=0 r=0 b=0
[ 292.690][v][vo/gpu] Reported display depth: 8
[ 292.695][v][cplayer] first video frame after restart shown
[ 292.695][d][cplayer] starting video playback
[ 292.695][v][cplayer] playback restart complete @ 0.000000, audio=eof, video=playing (paused)
[ 297.679][v][ipc_180] Client connected
[ 297.679][v][cplayer] Set property: pause=true -> 1
[ 297.679][v][ipc_180] Client disconnected
[ 297.679][d][ipc_180] Destroying client handle...
[ 297.680][v][ipc_181] Client connected
[ 297.680][d][cplayer] Run command: loadfile, flags=64, args=[url="E:\\ВсякоеРазное\\Свалка\\Обои\\Wallsets\\Наборы\\Первый набор\\2842465196 — Green abyss [2K].mp4", flags="replace", index="-1", options=""]
[ 297.680][v][cplayer] EOF code: 3  
[ 297.680][d][vd] Uninit decoder.
[ 297.680][v][ipc_181] Client disconnected
[ 297.680][d][ipc_181] Destroying client handle...
[ 297.681][v][ipc_182] Client connected
[ 297.682][d][cplayer] Terminating demuxers...
[ 297.683][v][ipc_182] Client disconnected
[ 297.683][d][ipc_182] Destroying client handle...
[ 297.683][d][cplayer] Done terminating demuxers.
[ 297.683][v][cplayer] finished playback, success (reason 2)
[ 297.683][v][cplayer] Running hook: ytdl_hook/on_after_end_file
[ 297.683][v][ipc_183] Client connected
[ 297.684][d][cplayer] Run command: del, flags=64, args=[name="user-data/mpv/ytdl/json-subprocess-result"]
[ 297.684][d][global] state path: 'watch_later' -> '-'
[ 297.684][v][cplayer] Running hook: ytdl_hook/on_load
[ 297.684][v][ipc_183] Client disconnected
[ 297.684][d][ipc_183] Destroying client handle...
[ 297.684][v][cplayer] Running hook: ytdl_hook/on_load
[ 297.684][v][ytdl_hook] playlist hook
[ 297.685][v][ifo_dvda] Opening E:\ВсякоеРазное\Свалка\Обои\Wallsets\Наборы\Первый набор\2842465196 — Green abyss [2K].mp4
[ 297.686][v][ifo_dvdnav] Opening E:\ВсякоеРазное\Свалка\Обои\Wallsets\Наборы\Первый набор\2842465196 — Green abyss [2K].mp4
[ 297.686][v][bdmv/bluray] Opening E:\ВсякоеРазное\Свалка\Обои\Wallsets\Наборы\Первый набор\2842465196 — Green abyss [2K].mp4
[ 297.686][v][file] Opening E:\ВсякоеРазное\Свалка\Обои\Wallsets\Наборы\Первый набор\2842465196 — Green abyss [2K].mp4
[ 297.686][d][file] resize stream to 131072 bytes, drop 0 bytes
[ 297.686][d][file] Stream opened successfully.
[ 297.686][v][demux] Trying demuxers for level=normal.
[ 297.686][d][demux] Trying demuxer: directory (force-level: normal)
[ 297.686][d][demux] Trying demuxer: disc (force-level: normal)
[ 297.686][d][demux] Trying demuxer: edl (force-level: normal)
[ 297.686][d][demux] Trying demuxer: cue (force-level: normal)
[ 297.686][d][demux] Trying demuxer: rawaudio (force-level: normal)
[ 297.686][d][demux] Trying demuxer: rawvideo (force-level: normal)
[ 297.687][d][demux] Trying demuxer: mkv (force-level: normal)
[ 297.687][d][demux] Trying demuxer: libarchive (force-level: normal)
[ 297.687][d][demux] Trying demuxer: subrandr (force-level: normal)
[ 297.687][d][demux] Trying demuxer: lavf (force-level: normal)
[ 297.688][v][lavf] Found 'mov,mp4,m4a,3gp,3g2,mj2' at score=100 size=2048.
[ 297.689][v][file] stream level seek from 131072 to 20355866
[ 297.689][v][lavf] Could not set AVOption http_persistent='0'
[ 297.689][v][lavf] Could not set AVOption http_multiple='1'
[ 297.689][v][demux] Detected file format: mov,mp4,m4a,3gp,3g2,mj2 (libavformat)
[ 297.689][v][cplayer] Opening done: E:\ВсякоеРазное\Свалка\Обои\Wallsets\Наборы\Первый набор\2842465196 — Green abyss [2K].mp4
[ 297.690][v][find_files] Loading external files in E:\ВсякоеРазное\Свалка\Обои\Wallsets\Наборы\Первый набор\
[ 297.690][v][cplayer] Running hook: ytdl_hook/on_preloaded
[ 297.690][v][lavf] select track 0
[ 297.690][i][cplayer] ● Video  --vid=1  (h264 2560x1440 30 fps 8140 kbps) [default]
[ 297.690][i][cplayer] ○ Audio  --aid=1  (aac 2ch 44100 Hz 2 kbps) [default]
[ 297.690][v][vd] Container reported FPS: 30.000000
[ 297.691][v][vd] Codec list:
[ 297.691][v][vd]     h264 - H.264 / AVC / MPEG-4 AVC / MPEG-4 part 10
[ 297.691][v][vd]     h264_qsv (h264) - H264 video (Intel Quick Sync Video acceleration)
[ 297.691][v][vd]     h264_amf (h264) - H264 AMD AMF video decoder
[ 297.691][v][vd]     h264_cuvid (h264) - Nvidia CUVID H264 decoder
[ 297.691][v][vd] Opening decoder h264
[ 297.691][v][vd] Looking at hwdec h264-d3d11va...
[ 297.691][v][vo/gpu] Loading hwdec drivers for format: 'd3d11'
[ 297.691][v][vo/gpu] Loading hwdec driver 'd3d11-egl'
[ 297.691][v][vo/gpu] Loading failed.
[ 297.691][v][vd] Trying hardware decoding via h264-d3d11va.
[ 297.691][v][vd] Requesting 4 threads for decoding.
[ 297.691][v][vd] Selected decoder: h264 - H.264 / AVC / MPEG-4 AVC / MPEG-4 part 10
[ 297.691][v][vf] User filter list:
[ 297.691][v][vf]   (empty)
[ 297.691][v][cplayer] Starting playback...
[ 297.691][v][file] stream level seek from 20374310 to 72
[ 297.692][v][vd] Pixel formats supported by decoder: vulkan cuda cuarray dxva2_vld d3d11va_vld d3d11 d3d12 vaapi yuv420p
[ 297.692][v][vd] Codec profile: Constrained Baseline (0x242)
[ 297.699][v][vd] Allocated a fixed pool of 26 hw surfaces.
[ 297.699][v][vd] Requesting pixfmt 'd3d11' from decoder.
[ 297.699][d][ffmpeg/video] h264: Decoder GUIDs reported as supported:
[ 297.699][d][ffmpeg/video] h264: {86695f12-340e-4f04-9fd3-9253dd327460} 103 106
[ 297.699][d][ffmpeg/video] h264: {ee27417f-5e28-4e65-beea-1d26b508adc9} 103 106
[ 297.699][d][ffmpeg/video] h264: {6f3ec719-3735-42cc-8063-65cc3cb36616} 103 106
[ 297.699][d][ffmpeg/video] h264: {1b81bea4-a0c7-11d3-b984-00c04f2e73c5} 103 106
[ 297.700][d][ffmpeg/video] h264: {1b81bea3-a0c7-11d3-b984-00c04f2e73c5} 103 106
[ 297.700][d][ffmpeg/video] h264: {32fcfe3f-de46-4a49-861b-ac71110649d5} 103 106
[ 297.700][d][ffmpeg/video] h264: {d79be8da-0cf1-4c81-b82a-69a4e236f43d} 103 106
[ 297.700][d][ffmpeg/video] h264: {f9aaccbb-c2b6-4cfc-8779-5707b1760552} 103 106
[ 297.701][d][ffmpeg/video] h264: {1b81be68-a0c7-11d3-b984-00c04f2e73c5} 103 106
[ 297.701][d][ffmpeg/video] h264: {5b11d51b-2f4c-4452-bcc3-09f2a1160cc0} 103 106
[ 297.701][d][ffmpeg/video] h264: {107af0e0-ef1a-4d19-aba8-67a163073d13} 104 106
[ 297.701][d][ffmpeg/video] h264: {1a72925f-0c2c-4f15-96fb-b17d1473603f} 104 106
[ 297.702][d][ffmpeg/video] h264: {15df9b21-06c4-47f1-841e-a67c97d7f312} 103 106
[ 297.702][d][ffmpeg/video] h264: {efd64d74-c9e8-41d7-a5e9-e9b0e39fa319} 103 106
[ 297.702][d][ffmpeg/video] h264: {ed418a9f-010d-4eda-9ae3-9a65358d8d2e} 103 106
[ 297.702][d][ffmpeg/video] h264: {9947ec6f-689b-11dc-a320-0019dbbc4184} 103 106
[ 297.702][d][ffmpeg/video] h264: {33fcfe41-de46-4a49-861b-ac71110649d5} 103 106 107
[ 297.703][d][ffmpeg/video] h264: {463707f8-a1d0-4585-876d-83aa6d60b89e} 103 106
[ 297.703][d][ffmpeg/video] h264: {a4c749ef-6ecf-48aa-8448-50a7a1165ff7} 104 106
[ 297.703][d][ffmpeg/video] h264: {dda19dc7-93b5-49f5-a9b3-2bda28a2ce6e} 104 106
[ 297.703][d][ffmpeg/video] h264: {b8be4ccb-cf53-46ba-8d59-d6b8a6da5d2a} 103 104 106
[ 297.703][d][ffmpeg/video] h264: {6affd11e-1d96-42b1-a215-93a31f09a53d} 103 106
[ 297.704][d][ffmpeg/video] h264: {914c84a3-4078-4fa9-984c-e2f262cb5c9c} 103 106
[ 297.704][d][ffmpeg/video] h264: {8a1a1031-29bc-46d0-a007-e9b092ca6767} 103 106
[ 297.704][d][ffmpeg/video] h264: Reinit context to 2560x1440, pix_fmt: d3d11
[ 297.707][i][vd] Using hardware decoding (d3d11va).
[ 297.707][v][vd] Decoder format: 2560x1440 [0:1] d3d11[nv12] auto/auto/auto/auto/auto CL=mpeg2/4/h264 crop=2560x1440+0+0 A=none
[ 297.707][v][vd] Using container aspect ratio.
[ 297.707][v][vf] [in] 2560x1440 d3d11[nv12] bt.709/bt.709/bt.1886/limited/display CL=mpeg2/4/h264 crop=2560x1440+0+0 A=none
[ 297.707][v][vf] [userdeint] 2560x1440 d3d11[nv12] bt.709/bt.709/bt.1886/limited/display CL=mpeg2/4/h264 crop=2560x1440+0+0 A=none
[ 297.707][v][vf] [userdeint] (disabled)
[ 297.707][v][vf] [autovflip] 2560x1440 d3d11[nv12] bt.709/bt.709/bt.1886/limited/display CL=mpeg2/4/h264 crop=2560x1440+0+0 A=none
[ 297.707][v][vf] [autovflip] (disabled)
[ 297.707][v][vf] [autorotate] 2560x1440 d3d11[nv12] bt.709/bt.709/bt.1886/limited/display CL=mpeg2/4/h264 crop=2560x1440+0+0 A=none
[ 297.707][v][vf] [autorotate] (disabled)
[ 297.707][v][vf] [convert] 2560x1440 d3d11[nv12] bt.709/bt.709/bt.1886/limited/display CL=mpeg2/4/h264 crop=2560x1440+0+0 A=none
[ 297.707][v][vo/gpu] Loading hwdec drivers for format: 'd3d11'
[ 297.707][v][vo/gpu] Loading hwdec driver 'd3d11-egl'
[ 297.707][v][vo/gpu] Loading failed.
[ 297.707][d][hwupload] looking at format d3d11/nv12
[ 297.707][d][hwupload]   supports: nv12 p010 bgra x2bgr10 rgbaf16 vuyx yuyv422 y210 xv30 y216 xv48 y212 xv36 yuv420p
[ 297.707][d][hwupload] looking at format d3d11/p010
[ 297.707][d][hwupload]   supports: nv12 p010 bgra x2bgr10 rgbaf16 vuyx yuyv422 y210 xv30 y216 xv48 y212 xv36 yuv420p
[ 297.707][d][hwupload] looking at format d3d11/bgra
[ 297.707][d][hwupload]   supports: nv12 p010 bgra x2bgr10 rgbaf16 vuyx yuyv422 y210 xv30 y216 xv48 y212 xv36 yuv420p
[ 297.707][d][hwupload] looking at format d3d11/x2bgr10
[ 297.707][d][hwupload]   supports: nv12 p010 bgra x2bgr10 rgbaf16 vuyx yuyv422 y210 xv30 y216 xv48 y212 xv36 yuv420p
[ 297.707][d][hwupload] looking at format d3d11/rgbaf16
[ 297.707][d][hwupload]   supports: nv12 p010 bgra x2bgr10 rgbaf16 vuyx yuyv422 y210 xv30 y216 xv48 y212 xv36 yuv420p
[ 297.707][d][hwupload] looking at format d3d11/vuyx
[ 297.707][d][hwupload]   supports: nv12 p010 bgra x2bgr10 rgbaf16 vuyx yuyv422 y210 xv30 y216 xv48 y212 xv36 yuv420p
[ 297.707][d][hwupload] looking at format d3d11/yuyv422
[ 297.707][d][hwupload]   not supported by VO
[ 297.707][d][hwupload] looking at format d3d11/y210
[ 297.707][d][hwupload]   not supported by VO
[ 297.707][d][hwupload] looking at format d3d11/xv30
[ 297.707][d][hwupload]   supports: nv12 p010 bgra x2bgr10 rgbaf16 vuyx yuyv422 y210 xv30 y216 xv48 y212 xv36 yuv420p
[ 297.707][d][hwupload] looking at format d3d11/y216
[ 297.707][d][hwupload]   not supported by VO
[ 297.707][d][hwupload] looking at format d3d11/xv48
[ 297.707][d][hwupload]   supports: nv12 p010 bgra x2bgr10 rgbaf16 vuyx yuyv422 y210 xv30 y216 xv48 y212 xv36 yuv420p
[ 297.707][d][hwupload] looking at format d3d11/y212
[ 297.707][d][hwupload]   not supported by VO
[ 297.707][d][hwupload] looking at format d3d11/xv36
[ 297.707][d][hwupload]   supports: nv12 p010 bgra x2bgr10 rgbaf16 vuyx yuyv422 y210 xv30 y216 xv48 y212 xv36 yuv420p
[ 297.707][d][hwupload] looking at format d3d11/yuv420p
[ 297.707][d][hwupload]   not supported by VO
[ 297.707][v][vf] [out] 2560x1440 d3d11[nv12] bt.709/bt.709/bt.1886/limited/display CL=mpeg2/4/h264 crop=2560x1440+0+0 A=none
[ 297.708][i][cplayer] VO: [gpu] 2560x1440 d3d11[nv12]
[ 297.708][v][cplayer] VO: Description: Shader-based GPU Renderer
[ 297.708][v][vo/gpu] reconfig to 2560x1440 d3d11[nv12] bt.709/bt.709/bt.1886/limited/display CL=mpeg2/4/h264 crop=2560x1440+0+0 A=none
[ 297.708][d][vo/gpu] max content size: 1920x1140
[ 297.708][d][vo/gpu] monitor size: 1920x1200
[ 297.708][v][vo/gpu] Resize: 1920x1200
[ 297.708][v][vo/gpu] Window size: 1920x1200 (Borders: l=0 t=0 r=0 b=0)
[ 297.708][v][vo/gpu] Video source: 2560x1440 (1:1)
[ 297.709][v][vo/gpu] Video display: (127, 0) 2305x1440 -> (0, 0) 1920x1200
[ 297.709][v][vo/gpu] Video scale: 0.832972/0.833333
[ 297.709][v][vo/gpu] OSD borders: l=-106 t=0 r=-107 b=0
[ 297.709][v][vo/gpu] Video borders: l=0 t=0 r=0 b=0
[ 297.709][v][vo/gpu] Reported display depth: 8
[ 297.709][v][vo/gpu] Testing FBO format rgba16hf
[ 297.709][d][vo/gpu] Resizing texture: 16x16
[ 297.709][v][vo/gpu] Using FBO format rgba16hf.
[ 297.709][v][vo/gpu] No advanced processing required. Enabling dumb mode.
[ 297.709][v][vo/gpu] Resize: 1920x1200
[ 297.709][v][vo/gpu] Window size: 1920x1200 (Borders: l=0 t=0 r=0 b=0)
[ 297.709][v][vo/gpu] Video source: 2560x1440 (1:1)
[ 297.709][v][vo/gpu] Video display: (127, 0) 2305x1440 -> (0, 0) 1920x1200
[ 297.709][v][vo/gpu] Video scale: 0.832972/0.833333
[ 297.709][v][vo/gpu] OSD borders: l=-106 t=0 r=-107 b=0
[ 297.710][v][vo/gpu] Video borders: l=0 t=0 r=0 b=0
[ 297.710][v][vo/gpu] Reported display depth: 8
[ 297.716][v][cplayer] first video frame after restart shown
[ 297.716][d][cplayer] starting video playback
[ 297.716][v][cplayer] playback restart complete @ 0.000000, audio=eof, video=playing (paused)
[ 302.665][v][ipc_184] Client connected
[ 302.665][v][cplayer] Set property: pause=true -> 1
[ 302.665][v][ipc_184] Client disconnected
[ 302.665][d][ipc_184] Destroying client handle...
[ 302.665][v][ipc_185] Client connected
[ 302.665][d][cplayer] Run command: loadfile, flags=64, args=[url="E:\\ВсякоеРазное\\Свалка\\Обои\\Wallsets\\Наборы\\Первый набор\\3274519787 — Dark goth angel.mp4", flags="replace", index="-1", options=""]
[ 302.665][v][cplayer] EOF code: 3  
[ 302.665][d][vd] Uninit decoder.
[ 302.665][v][ipc_185] Client disconnected
[ 302.665][d][ipc_185] Destroying client handle...
[ 302.667][d][cplayer] Terminating demuxers...
[ 302.667][d][cplayer] Done terminating demuxers.
[ 302.667][v][cplayer] finished playback, success (reason 2)
[ 302.667][v][cplayer] Running hook: ytdl_hook/on_after_end_file
[ 302.669][d][cplayer] Run command: del, flags=64, args=[name="user-data/mpv/ytdl/json-subprocess-result"]
[ 302.670][d][global] state path: 'watch_later' -> '-'
[ 302.670][v][cplayer] Running hook: ytdl_hook/on_load
[ 302.671][v][cplayer] Running hook: ytdl_hook/on_load
[ 302.671][v][ytdl_hook] playlist hook
[ 302.672][v][ifo_dvda] Opening E:\ВсякоеРазное\Свалка\Обои\Wallsets\Наборы\Первый набор\3274519787 — Dark goth angel.mp4
[ 302.672][v][ifo_dvdnav] Opening E:\ВсякоеРазное\Свалка\Обои\Wallsets\Наборы\Первый набор\3274519787 — Dark goth angel.mp4
[ 302.672][v][bdmv/bluray] Opening E:\ВсякоеРазное\Свалка\Обои\Wallsets\Наборы\Первый набор\3274519787 — Dark goth angel.mp4
[ 302.672][v][file] Opening E:\ВсякоеРазное\Свалка\Обои\Wallsets\Наборы\Первый набор\3274519787 — Dark goth angel.mp4
[ 302.672][d][file] resize stream to 131072 bytes, drop 0 bytes
[ 302.672][d][file] Stream opened successfully.
[ 302.672][v][demux] Trying demuxers for level=normal.
[ 302.672][d][demux] Trying demuxer: directory (force-level: normal)
[ 302.672][d][demux] Trying demuxer: disc (force-level: normal)
[ 302.672][d][demux] Trying demuxer: edl (force-level: normal)
[ 302.672][d][demux] Trying demuxer: cue (force-level: normal)
[ 302.672][d][demux] Trying demuxer: rawaudio (force-level: normal)
[ 302.672][d][demux] Trying demuxer: rawvideo (force-level: normal)
[ 302.672][d][demux] Trying demuxer: mkv (force-level: normal)
[ 302.672][d][demux] Trying demuxer: libarchive (force-level: normal)
[ 302.672][d][demux] Trying demuxer: subrandr (force-level: normal)
[ 302.672][d][demux] Trying demuxer: lavf (force-level: normal)
[ 302.675][v][lavf] Found 'mov,mp4,m4a,3gp,3g2,mj2' at score=100 size=2048.
[ 302.676][v][lavf] Could not set AVOption http_persistent='0'
[ 302.676][v][lavf] Could not set AVOption http_multiple='1'
[ 302.676][v][demux] Detected file format: mov,mp4,m4a,3gp,3g2,mj2 (libavformat)
[ 302.676][v][cplayer] Opening done: E:\ВсякоеРазное\Свалка\Обои\Wallsets\Наборы\Первый набор\3274519787 — Dark goth angel.mp4
[ 302.676][v][find_files] Loading external files in E:\ВсякоеРазное\Свалка\Обои\Wallsets\Наборы\Первый набор\
[ 302.677][v][cplayer] Running hook: ytdl_hook/on_preloaded
[ 302.677][v][lavf] select track 0
[ 302.677][i][cplayer] ● Video  --vid=1  (h264 2560x1440 30 fps 4951 kbps) [default]
[ 302.677][i][display-tags] File tags:
[ 302.677][i][display-tags]  Title: Dark goth angel
[ 302.677][v][vd] Container reported FPS: 30.000000
[ 302.677][v][vd] Codec list:
[ 302.677][v][vd]     h264 - H.264 / AVC / MPEG-4 AVC / MPEG-4 part 10
[ 302.677][v][vd]     h264_qsv (h264) - H264 video (Intel Quick Sync Video acceleration)
[ 302.677][v][vd]     h264_amf (h264) - H264 AMD AMF video decoder
[ 302.677][v][vd]     h264_cuvid (h264) - Nvidia CUVID H264 decoder
[ 302.677][v][vd] Opening decoder h264
[ 302.677][v][vd] Looking at hwdec h264-d3d11va...
[ 302.677][v][vo/gpu] Loading hwdec drivers for format: 'd3d11'
[ 302.677][v][vo/gpu] Loading hwdec driver 'd3d11-egl'
[ 302.677][v][vo/gpu] Loading failed.
[ 302.677][v][vd] Trying hardware decoding via h264-d3d11va.
[ 302.677][v][vd] Requesting 4 threads for decoding.
[ 302.677][v][vd] Selected decoder: h264 - H.264 / AVC / MPEG-4 AVC / MPEG-4 part 10
[ 302.677][v][vf] User filter list:
[ 302.677][v][vf]   (empty)
[ 302.678][v][cplayer] Starting playback...
[ 302.679][v][vd] Pixel formats supported by decoder: vulkan cuda cuarray dxva2_vld d3d11va_vld d3d11 d3d12 vaapi yuv420p
[ 302.679][v][vd] Codec profile: High (0x64)
[ 302.681][v][vd] Allocated a fixed pool of 26 hw surfaces.
[ 302.681][v][vd] Requesting pixfmt 'd3d11' from decoder.
[ 302.681][d][ffmpeg/video] h264: Decoder GUIDs reported as supported:
[ 302.681][d][ffmpeg/video] h264: {86695f12-340e-4f04-9fd3-9253dd327460} 103 106
[ 302.681][d][ffmpeg/video] h264: {ee27417f-5e28-4e65-beea-1d26b508adc9} 103 106
[ 302.681][d][ffmpeg/video] h264: {6f3ec719-3735-42cc-8063-65cc3cb36616} 103 106
[ 302.681][d][ffmpeg/video] h264: {1b81bea4-a0c7-11d3-b984-00c04f2e73c5} 103 106
[ 302.682][d][ffmpeg/video] h264: {1b81bea3-a0c7-11d3-b984-00c04f2e73c5} 103 106
[ 302.682][d][ffmpeg/video] h264: {32fcfe3f-de46-4a49-861b-ac71110649d5} 103 106
[ 302.682][d][ffmpeg/video] h264: {d79be8da-0cf1-4c81-b82a-69a4e236f43d} 103 106
[ 302.682][d][ffmpeg/video] h264: {f9aaccbb-c2b6-4cfc-8779-5707b1760552} 103 106
[ 302.682][d][ffmpeg/video] h264: {1b81be68-a0c7-11d3-b984-00c04f2e73c5} 103 106
[ 302.683][d][ffmpeg/video] h264: {5b11d51b-2f4c-4452-bcc3-09f2a1160cc0} 103 106
[ 302.683][d][ffmpeg/video] h264: {107af0e0-ef1a-4d19-aba8-67a163073d13} 104 106
[ 302.683][d][ffmpeg/video] h264: {1a72925f-0c2c-4f15-96fb-b17d1473603f} 104 106
[ 302.683][d][ffmpeg/video] h264: {15df9b21-06c4-47f1-841e-a67c97d7f312} 103 106
[ 302.683][d][ffmpeg/video] h264: {efd64d74-c9e8-41d7-a5e9-e9b0e39fa319} 103 106
[ 302.684][d][ffmpeg/video] h264: {ed418a9f-010d-4eda-9ae3-9a65358d8d2e} 103 106
[ 302.684][d][ffmpeg/video] h264: {9947ec6f-689b-11dc-a320-0019dbbc4184} 103 106
[ 302.684][d][ffmpeg/video] h264: {33fcfe41-de46-4a49-861b-ac71110649d5} 103 106 107
[ 302.684][d][ffmpeg/video] h264: {463707f8-a1d0-4585-876d-83aa6d60b89e} 103 106
[ 302.684][d][ffmpeg/video] h264: {a4c749ef-6ecf-48aa-8448-50a7a1165ff7} 104 106
[ 302.685][d][ffmpeg/video] h264: {dda19dc7-93b5-49f5-a9b3-2bda28a2ce6e} 104 106
[ 302.685][d][ffmpeg/video] h264: {b8be4ccb-cf53-46ba-8d59-d6b8a6da5d2a} 103 104 106
[ 302.685][d][ffmpeg/video] h264: {6affd11e-1d96-42b1-a215-93a31f09a53d} 103 106
[ 302.685][d][ffmpeg/video] h264: {914c84a3-4078-4fa9-984c-e2f262cb5c9c} 103 106
[ 302.685][d][ffmpeg/video] h264: {8a1a1031-29bc-46d0-a007-e9b092ca6767} 103 106
[ 302.686][d][ffmpeg/video] h264: Reinit context to 2560x1440, pix_fmt: d3d11
[ 302.689][i][vd] Using hardware decoding (d3d11va).
[ 302.689][v][vd] Decoder format: 2560x1440 d3d11[nv12] bt.709/bt.709/srgb/limited/auto CL=mpeg2/4/h264 crop=2560x1440+0+0 A=none
[ 302.689][v][vd] Using container aspect ratio.
[ 302.689][v][vf] [in] 2560x1440 d3d11[nv12] bt.709/bt.709/srgb/limited/display CL=mpeg2/4/h264 crop=2560x1440+0+0 A=none
[ 302.689][v][vf] [userdeint] 2560x1440 d3d11[nv12] bt.709/bt.709/srgb/limited/display CL=mpeg2/4/h264 crop=2560x1440+0+0 A=none
[ 302.689][v][vf] [userdeint] (disabled)
[ 302.689][v][vf] [autovflip] 2560x1440 d3d11[nv12] bt.709/bt.709/srgb/limited/display CL=mpeg2/4/h264 crop=2560x1440+0+0 A=none
[ 302.689][v][vf] [autovflip] (disabled)
[ 302.689][v][vf] [autorotate] 2560x1440 d3d11[nv12] bt.709/bt.709/srgb/limited/display CL=mpeg2/4/h264 crop=2560x1440+0+0 A=none
[ 302.689][v][vf] [autorotate] (disabled)
[ 302.689][v][vf] [convert] 2560x1440 d3d11[nv12] bt.709/bt.709/srgb/limited/display CL=mpeg2/4/h264 crop=2560x1440+0+0 A=none
[ 302.689][v][vo/gpu] Loading hwdec drivers for format: 'd3d11'
[ 302.689][v][vo/gpu] Loading hwdec driver 'd3d11-egl'
[ 302.689][v][vo/gpu] Loading failed.
[ 302.689][d][hwupload] looking at format d3d11/nv12
[ 302.689][d][hwupload]   supports: nv12 p010 bgra x2bgr10 rgbaf16 vuyx yuyv422 y210 xv30 y216 xv48 y212 xv36 yuv420p
[ 302.689][d][hwupload] looking at format d3d11/p010
[ 302.689][d][hwupload]   supports: nv12 p010 bgra x2bgr10 rgbaf16 vuyx yuyv422 y210 xv30 y216 xv48 y212 xv36 yuv420p
[ 302.689][d][hwupload] looking at format d3d11/bgra
[ 302.689][d][hwupload]   supports: nv12 p010 bgra x2bgr10 rgbaf16 vuyx yuyv422 y210 xv30 y216 xv48 y212 xv36 yuv420p
[ 302.689][d][hwupload] looking at format d3d11/x2bgr10
[ 302.689][d][hwupload]   supports: nv12 p010 bgra x2bgr10 rgbaf16 vuyx yuyv422 y210 xv30 y216 xv48 y212 xv36 yuv420p
[ 302.689][d][hwupload] looking at format d3d11/rgbaf16
[ 302.689][d][hwupload]   supports: nv12 p010 bgra x2bgr10 rgbaf16 vuyx yuyv422 y210 xv30 y216 xv48 y212 xv36 yuv420p
[ 302.689][d][hwupload] looking at format d3d11/vuyx
[ 302.689][d][hwupload]   supports: nv12 p010 bgra x2bgr10 rgbaf16 vuyx yuyv422 y210 xv30 y216 xv48 y212 xv36 yuv420p
[ 302.689][d][hwupload] looking at format d3d11/yuyv422
[ 302.689][d][hwupload]   not supported by VO
[ 302.689][d][hwupload] looking at format d3d11/y210
[ 302.689][d][hwupload]   not supported by VO
[ 302.689][d][hwupload] looking at format d3d11/xv30
[ 302.689][d][hwupload]   supports: nv12 p010 bgra x2bgr10 rgbaf16 vuyx yuyv422 y210 xv30 y216 xv48 y212 xv36 yuv420p
[ 302.689][d][hwupload] looking at format d3d11/y216
[ 302.689][d][hwupload]   not supported by VO
[ 302.689][d][hwupload] looking at format d3d11/xv48
[ 302.689][d][hwupload]   supports: nv12 p010 bgra x2bgr10 rgbaf16 vuyx yuyv422 y210 xv30 y216 xv48 y212 xv36 yuv420p
[ 302.689][d][hwupload] looking at format d3d11/y212
[ 302.689][d][hwupload]   not supported by VO
[ 302.689][d][hwupload] looking at format d3d11/xv36
[ 302.689][d][hwupload]   supports: nv12 p010 bgra x2bgr10 rgbaf16 vuyx yuyv422 y210 xv30 y216 xv48 y212 xv36 yuv420p
[ 302.689][d][hwupload] looking at format d3d11/yuv420p
[ 302.689][d][hwupload]   not supported by VO
[ 302.689][v][vf] [out] 2560x1440 d3d11[nv12] bt.709/bt.709/srgb/limited/display CL=mpeg2/4/h264 crop=2560x1440+0+0 A=none
[ 302.689][i][cplayer] VO: [gpu] 2560x1440 d3d11[nv12]
[ 302.689][v][cplayer] VO: Description: Shader-based GPU Renderer
[ 302.689][v][vo/gpu] reconfig to 2560x1440 d3d11[nv12] bt.709/bt.709/srgb/limited/display CL=mpeg2/4/h264 crop=2560x1440+0+0 A=none
[ 302.689][d][vo/gpu] max content size: 1920x1140
[ 302.689][d][vo/gpu] monitor size: 1920x1200
[ 302.690][v][vo/gpu] Resize: 1920x1200
[ 302.690][v][vo/gpu] Window size: 1920x1200 (Borders: l=0 t=0 r=0 b=0)
[ 302.690][v][vo/gpu] Video source: 2560x1440 (1:1)
[ 302.690][v][vo/gpu] Video display: (127, 0) 2305x1440 -> (0, 0) 1920x1200
[ 302.690][v][vo/gpu] Video scale: 0.832972/0.833333
[ 302.690][v][vo/gpu] OSD borders: l=-106 t=0 r=-107 b=0
[ 302.690][v][vo/gpu] Video borders: l=0 t=0 r=0 b=0
[ 302.690][v][vo/gpu] Reported display depth: 8
[ 302.690][v][vo/gpu] Testing FBO format rgba16hf
[ 302.690][d][vo/gpu] Resizing texture: 16x16
[ 302.690][v][vo/gpu] Using FBO format rgba16hf.
[ 302.690][v][vo/gpu] No advanced processing required. Enabling dumb mode.
[ 302.691][v][vo/gpu] Resize: 1920x1200
[ 302.691][v][vo/gpu] Window size: 1920x1200 (Borders: l=0 t=0 r=0 b=0)
[ 302.691][v][vo/gpu] Video source: 2560x1440 (1:1)
[ 302.691][v][vo/gpu] Video display: (127, 0) 2305x1440 -> (0, 0) 1920x1200
[ 302.691][v][vo/gpu] Video scale: 0.832972/0.833333
[ 302.691][v][vo/gpu] OSD borders: l=-106 t=0 r=-107 b=0
[ 302.691][v][vo/gpu] Video borders: l=0 t=0 r=0 b=0
[ 302.691][v][vo/gpu] Reported display depth: 8
[ 302.700][v][cplayer] first video frame after restart shown
[ 302.700][d][cplayer] starting video playback
[ 302.700][v][cplayer] playback restart complete @ 0.000000, audio=eof, video=playing (paused)
[ 303.674][v][ipc_186] Client connected
[ 303.674][v][ipc_186] Client disconnected
[ 303.674][d][ipc_186] Destroying client handle...
[ 303.674][v][ipc_187] Client connected
[ 303.674][v][ipc_187] Client disconnected
[ 303.674][d][ipc_187] Destroying client handle...
